  -9.6771481e+00	  -5.9297597e+00	   3.2532742e+01	
  -9.2972832e+00	  -5.4575833e+00	   3.2209338e+01	
  -8.9111891e+00	  -5.0385576e+00	   3.1832871e+01	
  -8.5245840e+00	  -4.6738012e+00	   3.1412581e+01	
  -8.1426721e+00	  -4.3629053e+00	   3.0957161e+01	
  -7.7700622e+00	  -4.1042487e+00	   3.0474559e+01	
  -7.4107243e+00	  -3.8953111e+00	   2.9971876e+01	
  -7.0679792e+00	  -3.7329652e+00	   2.9455325e+01	
  -6.7445154e+00	  -3.6137326e+00	   2.8930260e+01	
  -6.4424261e+00	  -3.5339984e+00	   2.8401224e+01	
  -6.1632622e+00	  -3.4901819e+00	   2.7872041e+01	
  -5.9080929e+00	  -3.4788662e+00	   2.7345903e+01	
  -5.6775724e+00	  -3.4968896e+00	   2.6825470e+01	
  -5.4720069e+00	  -3.5414060e+00	   2.6312964e+01	
  -5.2914189e+00	  -3.6099188e+00	   2.5810257e+01	
  -5.1356091e+00	  -3.7002940e+00	   2.5318943e+01	
  -5.0042113e+00	  -3.8107580e+00	   2.4840414e+01	
  -4.8967424e+00	  -3.9398837e+00	   2.4375913e+01	
  -4.8126454e+00	  -4.0865688e+00	   2.3926588e+01	
  -4.7513260e+00	  -4.2500084e+00	   2.3493532e+01	
  -4.7121830e+00	  -4.4296646e+00	   2.3077823e+01	
  -4.6946328e+00	  -4.6252336e+00	   2.2680552e+01	
  -4.6981285e+00	  -4.8366127e+00	   2.2302857e+01	
  -4.7221737e+00	  -5.0638649e+00	   2.1945943e+01	
  -4.7663319e+00	  -5.3071847e+00	   2.1611106e+01	
  -4.8302314e+00	  -5.5668617e+00	   2.1299758e+01	
  -4.9135669e+00	  -5.8432435e+00	   2.1013442e+01	
  -5.0160961e+00	  -6.1366962e+00	   2.0753857e+01	
  -5.1376339e+00	  -6.4475624e+00	   2.0522867e+01	
  -5.2780425e+00	  -6.7761149e+00	   2.0322524e+01	
  -5.4372177e+00	  -7.1225064e+00	   2.0155074e+01	
  -5.6150717e+00	  -7.4867125e+00	   2.0022971e+01	
  -5.8115116e+00	  -7.8684691e+00	   1.9928872e+01	
  -6.0264140e+00	  -8.2672014e+00	   1.9875637e+01	
  -6.2595940e+00	  -8.6819464e+00	   1.9866313e+01	
  -6.5107709e+00	  -9.1112671e+00	   1.9904098e+01	
  -6.7795270e+00	  -9.5531610e+00	   1.9992303e+01	
  -7.0652626e+00	  -1.0004964e+01	   2.0134275e+01	
  -7.3671458e+00	  -1.0463253e+01	   2.0333306e+01	
  -7.6840576e+00	  -1.0923757e+01	   2.0592511e+01	
  -8.0145347e+00	  -1.1381274e+01	   2.0914665e+01	
  -8.3567103e+00	  -1.1829614e+01	   2.1302012e+01	
  -8.7082576e+00	  -1.2261577e+01	   2.1756032e+01	
  -9.0663380e+00	  -1.2668978e+01	   2.2277183e+01	
  -9.4275596e+00	  -1.3042735e+01	   2.2864607e+01	
  -9.7879522e+00	  -1.3373040e+01	   2.3515841e+01	
  -1.0142965e+01	  -1.3649620e+01	   2.4226528e+01	
  -1.0487495e+01	  -1.3862099e+01	   2.4990170e+01	
  -1.0815950e+01	  -1.4000464e+01	   2.5797962e+01	
  -1.1122357e+01	  -1.4055609e+01	   2.6638728e+01	
  -1.1400513e+01	  -1.4019950e+01	   2.7499015e+01	
  -1.1644183e+01	  -1.3888043e+01	   2.8363355e+01	
  -1.1847333e+01	  -1.3657169e+01	   2.9214728e+01	
  -1.2004400e+01	  -1.3327801e+01	   3.0035205e+01	
  -1.2110557e+01	  -1.2903901e+01	   3.0806753e+01	
  -1.2161989e+01	  -1.2392980e+01	   3.1512121e+01	
  -1.2156124e+01	  -1.1805890e+01	   3.2135759e+01	
  -1.2091809e+01	  -1.1156354e+01	   3.2664647e+01	
  -1.1969417e+01	  -1.0460252e+01	   3.3088967e+01	
  -1.1790869e+01	  -9.7347492e+00	   3.3402534e+01	
  -1.1559557e+01	  -8.9973342e+00	   3.3602950e+01	
  -1.1280194e+01	  -8.2648873e+00	   3.3691481e+01	
  -1.0958587e+01	  -7.5528538e+00	   3.3672673e+01	
  -1.0601364e+01	  -6.8745991e+00	   3.3553783e+01	
  -1.0215675e+01	  -6.2409846e+00	   3.3344102e+01	
  -9.8088923e+00	  -5.6601737e+00	   3.3054230e+01	
  -9.3883353e+00	  -5.1376468e+00	   3.2695396e+01	
  -8.9610239e+00	  -4.6763886e+00	   3.2278863e+01	
  -8.5334860e+00	  -4.2771974e+00	   3.1815457e+01	
  -8.1116134e+00	  -3.9390654e+00	   3.1315218e+01	
  -7.7005707e+00	  -3.6595857e+00	   3.0787190e+01	
  -7.3047503e+00	  -3.4353485e+00	   3.0239311e+01	
  -6.9277683e+00	  -3.2623017e+00	   2.9678404e+01	
  -6.5724929e+00	  -3.1360610e+00	   2.9110220e+01	
  -6.2410965e+00	  -3.0521624e+00	   2.8539534e+01	
  -5.9351242e+00	  -3.0062580e+00	   2.7970263e+01	
  -5.6555718e+00	  -2.9942582e+00	   2.7405588e+01	
  -5.4029680e+00	  -3.0124291e+00	   2.6848085e+01	
  -5.1774552e+00	  -3.0574510e+00	   2.6299835e+01	
  -4.9788680e+00	  -3.1264467e+00	   2.5762534e+01	
  -4.8068043e+00	  -3.2169875e+00	   2.5237582e+01	
  -4.6606908e+00	  -3.3270821e+00	   2.4726163e+01	
  -4.5398393e+00	  -3.4551534e+00	   2.4229308e+01	
  -4.4434958e+00	  -3.6000090e+00	   2.3747950e+01	
  -4.3708820e+00	  -3.7608064e+00	   2.3282972e+01	
  -4.3212288e+00	  -3.9370164e+00	   2.2835243e+01	
  -4.2938037e+00	  -4.1283860e+00	   2.2405649e+01	
  -4.2879315e+00	  -4.3349011e+00	   2.1995127e+01	
  -4.3030103e+00	  -4.5567509e+00	   2.1604681e+01	
  -4.3385216e+00	  -4.7942917e+00	   2.1235418e+01	
  -4.3940368e+00	  -5.0480122e+00	   2.0888558e+01	
  -4.4692199e+00	  -5.3184980e+00	   2.0565464e+01	
  -4.5638255e+00	  -5.6063956e+00	   2.0267661e+01	
  -4.6776946e+00	  -5.9123737e+00	   1.9996856e+01	
  -4.8107464e+00	  -6.2370825e+00	   1.9754961e+01	
  -4.9629669e+00	  -6.5811074e+00	   1.9544110e+01	
  -5.1343940e+00	  -6.9449180e+00	   1.9366679e+01	
  -5.3250988e+00	  -7.3288094e+00	   1.9225300e+01	
  -5.5351623e+00	  -7.7328349e+00	   1.9122873e+01	
  -5.7646486e+00	  -8.1567297e+00	   1.9062564e+01	
  -6.0135711e+00	  -8.5998233e+00	   1.9047801e+01	
  -6.2818550e+00	  -9.0609408e+00	   1.9082253e+01	
  -6.5692917e+00	  -9.5382946e+00	   1.9169789e+01	
  -6.8754882e+00	  -1.0029366e+01	   1.9314411e+01	
  -7.1998086e+00	  -1.0530781e+01	   1.9520167e+01	
  -7.5413105e+00	  -1.1038188e+01	   1.9791017e+01	
  -7.8986743e+00	  -1.1546138e+01	   2.0130665e+01	
  -8.2701310e+00	  -1.2047991e+01	   2.0542337e+01	
  -8.6533873e+00	  -1.2535850e+01	   2.1028517e+01	
  -9.0455551e+00	  -1.3000550e+01	   2.1590632e+01	
  -9.4430900e+00	  -1.3431719e+01	   2.2228690e+01	
  -9.8417453e+00	  -1.3817937e+01	   2.2940905e+01	
  -1.0236551e+01	  -1.4147008e+01	   2.3723302e+01	
  -1.0621830e+01	  -1.4406370e+01	   2.4569369e+01	
  -1.0991250e+01	  -1.4583637e+01	   2.5469777e+01	
  -1.1337942e+01	  -1.4667277e+01	   2.6412233e+01	
  -1.1654662e+01	  -1.4647383e+01	   2.7381514e+01	
  -1.1934028e+01	  -1.4516498e+01	   2.8359727e+01	
  -1.2168798e+01	  -1.4270398e+01	   2.9326834e+01	
  -1.2352205e+01	  -1.3908769e+01	   3.0261434e+01	
  -1.2478301e+01	  -1.3435646e+01	   3.1141771e+01	
  -1.2542308e+01	  -1.2859562e+01	   3.1946891e+01	
  -1.2540924e+01	  -1.2193330e+01	   3.2657843e+01	
  -1.2472566e+01	  -1.1453458e+01	   3.3258792e+01	
  -1.2337514e+01	  -1.0659230e+01	   3.3737919e+01	
  -1.2137947e+01	  -9.8315557e+00	   3.4087992e+01	
  -1.1877851e+01	  -8.9917090e+00	   3.4306566e+01	
  -1.1562827e+01	  -8.1600949e+00	   3.4395790e+01	
  -1.1199799e+01	  -7.3551794e+00	   3.4361875e+01	
  -1.0796658e+01	  -6.5926737e+00	   3.4214307e+01	
  -1.0361889e+01	  -5.8850279e+00	   3.3964933e+01	
  -9.9041828e+00	  -5.2412362e+00	   3.3627004e+01	
  -9.4320977e+00	  -4.6669230e+00	   3.3214297e+01	
  -8.9537597e+00	  -4.1646452e+00	   3.2740374e+01	
  -8.4766348e+00	  -3.7343409e+00	   3.2218012e+01	
  -8.0073669e+00	  -3.3738535e+00	   3.1658820e+01	
  -7.5516828e+00	  -3.0794679e+00	   3.1073020e+01	
  -7.1143561e+00	  -2.8464171e+00	   3.0469373e+01	
  -6.6992199e+00	  -2.6693263e+00	   2.9855210e+01	
  -6.3092169e+00	  -2.5425819e+00	   2.9236539e+01	
  -5.9464759e+00	  -2.4606204e+00	   2.8618194e+01	
  -5.6124051e+00	  -2.4181421e+00	   2.8004001e+01	
  -5.3077933e+00	  -2.4102580e+00	   2.7396954e+01	
  -5.0329128e+00	  -2.4325813e+00	   2.6799369e+01	
  -4.7876188e+00	  -2.4812746e+00	   2.6213034e+01	
  -4.5714424e+00	  -2.5530643e+00	   2.5639333e+01	
  -4.3836746e+00	  -2.6452296e+00	   2.5079347e+01	
  -4.2234410e+00	  -2.7555766e+00	   2.4533945e+01	
  -4.0897652e+00	  -2.8824009e+00	   2.4003854e+01	
  -3.9816239e+00	  -3.0244455e+00	   2.3489710e+01	
  -3.8979911e+00	  -3.1808551e+00	   2.2992109e+01	
  -3.8378747e+00	  -3.3511319e+00	   2.2511642e+01	
  -3.8003455e+00	  -3.5350919e+00	   2.2048925e+01	
  -3.7845582e+00	  -3.7328241e+00	   2.1604624e+01	
  -3.7897685e+00	  -3.9446522e+00	   2.1179482e+01	
  -3.8153434e+00	  -4.1710987e+00	   2.0774335e+01	
  -3.8607681e+00	  -4.4128517e+00	   2.0390141e+01	
  -3.9256492e+00	  -4.6707326e+00	   2.0027991e+01	
  -4.0097138e+00	  -4.9456649e+00	   1.9689142e+01	
  -4.1128067e+00	  -5.2386422e+00	   1.9375030e+01	
  -4.2348840e+00	  -5.5506947e+00	   1.9087303e+01	
  -4.3760044e+00	  -5.8828525e+00	   1.8827839e+01	
  -4.5363172e+00	  -6.2361040e+00	   1.8598778e+01	
  -4.7160478e+00	  -6.6113484e+00	   1.8402541e+01	
  -4.9154791e+00	  -7.0093392e+00	   1.8241862e+01	
  -5.1349291e+00	  -7.4306178e+00	   1.8119806e+01	
  -5.3747237e+00	  -7.8754352e+00	   1.8039784e+01	
  -5.6351639e+00	  -8.3436591e+00	   1.8005566e+01	
  -5.9164867e+00	  -8.8346659e+00	   1.8021277e+01	
  -6.2188183e+00	  -9.3472162e+00	   1.8091373e+01	
  -6.5421196e+00	  -9.8793142e+00	   1.8220600e+01	
  -6.8861227e+00	  -1.0428053e+01	   1.8413919e+01	
  -7.2502574e+00	  -1.0989447e+01	   1.8676390e+01	
  -7.6335699e+00	  -1.1558268e+01	   1.9013006e+01	
  -8.0346326e+00	  -1.2127877e+01	   1.9428475e+01	
  -8.4514485e+00	  -1.2690096e+01	   1.9926929e+01	
  -8.8813533e+00	  -1.3235109e+01	   2.0511569e+01	
  -9.3209225e+00	  -1.3751448e+01	   2.1184231e+01	
  -9.7658887e+00	  -1.4226075e+01	   2.1944903e+01	
  -1.0211083e+01	  -1.4644609e+01	   2.2791196e+01	
  -1.0650408e+01	  -1.4991715e+01	   2.3717821e+01	
  -1.1076867e+01	  -1.5251691e+01	   2.4716111e+01	
  -1.1482646e+01	  -1.5409251e+01	   2.5773671e+01	
  -1.1859279e+01	  -1.5450490e+01	   2.6874225e+01	
  -1.2197893e+01	  -1.5363972e+01	   2.7997747e+01	
  -1.2489536e+01	  -1.5141855e+01	   2.9120932e+01	
  -1.2725578e+01	  -1.4780929e+01	   3.0218056e+01	
  -1.2898163e+01	  -1.4283421e+01	   3.1262183e+01	
  -1.3000678e+01	  -1.3657425e+01	   3.2226666e+01	
  -1.3028190e+01	  -1.2916845e+01	   3.3086791e+01	
  -1.2977820e+01	  -1.2080804e+01	   3.3821376e+01	
  -1.2848994e+01	  -1.1172548e+01	   3.4414135e+01	
  -1.2643542e+01	  -1.0217940e+01	   3.4854632e+01	
  -1.2365639e+01	  -9.2437496e+00	   3.5138699e+01	
  -1.2021586e+01	  -8.2759213e+00	   3.5268285e+01	
  -1.1619446e+01	  -7.3380418e+00	   3.5250803e+01	
  -1.1168601e+01	  -6.4501557e+00	   3.5098075e+01	
  -1.0679239e+01	  -5.6280231e+00	   3.4825069e+01	
  -1.0161861e+01	  -4.8828314e+00	   3.4448571e+01	
  -9.6268147e+00	  -4.2213137e+00	   3.3985971e+01	
  -9.0839050e+00	  -3.6461804e+00	   3.3454245e+01	
  -8.5420919e+00	  -3.1567551e+00	   3.2869188e+01	
  -8.0092842e+00	  -2.7497066e+00	   3.2244925e+01	
  -7.4922225e+00	  -2.4197876e+00	   3.1593657e+01	
  -6.9964422e+00	  -2.1605177e+00	   3.0925602e+01	
  -6.5262993e+00	  -1.9647680e+00	   3.0249084e+01	
  -6.0850455e+00	  -1.8252335e+00	   2.9570709e+01	
  -5.6749338e+00	  -1.7347908e+00	   2.8895595e+01	
  -5.2973447e+00	  -1.6867505e+00	   2.8227615e+01	
  -4.9529185e+00	  -1.6750211e+00	   2.7569638e+01	
  -4.6416877e+00	  -1.6942006e+00	   2.6923739e+01	
  -4.3632028e+00	  -1.7396139e+00	   2.6291391e+01	
  -4.1166473e+00	  -1.8073098e+00	   2.5673618e+01	
  -3.9009403e+00	  -1.8940314e+00	   2.5071125e+01	
  -3.7148255e+00	  -1.9971692e+00	   2.4484395e+01	
  -3.5569471e+00	  -2.1147050e+00	   2.3913770e+01	
  -3.4259122e+00	  -2.2451520e+00	   2.3359509e+01	
  -3.3203423e+00	  -2.3874945e+00	   2.2821835e+01	
  -3.2389141e+00	  -2.5411308e+00	   2.2300966e+01	
  -3.1803904e+00	  -2.7058205e+00	   2.1797148e+01	
  -3.1436448e+00	  -2.8816362e+00	   2.1310669e+01	
  -3.1276783e+00	  -3.0689209e+00	   2.0841886e+01	
  -3.1316308e+00	  -3.2682507e+00	   2.0391235e+01	
  -3.1547894e+00	  -3.4804019e+00	   1.9959249e+01	
  -3.1965909e+00	  -3.7063220e+00	   1.9546577e+01	
  -3.2566233e+00	  -3.9471045e+00	   1.9154001e+01	
  -3.3346241e+00	  -4.2039650e+00	   1.8782454e+01	
  -3.4304763e+00	  -4.4782191e+00	   1.8433044e+01	
  -3.5442032e+00	  -4.7712597e+00	   1.8107078e+01	
  -3.6759611e+00	  -5.0845326e+00	   1.7806091e+01	
  -3.8260307e+00	  -5.4195090e+00	   1.7531874e+01	
  -3.9948057e+00	  -5.7776531e+00	   1.7286508e+01	
  -4.1827799e+00	  -6.1603825e+00	   1.7072399e+01	
  -4.3905308e+00	  -6.5690196e+00	   1.6892318e+01	
  -4.6186998e+00	  -7.0047303e+00	   1.6749432e+01	
  -4.8679676e+00	  -7.4684493e+00	   1.6647347e+01	
  -5.1390243e+00	  -7.9607871e+00	   1.6590135e+01	
  -5.4325321e+00	  -8.4819171e+00	   1.6582358e+01	
  -5.7490803e+00	  -9.0314386e+00	   1.6629079e+01	
  -6.0891297e+00	  -9.6082160e+00	   1.6735853e+01	
  -6.4529462e+00	  -1.0210191e+01	   1.6908684e+01	
  -6.8405212e+00	  -1.0834169e+01	   1.7153949e+01	
  -7.2514789e+00	  -1.1475587e+01	   1.7478261e+01	
  -7.6849686e+00	  -1.2128268e+01	   1.7888272e+01	
  -8.1395449e+00	  -1.2784177e+01	   1.8390385e+01	
  -8.6130368e+00	  -1.3433209e+01	   1.8990373e+01	
  -9.1024108e+00	  -1.4063023e+01	   1.9692887e+01	
  -9.6036370e+00	  -1.4658987e+01	   2.0500856e+01	
  -1.0111569e+01	  -1.5204266e+01	   2.1414791e+01	
  -1.0619851e+01	  -1.5680117e+01	   2.2432011e+01	
  -1.1120878e+01	  -1.6066436e+01	   2.3545878e+01	
  -1.1605825e+01	  -1.6342615e+01	   2.4745082e+01	
  -1.2064764e+01	  -1.6488696e+01	   2.6013139e+01	
  -1.2486901e+01	  -1.6486812e+01	   2.7328184e+01	
  -1.2860939e+01	  -1.6322805e+01	   2.8663231e+01	
  -1.3175551e+01	  -1.5987879e+01	   2.9986975e+01	
  -1.3419973e+01	  -1.5480060e+01	   3.1265189e+01	
  -1.3584653e+01	  -1.4805240e+01	   3.2462659e+01	
  -1.3661904e+01	  -1.3977556e+01	   3.3545500e+01	
  -1.3646504e+01	  -1.3018976e+01	   3.4483589e+01	
  -1.3536150e+01	  -1.1958042e+01	   3.5252794e+01	
  -1.3331713e+01	  -1.0827894e+01	   3.5836685e+01	
  -1.3037259e+01	  -9.6638118e+00	   3.6227468e+01	
  -1.2659825e+01	  -8.5006283e+00	   3.6426040e+01	
  -1.2208971e+01	  -7.3703382e+00	   3.6441195e+01	
  -1.1696177e+01	  -6.3002129e+00	   3.6288166e+01	
  -1.1134144e+01	  -5.3115857e+00	   3.5986759e+01	
  -1.0536086e+01	  -4.4193580e+00	   3.5559381e+01	
  -9.9150698e+00	  -3.6321526e+00	   3.5029201e+01	
  -9.2834602e+00	  -2.9529644e+00	   3.4418643e+01	
  -8.6524964e+00	  -2.3801233e+00	   3.3748283e+01	
  -8.0320078e+00	  -1.9083940e+00	   3.3036167e+01	
  -7.4302621e+00	  -1.5300649e+00	   3.2297508e+01	
  -6.8539269e+00	  -1.2359310e+00	   3.1544671e+01	
  -6.3081208e+00	  -1.0161114e+00	   3.0787369e+01	
  -5.7965290e+00	  -8.6068532e-01	   3.0032978e+01	
  -5.3215591e+00	  -7.6015130e-01	   2.9286902e+01	
  -4.8845183e+00	  -7.0573243e-01	   2.8552955e+01	
  -4.4857974e+00	  -6.8955537e-01	   2.7833701e+01	
  -4.1250476e+00	  -7.0473249e-01	   2.7130766e+01	
  -3.8013466e+00	  -7.4537399e-01	   2.6445088e+01	
  -3.5133463e+00	  -8.0655218e-01	   2.5777118e+01	
  -3.2594017e+00	  -8.8423591e-01	   2.5126983e+01	
  -3.0376810e+00	  -9.7520853e-01	   2.4494601e+01	
  -2.8462565e+00	  -1.0769790e+00	   2.3879770e+01	
  -2.6831782e+00	  -1.1876928e+00	   2.3282228e+01	
  -2.5465326e+00	  -1.3060472e+00	   2.2701695e+01	
  -2.4344879e+00	  -1.4312134e+00	   2.2137904e+01	
  -2.3453276e+00	  -1.5627663e+00	   2.1590620e+01	
  -2.2774754e+00	  -1.7006244e+00	   2.1059653e+01	
  -2.2295115e+00	  -1.8449968e+00	   2.0544866e+01	
  -2.2001836e+00	  -1.9963401e+00	   2.0046181e+01	
  -2.1884122e+00	  -2.1553218e+00	   1.9563591e+01	
  -2.1932933e+00	  -2.3227915e+00	   1.9097159e+01	
  -2.2140976e+00	  -2.4997575e+00	   1.8647030e+01	
  -2.2502680e+00	  -2.6873693e+00	   1.8213439e+01	
  -2.3014161e+00	  -2.8869035e+00	   1.7796722e+01	
  -2.3673177e+00	  -3.0997543e+00	   1.7397330e+01	
  -2.4479079e+00	  -3.3274249e+00	   1.7015844e+01	
  -2.5432761e+00	  -3.5715220e+00	   1.6652994e+01	
  -2.6536609e+00	  -3.8337495e+00	   1.6309684e+01	
  -2.7794447e+00	  -4.1159024e+00	   1.5987018e+01	
  -2.9211486e+00	  -4.4198585e+00	   1.5686328e+01	
  -3.0794261e+00	  -4.7475665e+00	   1.5409217e+01	
  -3.2550568e+00	  -5.1010296e+00	   1.5157591e+01	
  -3.4489387e+00	  -5.4822814e+00	   1.4933713e+01	
  -3.6620776e+00	  -5.8933528e+00	   1.4740249e+01	
  -3.8955754e+00	  -6.3362261e+00	   1.4580330e+01	
  -4.1506125e+00	  -6.8127731e+00	   1.4457607e+01	
  -4.4284270e+00	  -7.3246732e+00	   1.4376318e+01	
  -4.7302852e+00	  -7.8733071e+00	   1.4341349e+01	
  -5.0574446e+00	  -8.4596200e+00	   1.4358294e+01	
  -5.4111049e+00	  -9.0839498e+00	   1.4433500e+01	
  -5.7923463e+00	  -9.7458145e+00	   1.4574099e+01	
  -6.2020502e+00	  -1.0443654e+01	   1.4788000e+01	
  -6.6408014e+00	  -1.1174526e+01	   1.5083837e+01	
  -7.1087681e+00	  -1.1933751e+01	   1.5470847e+01	
  -7.6055575e+00	  -1.2714524e+01	   1.5958653e+01	
  -8.1300472e+00	  -1.3507504e+01	   1.6556927e+01	
  -8.6801935e+00	  -1.4300405e+01	   1.7274888e+01	
  -9.2528207e+00	  -1.5077647e+01	   1.8120636e+01	
  -9.8434036e+00	  -1.5820126e+01	   1.9100268e+01	
  -1.0445857e+01	  -1.6505193e+01	   2.0216810e+01	
  -1.1052359e+01	  -1.7106940e+01	   2.1468979e+01	
  -1.1653235e+01	  -1.7596912e+01	   2.2849867e+01	
  -1.2236946e+01	  -1.7945329e+01	   2.4345680e+01	
  -1.2790226e+01	  -1.8122885e+01	   2.5934740e+01	
  -1.3298395e+01	  -1.8103067e+01	   2.7586994e+01	
  -1.3745894e+01	  -1.7864872e+01	   2.9264295e+01	
  -1.4117023e+01	  -1.7395619e+01	   3.0921678e+01	
  -1.4396879e+01	  -1.6693436e+01	   3.2509712e+01	
  -1.4572392e+01	  -1.5768961e+01	   3.3977843e+01	
  -1.4633379e+01	  -1.4645809e+01	   3.5278395e+01	
  -1.4573464e+01	  -1.3359522e+01	   3.6370667e+01	
  -1.4390742e+01	  -1.1955014e+01	   3.7224516e+01	
  -1.4088065e+01	  -1.0482817e+01	   3.7822775e+01	
  -1.3672918e+01	  -8.9946924e+00	   3.8162139e+01	
  -1.3156885e+01	  -7.5393217e+00	   3.8252411e+01	
  -1.2554780e+01	  -6.1587141e+00	   3.8114348e+01	
  -1.1883577e+01	  -4.8857788e+00	   3.7776591e+01	
  -1.1161281e+01	  -3.7432323e+00	   3.7272253e+01	
  -1.0405849e+01	  -2.7437424e+00	   3.6635700e+01	
  -9.6342952e+00	  -1.8910222e+00	   3.5899919e+01	
  -8.8619968e+00	  -1.1815058e+00	   3.5094650e+01	
  -8.1022551e+00	  -6.0625069e-01	   3.4245306e+01	
  -7.3660698e+00	  -1.5278576e-01	   3.3372584e+01	
  -6.6621026e+00	   1.9327677e-01	   3.2492580e+01	
  -5.9967825e+00	   4.4695459e-01	   3.1617246e+01	
  -5.3745067e+00	   6.2294946e-01	   3.0755014e+01	
  -4.7978970e+00	   7.3501248e-01	   2.9911476e+01	
  -4.2680790e+00	   7.9556678e-01	   2.9090034e+01	
  -3.7849615e+00	   8.1552778e-01	   2.8292472e+01	
  -3.3474977e+00	   8.0426471e-01	   2.7519431e+01	
  -2.9539221e+00	   7.6965608e-01	   2.6770785e+01	
  -2.6019549e+00	   7.1820226e-01	   2.6045926e+01	
  -2.2889757e+00	   6.5516810e-01	   2.5343971e+01	
  -2.0121660e+00	   5.8473678e-01	   2.4663906e+01	
  -1.7686235e+00	   5.1016263e-01	   2.4004682e+01	
  -1.5554515e+00	   4.3391535e-01	   2.3365277e+01	
  -1.3698266e+00	   3.5781139e-01	   2.2744726e+01	
  -1.2090480e+00	   2.8313074e-01	   2.2142139e+01	
  -1.0705717e+00	   2.1071848e-01	   2.1556709e+01	
  -9.5203307e-01	   1.4107178e-01	   2.0987706e+01	
  -8.5125895e-01	   7.4413230e-02	   2.0434471e+01	
  -7.6627252e-01	   1.0751738e-02	   1.9896413e+01	
  -6.9529255e-01	  -5.0067480e-02	   1.9372994e+01	
  -6.3672829e-01	  -1.0832261e-01	   1.8863727e+01	
  -5.8917147e-01	  -1.6438321e-01	   1.8368165e+01	
  -5.5138642e-01	  -2.1868535e-01	   1.7885897e+01	
  -5.2229898e-01	  -2.7171271e-01	   1.7416540e+01	
  -5.0098494e-01	  -3.2398272e-01	   1.6959738e+01	
  -4.8665855e-01	  -3.7603697e-01	   1.6515159e+01	
  -4.7866123e-01	  -4.2843499e-01	   1.6082489e+01	
  -4.7645110e-01	  -4.8175095e-01	   1.5661432e+01	
  -4.7959309e-01	  -5.3657272e-01	   1.5251713e+01	
  -4.8775021e-01	  -5.9350278e-01	   1.4853071e+01	
  -5.0067566e-01	  -6.5316077e-01	   1.4465261e+01	
  -5.1820608e-01	  -7.1618736e-01	   1.4088058e+01	
  -5.4025583e-01	  -7.8324917e-01	   1.3721254e+01	
  -5.6681235e-01	  -8.5504467e-01	   1.3364662e+01	
  -5.9793255e-01	  -9.3231094e-01	   1.3018114e+01	
  -6.3374025e-01	  -1.0158311e+00	   1.2681468e+01	
  -6.7442456e-01	  -1.1064428e+00	   1.2354611e+01	
  -7.2023929e-01	  -1.2050467e+00	   1.2037458e+01	
  -7.7150326e-01	  -1.3126166e+00	   1.1729963e+01	
  -8.2860155e-01	  -1.4302094e+00	   1.1432120e+01	
  -8.9198767e-01	  -1.5589765e+00	   1.1143975e+01	
  -9.6218657e-01	  -1.7001753e+00	   1.0865632e+01	
  -1.0397985e+00	  -1.8551820e+00	   1.0597263e+01	
  -1.1255039e+00	  -2.0255045e+00	   1.0339125e+01	
  -1.2200689e+00	  -2.2127964e+00	   1.0091574e+01	
  -1.3243515e+00	  -2.4188714e+00	   9.8550835e+00	
  -1.4393093e+00	  -2.6457171e+00	   9.6302705e+00	
  -1.5660066e+00	  -2.8955097e+00	   9.4179240e+00	
  -1.7056233e+00	  -3.1706276e+00	   9.2190392e+00	
  -1.8594638e+00	  -3.4736628e+00	   9.0348609e+00	
  -2.0289654e+00	  -3.8074303e+00	   8.8669336e+00	
  -2.2157078e+00	  -4.1749731e+00	   8.7171630e+00	
  -2.4214209e+00	  -4.5795601e+00	   8.5878892e+00	
  -2.6479913e+00	  -5.0246747e+00	   8.4819734e+00	
  -2.8974674e+00	  -5.5139902e+00	   8.4029001e+00	
  -3.1720594e+00	  -6.0513252e+00	   8.3548972e+00	
  -3.4741351e+00	  -6.6405737e+00	   8.3430738e+00	
  -3.8062069e+00	  -7.2855996e+00	   8.3735772e+00	
  -4.1709084e+00	  -7.9900839e+00	   8.4537664e+00	
  -4.5709560e+00	  -8.7573115e+00	   8.5923994e+00	
  -5.0090891e+00	  -9.5898785e+00	   8.7998237e+00	
  -5.4879851e+00	  -1.0489300e+01	   9.0881570e+00	
  -6.0101382e+00	  -1.1455499e+01	   9.4714317e+00	
  -6.5776950e+00	  -1.2486150e+01	   9.9656682e+00	
  -7.1922353e+00	  -1.3575864e+01	   1.0588822e+01	
  -7.8544891e+00	  -1.4715213e+01	   1.1360531e+01	
  -8.5639790e+00	  -1.5889605e+01	   1.2301571e+01	
  -9.3185854e+00	  -1.7078065e+01	   1.3432899e+01	
  -1.0114038e+01	  -1.8252056e+01	   1.4774158e+01	
  -1.0943349e+01	  -1.9374510e+01	   1.6341547e+01	
  -1.1796236e+01	  -2.0399377e+01	   1.8144973e+01	
  -1.2658592e+01	  -2.1272081e+01	   2.0184561e+01	
  -1.3512112e+01	  -2.1931323e+01	   2.2446767e+01	
  -1.4334211e+01	  -2.2312653e+01	   2.4900597e+01	
  -1.5098385e+01	  -2.2354026e+01	   2.7494768e+01	
  -1.5775157e+01	  -2.2003170e+01	   3.0156818e+01	
  -1.6333690e+01	  -2.1225992e+01	   3.2795268e+01	
  -1.6744049e+01	  -2.0014568e+01	   3.5305497e+01	
  -1.6979903e+01	  -1.8392832e+01	   3.7579289e+01	
  -1.7021324e+01	  -1.6418040e+01	   3.9516845e+01	
  -1.6857207e+01	  -1.4176870e+01	   4.1039054e+01	
  -1.6486823e+01	  -1.1776320e+01	   4.2097329e+01	
  -1.5920176e+01	  -9.3310741e+00	   4.2678650e+01	
  -1.5177054e+01	  -6.9500614e+00	   4.2804758e+01	
  -1.4284976e+01	  -4.7250698e+00	   4.2526033e+01	
  -1.3276433e+01	  -2.7234523e+00	   4.1911899e+01	
  -1.2185933e+01	  -9.8563766e-01	   4.1040245e+01	
  -1.1047300e+01	   4.7313819e-01	   3.9987999e+01	
  -9.8915492e+00	   1.6582664e+00	   3.8824238e+01	
  -8.7454673e+00	   2.5899449e+00	   3.7606229e+01	
  -7.6308891e+00	   3.2974114e+00	   3.6378094e+01	
  -6.5645547e+00	   3.8140566e+00	   3.5171394e+01	
  -5.5583854e+00	   4.1737693e+00	   3.4006846e+01	
  -4.6200214e+00	   4.4085161e+00	   3.2896515e+01	
  -3.7534859e+00	   4.5469642e+00	   3.1846026e+01	
  -2.9598777e+00	   4.6138838e+00	   3.0856529e+01	
  -2.2380266e+00	   4.6300750e+00	   2.9926289e+01	
  -1.5850775e+00	   4.6126116e+00	   2.9051900e+01	
  -9.9698625e-01	   4.5752469e+00	   2.8229160e+01	
  -4.6892669e-01	   4.5288816e+00	   2.7453652e+01	
   4.3864836e-03	   4.4820306e+00	   2.6721126e+01	
   4.2844810e-01	   4.4412544e+00	   2.6027703e+01	
   8.0877556e-01	   4.4115413e+00	   2.5369994e+01	
   1.1507733e+00	   4.3966347e+00	   2.4745126e+01	
   1.4596388e+00	   4.3993081e+00	   2.4150742e+01	
   1.7403012e+00	   4.4215921e+00	   2.3584966e+01	
   1.9973858e+00	   4.4649605e+00	   2.3046366e+01	
   2.2351969e+00	   4.5304797e+00	   2.2533909e+01	
   2.4577162e+00	   4.6189284e+00	   2.2046920e+01	
   2.6686104e+00	   4.7308911e+00	   2.1585049e+01	
   2.8712466e+00	   4.8668304e+00	   2.1148246e+01	
   3.0687117e+00	   5.0271401e+00	   2.0736742e+01	
   3.2638345e+00	   5.2121831e+00	   2.0351034e+01	
   3.4592090e+00	   5.4223142e+00	   1.9991886e+01	
   3.6572158e+00	   5.6578917e+00	   1.9660326e+01	
   3.8600435e+00	   5.9192756e+00	   1.9357658e+01	
   4.0697061e+00	   6.2068153e+00	   1.9085469e+01	
   4.2880580e+00	   6.5208259e+00	   1.8845645e+01	
   4.5168038e+00	   6.8615525e+00	   1.8640390e+01	
   4.7575040e+00	   7.2291223e+00	   1.8472239e+01	
   5.0115749e+00	   7.6234828e+00	   1.8344076e+01	
   5.2802808e+00	   8.0443267e+00	   1.8259143e+01	
   5.5647208e+00	   8.4909995e+00	   1.8221042e+01	
   5.8658061e+00	   8.9623930e+00	   1.8233730e+01	
   6.1842286e+00	   9.4568205e+00	   1.8301487e+01	
   6.5204204e+00	   9.9718767e+00	   1.8428872e+01	
   6.8745026e+00	   1.0504285e+01	   1.8620637e+01	
   7.2462244e+00	   1.1049734e+01	   1.8881613e+01	
   7.6348918e+00	   1.1602716e+01	   1.9216539e+01	
   8.0392883e+00	   1.2156369e+01	   1.9629836e+01	
   8.4575899e+00	   1.2702355e+01	   2.0125325e+01	
   8.8872772e+00	   1.3230775e+01	   2.0705866e+01	
   9.3250527e+00	   1.3730163e+01	   2.1372942e+01	
   9.7667695e+00	   1.4187587e+01	   2.2126183e+01	
   1.0207382e+01	   1.4588881e+01	   2.2962863e+01	
   1.0640933e+01	   1.4919041e+01	   2.3877398e+01	
   1.1060586e+01	   1.5162810e+01	   2.4860905e+01	
   1.1458722e+01	   1.5305452e+01	   2.5900887e+01	
   1.1827107e+01	   1.5333682e+01	   2.6981117e+01	
   1.2157138e+01	   1.5236719e+01	   2.8081799e+01	
   1.2440171e+01	   1.5007354e+01	   2.9180054e+01	
   1.2667911e+01	   1.4642924e+01	   3.0250780e+01	
   1.2832847e+01	   1.4146047e+01	   3.1267836e+01	
   1.2928709e+01	   1.3524998e+01	   3.2205491e+01	
   1.2950880e+01	   1.2793610e+01	   3.3039996e+01	
   1.2896745e+01	   1.1970673e+01	   3.3751101e+01	
   1.2765926e+01	   1.1078852e+01	   3.4323335e+01	
   1.2560364e+01	   1.0143239e+01	   3.4746886e+01	
   1.2284258e+01	   9.1897080e+00	   3.5017967e+01	
   1.1943839e+01	   8.2432745e+00	   3.5138654e+01	
   1.1547024e+01	   7.3266411e+00	   3.5116240e+01	
   1.1102978e+01	   6.4590837e+00	   3.4962222e+01	
   1.0621634e+01	   5.6557549e+00	   3.4691091e+01	
   1.0113209e+01	   4.9274192e+00	   3.4319075e+01	
   9.5877635e+00	   4.2805702e+00	   3.3862973e+01	
   9.0548271e+00	   3.7178440e+00	   3.3339194e+01	
   8.5231115e+00	   3.2386253e+00	   3.2763025e+01	
   8.0003114e+00	   2.8397451e+00	   3.2148164e+01	
   7.4929929e+00	   2.5161853e+00	   3.1506469e+01	
   7.0065568e+00	   2.2617307e+00	   3.0847904e+01	
   6.5452637e+00	   2.0695300e+00	   3.0180614e+01	
   6.1123049e+00	   1.9325494e+00	   2.9511094e+01	
   5.7099042e+00	   1.8439182e+00	   2.8844406e+01	
   5.3394380e+00	   1.7971741e+00	   2.8184406e+01	
   5.0015634e+00	   1.7864237e+00	   2.7533974e+01	
   4.6963456e+00	   1.8064337e+00	   2.6895219e+01	
   4.4233790e+00	   1.8526696e+00	   2.6269659e+01	
   4.1818994e+00	   1.9212951e+00	   2.5658371e+01	
   3.9708827e+00	   2.0091461e+00	   2.5062117e+01	
   3.7891321e+00	   2.1136862e+00	   2.4481439e+01	
   3.6353515e+00	   2.2329547e+00	   2.3916737e+01	
   3.5082072e+00	   2.3655086e+00	   2.3368328e+01	
   3.4063777e+00	   2.5103656e+00	   2.2836490e+01	
   3.3285938e+00	   2.6669486e+00	   2.2321501e+01	
   3.2736699e+00	   2.8350348e+00	   2.1823661e+01	
   3.2405269e+00	   3.0147089e+00	   2.1343318e+01	
   3.2282099e+00	   3.2063209e+00	   2.0880887e+01	
   3.2358994e+00	   3.4104499e+00	   2.0436866e+01	
   3.2629187e+00	   3.6278707e+00	   2.0011857e+01	
   3.3087376e+00	   3.8595248e+00	   1.9606578e+01	
   3.3729728e+00	   4.1064945e+00	   1.9221887e+01	
   3.4553865e+00	   4.3699780e+00	   1.8858800e+01	
   3.5558819e+00	   4.6512655e+00	   1.8518515e+01	
   3.6744980e+00	   4.9517147e+00	   1.8202438e+01	
   3.8114012e+00	   5.2727235e+00	   1.7912209e+01	
   3.9668758e+00	   5.6157002e+00	   1.7649732e+01	
   4.1413124e+00	   5.9820261e+00	   1.7417213e+01	
   4.3351927e+00	   6.3730124e+00	   1.7217188e+01	
   4.5490716e+00	   6.7898458e+00	   1.7052561e+01	
   4.7835557e+00	   7.2335215e+00	   1.6926641e+01	
   5.0392761e+00	   7.7047619e+00	   1.6843168e+01	
   5.3168552e+00	   8.2039163e+00	   1.6806346e+01	
   5.6168668e+00	   8.7308405e+00	   1.6820849e+01	
   5.9397867e+00	   9.2847530e+00	   1.6891827e+01	
   6.2859335e+00	   9.8640677e+00	   1.7024876e+01	
   6.6553979e+00	   1.0466202e+01	   1.7225982e+01	
   7.0479597e+00	   1.1087363e+01	   1.7501416e+01	
   7.4629907e+00	   1.1722320e+01	   1.7857570e+01	
   7.8993460e+00	   1.2364172e+01	   1.8300731e+01	
   8.3552429e+00	   1.3004130e+01	   1.8836750e+01	
   8.8281333e+00	   1.3631336e+01	   1.9470636e+01	
   9.3145737e+00	   1.4232762e+01	   2.0206027e+01	
   9.8101034e+00	   1.4793221e+01	   2.1044575e+01	
   1.0309143e+01	   1.5295546e+01	   2.1985245e+01	
   1.0804930e+01	   1.5720994e+01	   2.3023579e+01	
   1.1289510e+01	   1.6049903e+01	   2.4150989e+01	
   1.1753809e+01	   1.6262643e+01	   2.5354169e+01	
   1.2187799e+01	   1.6340851e+01	   2.6614743e+01	
   1.2580776e+01	   1.6268885e+01	   2.7909270e+01	
   1.2921763e+01	   1.6035387e+01	   2.9209732e+01	
   1.3200015e+01	   1.5634783e+01	   3.0484547e+01	
   1.3405609e+01	   1.5068509e+01	   3.1700143e+01	
   1.3530076e+01	   1.4345732e+01	   3.2822966e+01	
   1.3567001e+01	   1.3483383e+01	   3.3821753e+01	
   1.3512542e+01	   1.2505418e+01	   3.4669778e+01	
   1.3365781e+01	   1.1441315e+01	   3.5346778e+01	
   1.3128881e+01	   1.0323992e+01	   3.5840282e+01	
   1.2806998e+01	   9.1873932e+00	   3.6146155e+01	
   1.2407981e+01	   8.0640926e+00	   3.6268313e+01	
   1.1941878e+01	   6.9832007e+00	   3.6217706e+01	
   1.1420319e+01	   5.9688199e+00	   3.6010763e+01	
   1.0855840e+01	   5.0391591e+00	   3.5667564e+01	
   1.0261220e+01	   4.2063065e+00	   3.5210009e+01	
   9.6488891e+00	   3.4765621e+00	   3.4660184e+01	
   9.0304405e+00	   2.8511743e+00	   3.4039070e+01	
   8.4162788e+00	   2.3273086e+00	   3.3365641e+01	
   7.8153929e+00	   1.8990933e+00	   3.2656351e+01	
   7.2352517e+00	   1.5586203e+00	   3.1924941e+01	
   6.6817985e+00	   1.2968257e+00	   3.1182500e+01	
   6.1595222e+00	   1.1042074e+00	   3.0437688e+01	
   5.6715819e+00	   9.7137306e-01	   2.9697048e+01	
   5.2199640e+00	   8.8942836e-01	   2.8965365e+01	
   4.8056541e+00	   8.5022818e-01	   2.8246004e+01	
   4.4288111e+00	   8.4651791e-01	   2.7541231e+01	
   4.0889344e+00	   8.7199122e-01	   2.6852486e+01	
   3.7850166e+00	   9.2128824e-01	   2.6180607e+01	
   3.5156804e+00	   9.8995370e-01	   2.5526012e+01	
   3.2792968e+00	   1.0743705e+00	   2.4888836e+01	
   3.0740850e+00	   1.1716801e+00	   2.4269036e+01	
   2.8981948e+00	   1.2796989e+00	   2.3666465e+01	
   2.7497736e+00	   1.3968344e+00	   2.3080933e+01	
   2.6270189e+00	   1.5220068e+00	   2.2512236e+01	
   2.5282190e+00	   1.6545773e+00	   2.1960190e+01	
   2.4517828e+00	   1.7942842e+00	   2.1424646e+01	
   2.3962618e+00	   1.9411868e+00	   2.0905502e+01	
   2.3603646e+00	   2.0956184e+00	   2.0402714e+01	
   2.3429658e+00	   2.2581463e+00	   1.9916305e+01	
   2.3431114e+00	   2.4295387e+00	   1.9446371e+01	
   2.3600195e+00	   2.6107388e+00	   1.8993093e+01	
   2.3930803e+00	   2.8028427e+00	   1.8556741e+01	
   2.4418529e+00	   3.0070839e+00	   1.8137693e+01	
   2.5060618e+00	   3.2248189e+00	   1.7736441e+01	
   2.5855924e+00	   3.4575176e+00	   1.7353615e+01	
   2.6804860e+00	   3.7067539e+00	   1.6989998e+01	
   2.7909345e+00	   3.9741971e+00	   1.6646552e+01	
   2.9172744e+00	   4.2616031e+00	   1.6324443e+01	
   3.0599812e+00	   4.5708026e+00	   1.6025071e+01	
   3.2196624e+00	   4.9036868e+00	   1.5750110e+01	
   3.3970498e+00	   5.2621871e+00	   1.5501548e+01	
   3.5929902e+00	   5.6482471e+00	   1.5281725e+01	
   3.8084339e+00	   6.0637857e+00	   1.5093394e+01	
   4.0444201e+00	   6.5106462e+00	   1.4939768e+01	
   4.3020584e+00	   6.9905293e+00	   1.4824579e+01	
   4.5825042e+00	   7.5049060e+00	   1.4752136e+01	
   4.8869275e+00	   8.0549053e+00	   1.4727382e+01	
   5.2164720e+00	   8.6411722e+00	   1.4755943e+01	
   5.5722038e+00	   9.2636914e+00	   1.4844164e+01	
   5.9550455e+00	   9.9215707e+00	   1.4999117e+01	
   6.3656943e+00	   1.0612784e+01	   1.5228585e+01	
   6.8045212e+00	   1.1333867e+01	   1.5540977e+01	
   7.2714494e+00	   1.2079580e+01	   1.5945186e+01	
   7.7658097e+00	   1.2842536e+01	   1.6450336e+01	
   8.2861741e+00	   1.3612815e+01	   1.7065414e+01	
   8.8301699e+00	   1.4377616e+01	   1.7798746e+01	
   9.3942801e+00	   1.5120965e+01	   1.8657299e+01	
   9.9736423e+00	   1.5823572e+01	   1.9645806e+01	
   1.0561863e+01	   1.6462906e+01	   2.0765715e+01	
   1.1150870e+01	   1.7013600e+01	   2.2014010e+01	
   1.1730841e+01	   1.7448259e+01	   2.3382007e+01	
   1.2290232e+01	   1.7738768e+01	   2.4854253e+01	
   1.2815960e+01	   1.7858116e+01	   2.6407743e+01	
   1.3293760e+01	   1.7782666e+01	   2.8011673e+01	
   1.3708742e+01	   1.7494705e+01	   2.9627967e+01	
   1.4046136e+01	   1.6984986e+01	   3.1212741e+01	
   1.4292198e+01	   1.6254848e+01	   3.2718752e+01	
   1.4435185e+01	   1.5317495e+01	   3.4098666e+01	
   1.4466312e+01	   1.4198079e+01	   3.5308809e+01	
   1.4380554e+01	   1.2932374e+01	   3.6312869e+01	
   1.4177179e+01	   1.1564134e+01	   3.7084969e+01	
   1.3859931e+01	   1.0141463e+01	   3.7611595e+01	
   1.3436821e+01	   8.7127594e+00	   3.7892085e+01	
   1.2919560e+01	   7.3228452e+00	   3.7937652e+01	
   1.2322707e+01	   6.0098557e+00	   3.7769219e+01	
   1.1662654e+01	   4.8032254e+00	   3.7414508e+01	
   1.0956575e+01	   3.7228841e+00	   3.6904922e+01	
   1.0221458e+01	   2.7795401e+00	   3.6272656e+01	
   9.4732852e+00	   1.9757759e+00	   3.5548381e+01	
   8.7264356e+00	   1.3076266e+00	   3.4759623e+01	
   7.9932958e+00	   7.6632720e-01	   3.3929854e+01	
   7.2840760e+00	   3.3999021e-01	   3.3078186e+01	
   6.6067924e+00	   1.5058034e-02	   3.2219510e+01	
   5.9673755e+00	  -2.2254104e-01	   3.1364924e+01	
   5.3698626e+00	  -3.8654444e-01	   3.0522307e+01	
   4.8166402e+00	  -4.8978563e-01	   2.9696942e+01	
   4.3087041e+00	  -5.4385511e-01	   2.8892098e+01	
   3.8459202e+00	  -5.5893840e-01	   2.8109554e+01	
   3.4272671e+00	  -5.4378122e-01	   2.7350029e+01	
   3.0510566e+00	  -5.0573972e-01	   2.6613521e+01	
   2.7151241e+00	  -4.5088274e-01	   2.5899572e+01	
   2.4169907e+00	  -3.8412189e-01	   2.5207454e+01	
   2.1539962e+00	  -3.0935234e-01	   2.4536306e+01	
   1.9234064e+00	  -2.2959311e-01	   2.3885221e+01	
   1.7224969e+00	  -1.4711984e-01	   2.3253303e+01	
   1.5486170e+00	  -6.3586065e-02	   2.2639703e+01	
   1.3992367e+00	   1.9868866e-02	   2.2043632e+01	
   1.2719792e+00	   1.0252573e-01	   2.1464370e+01	
   1.1646426e+00	   1.8400495e-01	   2.0901267e+01	
   1.0752119e+00	   2.6419876e-01	   2.0353737e+01	
   1.0018646e+00	   3.4321503e-01	   1.9821249e+01	
   9.4297033e-01	   4.2133135e-01	   1.9303330e+01	
   8.9708693e-01	   4.9895835e-01	   1.8799548e+01	
   8.6295389e-01	   5.7661085e-01	   1.8309516e+01	
   8.3948375e-01	   6.5488587e-01	   1.7832881e+01	
   8.2575265e-01	   7.3444652e-01	   1.7369323e+01	
   8.2099046e-01	   8.1601075e-01	   1.6918555e+01	
   8.2457103e-01	   9.0034426e-01	   1.6480318e+01	
   8.3600280e-01	   9.8825698e-01	   1.6054381e+01	
   8.5492018e-01	   1.0806024e+00	   1.5640546e+01	
   8.8107576e-01	   1.1782794e+00	   1.5238645e+01	
   9.1433354e-01	   1.2822360e+00	   1.4848543e+01	
   9.5466330e-01	   1.3934751e+00	   1.4470145e+01	
   1.0021361e+00	   1.5130616e+00	   1.4103398e+01	
   1.0569208e+00	   1.6421306e+00	   1.3748297e+01	
   1.1192821e+00	   1.7818966e+00	   1.3404895e+01	
   1.1895792e+00	   1.9336643e+00	   1.3073310e+01	
   1.2682663e+00	   2.0988394e+00	   1.2753736e+01	
   1.3558933e+00	   2.2789400e+00	   1.2446460e+01	
   1.4531083e+00	   2.4756090e+00	   1.2151876e+01	
   1.5606604e+00	   2.6906258e+00	   1.1870504e+01	
   1.6794041e+00	   2.9259183e+00	   1.1603018e+01	
   1.8103035e+00	   3.1835740e+00	   1.1350270e+01	
   1.9544377e+00	   3.4658493e+00	   1.1113331e+01	
   2.1130063e+00	   3.7751766e+00	   1.0893524e+01	
   2.2873351e+00	   4.1141682e+00	   1.0692482e+01	
   2.4788808e+00	   4.4856140e+00	   1.0512201e+01	
   2.6892352e+00	   4.8924717e+00	   1.0355107e+01	
   2.9201275e+00	   5.3378467e+00	   1.0224143e+01	
   3.1734235e+00	   5.8249567e+00	   1.0122857e+01	
   3.4511212e+00	   6.3570765e+00	   1.0055509e+01	
   3.7553395e+00	   6.9374564e+00	   1.0027194e+01	
   4.0882992e+00	   7.5692055e+00	   1.0043971e+01	
   4.4522927e+00	   8.2551298e+00	   1.0113007e+01	
   4.8496377e+00	   8.9975133e+00	   1.0242726e+01	
   5.2826123e+00	   9.7978267e+00	   1.0442938e+01	
   5.7533633e+00	   1.0656350e+01	   1.0724965e+01	
   6.2637834e+00	   1.1571693e+01	   1.1101699e+01	
   6.8153484e+00	   1.2540198e+01	   1.1587593e+01	
   7.4089075e+00	   1.3555225e+01	   1.2198506e+01	
   8.0444196e+00	   1.4606321e+01	   1.2951362e+01	
   8.7206320e+00	   1.5678309e+01	   1.3863535e+01	
   9.4347001e+00	   1.6750357e+01	   1.4951870e+01	
   1.0181760e+01	   1.7795150e+01	   1.6231259e+01	
   1.0954474e+01	   1.8778333e+01	   1.7712720e+01	
   1.1742588e+01	   1.9658475e+01	   1.9400957e+01	
   1.2532565e+01	   2.0387858e+01	   2.1291518e+01	
   1.3307387e+01	   2.0914400e+01	   2.3367806e+01	
   1.4046614e+01	   2.1184958e+01	   2.5598387e+01	
   1.4726830e+01	   2.1150094e+01	   2.7935261e+01	
   1.5322557e+01	   2.0770016e+01	   3.0313834e+01	
   1.5807688e+01	   2.0021026e+01	   3.2655310e+01	
   1.6157358e+01	   1.8901325e+01	   3.4871862e+01	
   1.6350127e+01	   1.7434801e+01	   3.6874368e+01	
   1.6370142e+01	   1.5671535e+01	   3.8581707e+01	
   1.6208972e+01	   1.3684329e+01	   3.9929975e+01	
   1.5866732e+01	   1.1561506e+01	   4.0879714e+01	
   1.5352299e+01	   9.3972488e+00	   4.1419570e+01	
   1.4682535e+01	   7.2814085e+00	   4.1565674e+01	
   1.3880677e+01	   5.2907777e+00	   4.1357132e+01	
   1.2974175e+01	   3.4832992e+00	   4.0848916e+01	
   1.1992366e+01	   1.8957657e+00	   4.0103856e+01	
   1.0964296e+01	   5.4468913e-01	   3.9185316e+01	
   9.9169576e+00	  -5.7057512e-01	   3.8151573e+01	
   8.8740554e+00	  -1.4635577e+00	   3.7052324e+01	
   7.8553070e+00	  -2.1562328e+00	   3.5927181e+01	
   6.8762168e+00	  -2.6750755e+00	   3.4805714e+01	
   5.9482061e+00	  -3.0479570e+00	   3.3708491e+01	
   5.0789814e+00	  -3.3019536e+00	   3.2648629e+01	
   4.2730360e+00	  -3.4619773e+00	   3.1633466e+01	
   3.5322006e+00	  -3.5500589e+00	   3.0666130e+01	
   2.8561862e+00	  -3.5850994e+00	   2.9746865e+01	
   2.2430824e+00	  -3.5829291e+00	   2.8874092e+01	
   1.6897935e+00	  -3.5565455e+00	   2.8045196e+01	
   1.1924056e+00	  -3.5164409e+00	   2.7257086e+01	
   7.4648558e-01	  -3.4709580e+00	   2.6506572e+01	
   3.4731795e-01	  -3.4266394e+00	   2.5790603e+01	
  -9.9126794e-03	  -3.3885495e+00	   2.5106397e+01	
  -3.2998557e-01	  -3.3605600e+00	   2.4451512e+01	
  -6.1754612e-01	  -3.3455975e+00	   2.3823860e+01	
  -8.7703907e-01	  -3.3458540e+00	   2.3221705e+01	
  -1.1126665e+00	  -3.3629622e+00	   2.2643640e+01	
  -1.3283649e+00	  -3.3981422e+00	   2.2088560e+01	
  -1.5277973e+00	  -3.4523208e+00	   2.1555628e+01	
  -1.7143562e+00	  -3.5262291e+00	   2.1044258e+01	
  -1.8911745e+00	  -3.6204802e+00	   2.0554087e+01	
  -2.0611421e+00	  -3.7356317e+00	   2.0084962e+01	
  -2.2269266e+00	  -3.8722341e+00	   1.9636931e+01	
  -2.3909949e+00	  -4.0308669e+00	   1.9210237e+01	
  -2.5556371e+00	  -4.2121655e+00	   1.8805321e+01	
  -2.7229892e+00	  -4.4168385e+00	   1.8422833e+01	
  -2.8950552e+00	  -4.6456771e+00	   1.8063637e+01	
  -3.0737279e+00	  -4.8995568e+00	   1.7728838e+01	
  -3.2608071e+00	  -5.1794307e+00	   1.7419797e+01	
  -3.4580152e+00	  -5.4863156e+00	   1.7138165e+01	
  -3.6670098e+00	  -5.8212681e+00	   1.6885910e+01	
  -3.8893916e+00	  -6.1853510e+00	   1.6665353e+01	
  -4.1267090e+00	  -6.5795878e+00	   1.6479210e+01	
  -4.3804558e+00	  -7.0049027e+00	   1.6330628e+01	
  -4.6520641e+00	  -7.4620446e+00	   1.6223226e+01	
  -4.9428885e+00	  -7.9514909e+00	   1.6161132e+01	
  -5.2541824e+00	  -8.4733298e+00	   1.6149013e+01	
  -5.5870639e+00	  -9.0271157e+00	   1.6192094e+01	
  -5.9424693e+00	  -9.6116976e+00	   1.6296153e+01	
  -6.3210944e+00	  -1.0225017e+01	   1.6467493e+01	
  -6.7233197e+00	  -1.0863878e+01	   1.6712870e+01	
  -7.1491199e+00	  -1.1523689e+01	   1.7039364e+01	
  -7.5979568e+00	  -1.2198189e+01	   1.7454187e+01	
  -8.0686553e+00	  -1.2879171e+01	   1.7964389e+01	
  -8.5592668e+00	  -1.3556223e+01	   1.8576464e+01	
  -9.0669220e+00	  -1.4216530e+01	   1.9295842e+01	
  -9.5876838e+00	  -1.4844763e+01	   2.0126238e+01	
  -1.0116411e+01	  -1.5423137e+01	   2.1068902e+01	
  -1.0646651e+01	  -1.5931678e+01	   2.2121770e+01	
  -1.1170578e+01	  -1.6348772e+01	   2.3278586e+01	
  -1.1679011e+01	  -1.6652052e+01	   2.4528092e+01	
  -1.2161524e+01	  -1.6819633e+01	   2.5853400e+01	
  -1.2606688e+01	  -1.6831682e+01	   2.7231704e+01	
  -1.3002446e+01	  -1.6672214e+01	   2.8634476e+01	
  -1.3336627e+01	  -1.6330948e+01	   3.0028290e+01	
  -1.3597586e+01	  -1.5804995e+01	   3.1376309e+01	
  -1.3774922e+01	  -1.5100076e+01	   3.2640406e+01	
  -1.3860207e+01	  -1.4231022e+01	   3.3783744e+01	
  -1.3847655e+01	  -1.3221365e+01	   3.4773502e+01	
  -1.3734638e+01	  -1.2101963e+01	   3.5583407e+01	
  -1.3521984e+01	  -1.0908804e+01	   3.6195664e+01	
  -1.3214003e+01	  -9.6802407e+00	   3.6602025e+01	
  -1.2818244e+01	  -8.4540844e+00	   3.6803836e+01	
  -1.2344996e+01	  -7.2649238e+00	   3.6811126e+01	
  -1.1806618e+01	  -6.1420313e+00	   3.6640929e+01	
  -1.1216766e+01	  -5.1080435e+00	   3.6315175e+01	
  -1.0589605e+01	  -4.1784638e+00	   3.5858464e+01	
  -9.9390896e+00	  -3.3618952e+00	   3.5296023e+01	
  -9.2783608e+00	  -2.6608222e+00	   3.4652055e+01	
  -8.6192947e+00	  -2.0727254e+00	   3.3948554e+01	
  -7.9722053e+00	  -1.5913265e+00	   3.3204613e+01	
  -7.3456952e+00	  -1.2078023e+00	   3.2436135e+01	
  -6.7466300e+00	  -9.1185974e-01	   3.1655876e+01	
  -6.1802078e+00	  -6.9261669e-01	   3.0873702e+01	
  -5.6500959e+00	  -5.3927290e-01	   3.0096962e+01	
  -5.1586086e+00	  -4.4158347e-01	   2.9330919e+01	
  -4.7069049e+00	  -3.9016288e-01	   2.8579166e+01	
  -4.2951889e+00	  -3.7665345e-01	   2.7844018e+01	
  -3.9229032e+00	  -3.9379194e-01	   2.7126831e+01	
  -3.5889046e+00	  -4.3540395e-01	   2.6428284e+01	
  -3.2916223e+00	  -4.9635083e-01	   2.5748584e+01	
  -3.0291924e+00	  -5.7244790e-01	   2.5087632e+01	
  -2.7995729e+00	  -6.6036823e-01	   2.4445141e+01	
  -2.6006364e+00	  -7.5754156e-01	   2.3820727e+01	
  -2.4302465e+00	  -8.6205533e-01	   2.3213959e+01	
  -2.2863156e+00	  -9.7256171e-01	   2.2624408e+01	
  -2.1668507e+00	  -1.0881932e+00	   2.2051666e+01	
  -2.0699860e+00	  -1.2084877e+00	   2.1495363e+01	
  -1.9940061e+00	  -1.3333241e+00	   2.0955179e+01	
  -1.9373619e+00	  -1.4628672e+00	   2.0430847e+01	
  -1.8986788e+00	  -1.5975215e+00	   1.9922156e+01	
  -1.8767621e+00	  -1.7378944e+00	   1.9428955e+01	
  -1.8705969e+00	  -1.8847662e+00	   1.8951159e+01	
  -1.8793465e+00	  -2.0390668e+00	   1.8488744e+01	
  -1.9023490e+00	  -2.2018585e+00	   1.8041764e+01	
  -1.9391122e+00	  -2.3743235e+00	   1.7610348e+01	
  -1.9893091e+00	  -2.5577552e+00	   1.7194716e+01	
  -2.0527716e+00	  -2.7535533e+00	   1.6795184e+01	
  -2.1294860e+00	  -2.9632207e+00	   1.6412185e+01	
  -2.2195881e+00	  -3.1883627e+00	   1.6046282e+01	
  -2.3233581e+00	  -3.4306860e+00	   1.5698186e+01	
  -2.4412171e+00	  -3.6919988e+00	   1.5368787e+01	
  -2.5737228e+00	  -3.9742089e+00	   1.5059178e+01	
  -2.7215664e+00	  -4.2793195e+00	   1.4770688e+01	
  -2.8855680e+00	  -4.6094222e+00	   1.4504923e+01	
  -3.0666725e+00	  -4.9666832e+00	   1.4263808e+01	
  -3.2659440e+00	  -5.3533232e+00	   1.4049643e+01	
  -3.4845578e+00	  -5.7715866e+00	   1.3865154e+01	
  -3.7237909e+00	  -6.2236979e+00	   1.3713559e+01	
  -3.9850065e+00	  -6.7118007e+00	   1.3598640e+01	
  -4.2696353e+00	  -7.2378751e+00	   1.3524816e+01	
  -4.5791481e+00	  -7.8036292e+00	   1.3497215e+01	
  -4.9150193e+00	  -8.4103557e+00	   1.3521754e+01	
  -5.2786788e+00	  -9.0587506e+00	   1.3605199e+01	
  -5.6714489e+00	  -9.7486842e+00	   1.3755215e+01	
  -6.0944624e+00	  -1.0478919e+01	   1.3980381e+01	
  -6.5485597e+00	  -1.1246773e+01	   1.4290154e+01	
  -7.0341600e+00	  -1.2047720e+01	   1.4694765e+01	
  -7.5511048e+00	  -1.2874939e+01	   1.5205007e+01	
  -8.0984713e+00	  -1.3718836e+01	   1.5831892e+01	
  -8.6743569e+00	  -1.4566543e+01	   1.6586123e+01	
  -9.2756393e+00	  -1.5401482e+01	   1.7477366e+01	
  -9.8977218e+00	  -1.6203030e+01	   1.8513269e+01	
  -1.0534282e+01	  -1.6946427e+01	   1.9698248e+01	
  -1.1177051e+01	  -1.7603014e+01	   2.1032046e+01	
  -1.1815659e+01	  -1.8140968e+01	   2.2508174e+01	
  -1.2437591e+01	  -1.8526649e+01	   2.4112373e+01	
  -1.3028316e+01	  -1.8726635e+01	   2.5821358e+01	
  -1.3571621e+01	  -1.8710428e+01	   2.7602133e+01	
  -1.4050205e+01	  -1.8453661e+01	   2.9412219e+01	
  -1.4446527e+01	  -1.7941467e+01	   3.1201077e+01	
  -1.4743885e+01	  -1.7171493e+01	   3.2912862e+01	
  -1.4927637e+01	  -1.6155961e+01	   3.4490396e+01	
  -1.4986431e+01	  -1.4922220e+01	   3.5879947e+01	
  -1.4913285e+01	  -1.3511439e+01	   3.7036144e+01	
  -1.4706347e+01	  -1.1975451e+01	   3.7926184e+01	
  -1.4369207e+01	  -1.0372163e+01	   3.8532605e+01	
  -1.3910706e+01	  -8.7602662e+00	   3.8854120e+01	
  -1.3344257e+01	  -7.1941407e+00	   3.8904455e+01	
  -1.2686790e+01	  -5.7197457e+00	   3.8709537e+01	
  -1.1957479e+01	  -4.3720044e+00	   3.8303665e+01	
  -1.1176418e+01	  -3.1738332e+00	   3.7725411e+01	
  -1.0363403e+01	  -2.1366312e+00	   3.7013886e+01	
  -9.5369320e+00	  -1.2618284e+00	   3.6205802e+01	
  -8.7134844e+00	  -5.4302341e-01	   3.5333521e+01	
  -7.9070747e+00	   3.1719935e-02	   3.4424042e+01	
  -7.1290685e+00	   4.7773308e-01	   3.3498781e+01	
  -6.3882005e+00	   8.1194772e-01	   3.2573893e+01	
  -5.6907432e+00	   1.0515194e+00	   3.1660934e+01	
  -5.0407692e+00	   1.2128626e+00	   3.0767671e+01	
  -4.4404631e+00	   1.3110422e+00	   2.9898897e+01	
  -3.8904475e+00	   1.3594482e+00	   2.9057186e+01	
  -3.3900980e+00	   1.3696771e+00	   2.8243525e+01	
  -2.9378321e+00	   1.3515556e+00	   2.7457836e+01	
  -2.5313644e+00	   1.3132514e+00	   2.6699362e+01	
  -2.1679233e+00	   1.2614342e+00	   2.5966961e+01	
  -1.8444318e+00	   1.2014569e+00	   2.5259306e+01	
  -1.5576521e+00	   1.1375413e+00	   2.4575021e+01	
  -1.3043004e+00	   1.0729542e+00	   2.3912765e+01	
  -1.0811342e+00	   1.0101706e+00	   2.3271282e+01	
  -8.8501640e-01	   9.5101794e-01	   2.2649423e+01	
  -7.1296044e-01	   8.9680387e-01	   2.2046154e+01	
  -5.6216038e-01	   8.4842483e-01	   2.1460551e+01	
  -4.3000801e-01	   8.0645883e-01	   2.0891795e+01	
  -3.1410055e-01	   7.7124306e-01	   2.0339158e+01	
  -2.1224076e-01	   7.4293828e-01	   1.9801991e+01	
  -1.2243158e-01	   7.2158165e-01	   1.9279715e+01	
  -4.2866638e-02	   7.0712968e-01	   1.8771807e+01	
   2.8081906e-02	   6.9949291e-01	   1.8277795e+01	
   9.1877403e-02	   6.9856356e-01	   1.7797247e+01	
   1.4983371e-01	   7.0423743e-01	   1.7329766e+01	
   2.0313062e-01	   7.1643120e-01	   1.6874986e+01	
   2.5282930e-01	   7.3509603e-01	   1.6432568e+01	
   2.9988740e-01	   7.6022819e-01	   1.6002198e+01	
   3.4517361e-01	   7.9187756e-01	   1.5583583e+01	
   3.8948157e-01	   8.3015450e-01	   1.5176454e+01	
   4.3354308e-01	   8.7523559e-01	   1.4780560e+01	
   4.7804048e-01	   9.2736870e-01	   1.4395674e+01	
   5.2361844e-01	   9.8687765e-01	   1.4021593e+01	
   5.7089494e-01	   1.0541669e+00	   1.3658135e+01	
   6.2047172e-01	   1.1297263e+00	   1.3305149e+01	
   6.7294424e-01	   1.2141363e+00	   1.2962511e+01	
   7.2891113e-01	   1.3080737e+00	   1.2630133e+01	
   7.8898336e-01	   1.4123178e+00	   1.2307964e+01	
   8.5379319e-01	   1.5277579e+00	   1.1996000e+01	
   9.2400296e-01	   1.6554009e+00	   1.1694291e+01	
   1.0003138e+00	   1.7963802e+00	   1.1402945e+01	
   1.0834747e+00	   1.9519655e+00	   1.1122147e+01	
   1.1742908e+00	   2.1235730e+00	   1.0852168e+01	
   1.2736333e+00	   2.3127770e+00	   1.0593383e+01	
   1.3824483e+00	   2.5213211e+00	   1.0346290e+01	
   1.5017665e+00	   2.7511306e+00	   1.0111536e+01	
   1.6327129e+00	   3.0043239e+00	   9.8899471e+00	
   1.7765169e+00	   3.2832237e+00	   9.6825622e+00	
   1.9345222e+00	   3.5903658e+00	   9.4906775e+00	
   2.1081965e+00	   3.9285057e+00	   9.3158977e+00	
   2.2991408e+00	   4.3006195e+00	   9.1601979e+00	
   2.5090973e+00	   4.7098990e+00	   9.0259969e+00	
   2.7399562e+00	   5.1597351e+00	   8.9162447e+00	
   2.9937589e+00	   5.6536881e+00	   8.8345239e+00	
   3.2726975e+00	   6.1954372e+00	   8.7851686e+00	
   3.5791085e+00	   6.7887032e+00	   8.7734005e+00	
   3.9154577e+00	   7.4371347e+00	   8.8054809e+00	
   4.2843136e+00	   8.1441462e+00	   8.8888791e+00	
   4.6883051e+00	   8.9126943e+00	   9.0324490e+00	
   5.1300583e+00	   9.7449740e+00	   9.2466063e+00	
   5.6121055e+00	   1.0642017e+01	   9.5434892e+00	
   6.1367596e+00	   1.1603173e+01	   9.9370763e+00	
   6.7059439e+00	   1.2625446e+01	   1.0443224e+01	
   7.3209682e+00	   1.3702695e+01	   1.1079569e+01	
   7.9822425e+00	   1.4824664e+01	   1.1865220e+01	
   8.6889199e+00	   1.5975907e+01	   1.2820155e+01	
   9.4384667e+00	   1.7134645e+01	   1.3964193e+01	
   1.0226167e+01	   1.8271683e+01	   1.5315456e+01	
   1.1044581e+01	   1.9349603e+01	   1.6888202e+01	
   1.1883008e+01	   2.0322513e+01	   1.8690006e+01	
   1.2727009e+01	   2.1136722e+01	   2.0718382e+01	
   1.3558107e+01	   2.1732772e+01	   2.2957114e+01	
   1.4353792e+01	   2.2049163e+01	   2.5372839e+01	
   1.5087963e+01	   2.2027922e+01	   2.7912676e+01	
   1.5731938e+01	   2.1621761e+01	   3.0503882e+01	
   1.6256106e+01	   2.0801977e+01	   3.3056472e+01	
   1.6632137e+01	   1.9565688e+01	   3.5469351e+01	
   1.6835581e+01	   1.7940600e+01	   3.7639716e+01	
   1.6848476e+01	   1.5985654e+01	   3.9474480e+01	
   1.6661532e+01	   1.3786625e+01	   4.0901567e+01	
   1.6275452e+01	   1.1447044e+01	   4.1878598e+01	
   1.5701101e+01	   9.0761564e+00	   4.2396949e+01	
   1.4958473e+01	   6.7764586e+00	   4.2480365e+01	
   1.4074657e+01	   4.6333969e+00	   4.2178800e+01	
   1.3081194e+01	   2.7089832e+00	   4.1559282e+01	
   1.2011297e+01	   1.0398461e+00	   4.0696057e+01	
   1.0897337e+01	  -3.6090108e-01	   3.9661944e+01	
   9.7688886e+00	  -1.4992793e+00	   3.8522091e+01	
   8.6514303e+00	  -2.3949882e+00	   3.7330433e+01	
   7.5657007e+00	  -3.0760514e+00	   3.6128547e+01	
   6.5275820e+00	  -3.5742954e+00	   3.4946243e+01	
   5.5483739e+00	  -3.9219697e+00	   3.3803178e+01	
   4.6353059e+00	  -4.1495042e+00	   3.2710907e+01	
   3.7921674e+00	  -4.2842256e+00	   3.1674931e+01	
   3.0199614e+00	  -4.3497946e+00	   3.0696529e+01	
   2.3175260e+00	  -4.3661284e+00	   2.9774240e+01	
   1.6820873e+00	  -4.3496204e+00	   2.8905000e+01	
   1.1097311e+00	  -4.3135140e+00	   2.8084961e+01	
   5.9579041e-01	  -4.2683368e+00	   2.7310042e+01	
   1.3515397e-01	  -4.2223376e+00	   2.6576292e+01	
  -2.7749435e-01	  -4.1818929e+00	   2.5880088e+01	
  -6.4749582e-01	  -4.1518679e+00	   2.5218247e+01	
  -9.8008615e-01	  -4.1359291e+00	   2.4588058e+01	
  -1.2803045e+00	  -4.1368066e+00	   2.3987286e+01	
  -1.5529341e+00	  -4.1565135e+00	   2.3414137e+01	
  -1.8024672e+00	  -4.1965249e+00	   2.2867231e+01	
  -2.0330889e+00	  -4.2579243e+00	   2.2345554e+01	
  -2.2486752e+00	  -4.3415199e+00	   2.1848429e+01	
  -2.4528004e+00	  -4.4479376e+00	   2.1375481e+01	
  -2.6487527e+00	  -4.5776929e+00	   2.0926614e+01	
  -2.8395531e+00	  -4.7312447e+00	   2.0501997e+01	
  -3.0279779e+00	  -4.9090349e+00	   2.0102049e+01	
  -3.2165813e+00	  -5.1115137e+00	   1.9727442e+01	
  -3.4077184e+00	  -5.3391536e+00	   1.9379102e+01	
  -3.6035664e+00	  -5.5924520e+00	   1.9058218e+01	
  -3.8061435e+00	  -5.8719234e+00	   1.8766256e+01	
  -4.0173250e+00	  -6.1780807e+00	   1.8504977e+01	
  -4.2388552e+00	  -6.5114052e+00	   1.8276458e+01	
  -4.4723552e+00	  -6.8723052e+00	   1.8083114e+01	
  -4.7193248e+00	  -7.2610617e+00	   1.7927721e+01	
  -4.9811392e+00	  -7.6777585e+00	   1.7813433e+01	
  -5.2590376e+00	  -8.1221984e+00	   1.7743801e+01	
  -5.5541048e+00	  -8.5938001e+00	   1.7722780e+01	
  -5.8672439e+00	  -9.0914782e+00	   1.7754717e+01	
  -6.1991386e+00	  -9.6135028e+00	   1.7844330e+01	
  -6.5502055e+00	  -1.0157341e+01	   1.7996651e+01	
  -6.9205348e+00	  -1.0719485e+01	   1.8216942e+01	
  -7.3098192e+00	  -1.1295262e+01	   1.8510556e+01	
  -7.7172725e+00	  -1.1878652e+01	   1.8882752e+01	
  -8.1415380e+00	  -1.2462109e+01	   1.9338438e+01	
  -8.5805900e+00	  -1.3036416e+01	   1.9881840e+01	
  -9.0316337e+00	  -1.3590596e+01	   2.0516094e+01	
  -9.4910100e+00	  -1.4111909e+01	   2.1242759e+01	
  -9.9541148e+00	  -1.4585974e+01	   2.2061273e+01	
  -1.0415345e+01	  -1.4997054e+01	   2.2968369e+01	
  -1.0868086e+01	  -1.5328535e+01	   2.3957503e+01	
  -1.1304756e+01	  -1.5563626e+01	   2.5018366e+01	
  -1.1716925e+01	  -1.5686274e+01	   2.6136543e+01	
  -1.2095519e+01	  -1.5682272e+01	   2.7293428e+01	
  -1.2431111e+01	  -1.5540476e+01	   2.8466477e+01	
  -1.2714311e+01	  -1.5254029e+01	   2.9629858e+01	
  -1.2936220e+01	  -1.4821427e+01	   3.0755523e+01	
  -1.3088935e+01	  -1.4247283e+01	   3.1814665e+01	
  -1.3166054e+01	  -1.3542616e+01	   3.2779437e+01	
  -1.3163133e+01	  -1.2724572e+01	   3.3624767e+01	
  -1.3078047e+01	  -1.1815549e+01	   3.4330042e+01	
  -1.2911202e+01	  -1.0841789e+01	   3.4880445e+01	
  -1.2665579e+01	  -9.8316083e+00	   3.5267767e+01	
  -1.2346592e+01	  -8.8134692e+00	   3.5490597e+01	
  -1.1961781e+01	  -7.8141512e+00	   3.5553898e+01	
  -1.1520372e+01	  -6.8572193e+00	   3.5468060e+01	
  -1.1032752e+01	  -5.9619432e+00	   3.5247610e+01	
  -1.0509924e+01	  -5.1427246e+00	   3.4909759e+01	
  -9.9629715e+00	  -4.4090133e+00	   3.4472988e+01	
  -9.4025946e+00	  -3.7656291e+00	   3.3955803e+01	
  -8.8387345e+00	  -3.2133707e+00	   3.3375762e+01	
  -8.2802982e+00	  -2.7497863e+00	   3.2748797e+01	
  -7.7349880e+00	  -2.3699949e+00	   3.2088821e+01	
  -7.2092232e+00	  -2.0674704e+00	   3.1407585e+01	
  -6.7081401e+00	  -1.8347344e+00	   3.0714714e+01	
  -6.2356519e+00	  -1.6639268e+00	   3.0017870e+01	
  -5.7945515e+00	  -1.5472467e+00	   2.9322993e+01	
  -5.3866399e+00	  -1.4772725e+00	   2.8634569e+01	
  -5.0128677e+00	  -1.4471745e+00	   2.7955895e+01	
  -4.6734791e+00	  -1.4508411e+00	   2.7289331e+01	
  -4.3681510e+00	  -1.4829370e+00	   2.6636520e+01	
  -4.0961212e+00	  -1.5389130e+00	   2.5998566e+01	
  -3.8563043e+00	  -1.6149809e+00	   2.5376190e+01	
  -3.6473927e+00	  -1.7080661e+00	   2.4769843e+01	
  -3.4679428e+00	  -1.8157485e+00	   2.4179801e+01	
  -3.3164470e+00	  -1.9361969e+00	   2.3606236e+01	
  -3.1913928e+00	  -2.0681028e+00	   2.3049262e+01	
  -3.0913099e+00	  -2.2106172e+00	   2.2508978e+01	
  -3.0148067e+00	  -2.3632908e+00	   2.1985499e+01	
  -2.9605986e+00	  -2.5260211e+00	   2.1478973e+01	
  -2.9275282e+00	  -2.6990042e+00	   2.0989603e+01	
  -2.9145799e+00	  -2.8826942e+00	   2.0517659e+01	
  -2.9208886e+00	  -3.0777670e+00	   2.0063498e+01	
  -2.9457456e+00	  -3.2850899e+00	   1.9627571e+01	
  -2.9886003e+00	  -3.5056955e+00	   1.9210444e+01	
  -3.0490598e+00	  -3.7407587e+00	   1.8812812e+01	
  -3.1268864e+00	  -3.9915768e+00	   1.8435518e+01	
  -3.2219937e+00	  -4.2595503e+00	   1.8079577e+01	
  -3.3344411e+00	  -4.5461637e+00	   1.7746197e+01	
  -3.4644267e+00	  -4.8529658e+00	   1.7436808e+01	
  -3.6122794e+00	  -5.1815467e+00	   1.7153095e+01	
  -3.7784491e+00	  -5.5335095e+00	   1.6897029e+01	
  -3.9634946e+00	  -5.9104368e+00	   1.6670905e+01	
  -4.1680696e+00	  -6.3138474e+00	   1.6477386e+01	
  -4.3929046e+00	  -6.7451417e+00	   1.6319537e+01	
  -4.6387857e+00	  -7.2055330e+00	   1.6200877e+01	
  -4.9065270e+00	  -7.6959609e+00	   1.6125409e+01	
  -5.1969372e+00	  -8.2169844e+00	   1.6097663e+01	
  -5.5107775e+00	  -8.7686505e+00	   1.6122715e+01	
  -5.8487101e+00	  -9.3503354e+00	   1.6206196e+01	
  -6.2112350e+00	  -9.9605565e+00	   1.6354275e+01	
  -6.5986130e+00	  -1.0596755e+01	   1.6573605e+01	
  -7.0107749e+00	  -1.1255048e+01	   1.6871220e+01	
  -7.4472139e+00	  -1.1929964e+01	   1.7254367e+01	
  -7.9068624e+00	  -1.2614164e+01	   1.7730251e+01	
  -8.3879547e+00	  -1.3298172e+01	   1.8305686e+01	
  -8.8878789e+00	  -1.3970152e+01	   1.8986622e+01	
  -9.4030244e+00	  -1.4615758e+01	   1.9777553e+01	
  -9.9286366e+00	  -1.5218121e+01	   2.0680796e+01	
  -1.0458692e+01	  -1.5758030e+01	   2.1695667e+01	
  -1.0985816e+01	  -1.6214372e+01	   2.2817607e+01	
  -1.1501264e+01	  -1.6564888e+01	   2.4037325e+01	
  -1.1994992e+01	  -1.6787288e+01	   2.5340081e+01	
  -1.2455848e+01	  -1.6860705e+01	   2.6705247e+01	
  -1.2871894e+01	  -1.6767430e+01	   2.8106304e+01	
  -1.3230871e+01	  -1.6494790e+01	   2.9511421e+01	
  -1.3520798e+01	  -1.6036934e+01	   3.0884695e+01	
  -1.3730665e+01	  -1.5396270e+01	   3.2188062e+01	
  -1.3851178e+01	  -1.4584272e+01	   3.3383743e+01	
  -1.3875458e+01	  -1.3621419e+01	   3.4436973e+01	
  -1.3799625e+01	  -1.2536178e+01	   3.5318667e+01	
  -1.3623193e+01	  -1.1363071e+01	   3.6007623e+01	
  -1.3349193e+01	  -1.0140072e+01	   3.6491952e+01	
  -1.2984033e+01	  -8.9056848e+00	   3.6769503e+01	
  -1.2537085e+01	  -7.6961183e+00	   3.6847292e+01	
  -1.2020064e+01	  -6.5429324e+00	   3.6740069e+01	
  -1.1446282e+01	  -5.4714094e+00	   3.6468310e+01	
  -1.0829848e+01	  -4.4997542e+00	   3.6055989e+01	
  -1.0184918e+01	  -3.6390761e+00	   3.5528425e+01	
  -9.5250363e+00	  -2.8939973e+00	   3.4910461e+01	
  -8.8626233e+00	  -2.2636772e+00	   3.4225098e+01	
  -8.2086240e+00	  -1.7430379e+00	   3.3492617e+01	
  -7.5723040e+00	  -1.3240120e+00	   3.2730156e+01	
  -6.9611814e+00	  -9.9668355e-01	   3.1951646e+01	
  -6.3810656e+00	  -7.5024866e-01	   3.1167995e+01	
  -5.8361735e+00	  -5.7376587e-01	   3.0387441e+01	
  -5.3292953e+00	  -4.5670147e-01	   2.9615965e+01	
  -4.8619886e+00	  -3.8929275e-01	   2.8857724e+01	
  -4.4347800e+00	  -3.6276233e-01	   2.8115453e+01	
  -4.0473630e+00	  -3.6941811e-01	   2.7390817e+01	
  -3.6987814e+00	  -4.0267041e-01	   2.6684705e+01	
  -3.3875951e+00	  -4.5699314e-01	   2.5997466e+01	
  -3.1120237e+00	  -5.2784998e-01	   2.5329086e+01	
  -2.8700686e+00	  -6.1160135e-01	   2.4679329e+01	
  -2.6596145e+00	  -7.0540363e-01	   2.4047826e+01	
  -2.4785109e+00	  -8.0710826e-01	   2.3434153e+01	
  -2.3246375e+00	  -9.1516572e-01	   2.2837868e+01	
  -2.1959537e+00	  -1.0285374e+00	   2.2258545e+01	
  -2.0905355e+00	  -1.1466171e+00	   2.1695794e+01	
  -2.0066025e+00	  -1.2691619e+00	   2.1149270e+01	
  -1.9425360e+00	  -1.3962340e+00	   2.0618679e+01	
  -1.8968896e+00	  -1.5281510e+00	   2.0103782e+01	
  -1.8683958e+00	  -1.6654460e+00	   1.9604402e+01	
  -1.8559673e+00	  -1.8088343e+00	   1.9120420e+01	
  -1.8586962e+00	  -1.9591884e+00	   1.8651782e+01	
  -1.8758508e+00	  -2.1175185e+00	   1.8198506e+01	
  -1.9068712e+00	  -2.2849581e+00	   1.7760682e+01	
  -1.9513644e+00	  -2.4627545e+00	   1.7338485e+01	
  -2.0090983e+00	  -2.6522620e+00	   1.6932184e+01	
  -2.0799973e+00	  -2.8549391e+00	   1.6542153e+01	
  -2.1641364e+00	  -3.0723462e+00	   1.6168889e+01	
  -2.2617370e+00	  -3.3061461e+00	   1.5813030e+01	
  -2.3731626e+00	  -3.5581028e+00	   1.5475376e+01	
  -2.4989149e+00	  -3.8300818e+00	   1.5156920e+01	
  -2.6396302e+00	  -4.1240471e+00	   1.4858873e+01	
  -2.7960755e+00	  -4.4420556e+00	   1.4582703e+01	
  -2.9691449e+00	  -4.7862473e+00	   1.4330179e+01	
  -3.1598544e+00	  -5.1588286e+00	   1.4103416e+01	
  -3.3693354e+00	  -5.5620471e+00	   1.3904931e+01	
  -3.5988262e+00	  -5.9981546e+00	   1.3737705e+01	
  -3.8496596e+00	  -6.4693547e+00	   1.3605245e+01	
  -4.1232463e+00	  -6.9777318e+00	   1.3511667e+01	
  -4.4210514e+00	  -7.5251551e+00	   1.3461759e+01	
  -4.7445631e+00	  -8.1131524e+00	   1.3461070e+01	
  -5.0952507e+00	  -8.7427478e+00	   1.3515971e+01	
  -5.4745082e+00	  -9.4142550e+00	   1.3633719e+01	
  -5.8835826e+00	  -1.0127021e+01	   1.3822486e+01	
  -6.3234807e+00	  -1.0879113e+01	   1.4091358e+01	
  -6.7948531e+00	  -1.1666949e+01	   1.4450262e+01	
  -7.2978504e+00	  -1.2484864e+01	   1.4909811e+01	
  -7.8319502e+00	  -1.3324642e+01	   1.5481031e+01	
  -8.3957545e+00	  -1.4175015e+01	   1.6174922e+01	
  -8.9867585e+00	  -1.5021185e+01	   1.7001829e+01	
  -9.6011003e+00	  -1.5844421e+01	   1.7970580e+01	
  -1.0233303e+01	  -1.6621838e+01	   1.9087377e+01	
  -1.0876031e+01	  -1.7326450e+01	   2.0354442e+01	
  -1.1519902e+01	  -1.7927656e+01	   2.1768495e+01	
  -1.2153375e+01	  -1.8392284e+01	   2.3319159e+01	
  -1.2762795e+01	  -1.8686301e+01	   2.4987527e+01	
  -1.3332620e+01	  -1.8777228e+01	   2.6745147e+01	
  -1.3845892e+01	  -1.8637162e+01	   2.8553770e+01	
  -1.4284970e+01	  -1.8246153e+01	   3.0366174e+01	
  -1.4632511e+01	  -1.7595488e+01	   3.2128300e+01	
  -1.4872647e+01	  -1.6690304e+01	   3.3782699e+01	
  -1.4992242e+01	  -1.5550935e+01	   3.5273043e+01	
  -1.4982067e+01	  -1.4212505e+01	   3.6549110e+01	
  -1.4837748e+01	  -1.2722604e+01	   3.7571477e+01	
  -1.4560297e+01	  -1.1137263e+01	   3.8315080e+01	
  -1.4156169e+01	  -9.5158439e+00	   3.8771011e+01	
  -1.3636795e+01	  -7.9156956e+00	   3.8946281e+01	
  -1.3017685e+01	  -6.3874559e+00	   3.8861686e+01	
  -1.2317224e+01	  -4.9716665e+00	   3.8548342e+01	
  -1.1555340e+01	  -3.6970247e+00	   3.8043581e+01	
  -1.0752209e+01	  -2.5802327e+00	   3.7386940e+01	
  -9.9271398e+00	  -1.6271214e+00	   3.6616794e+01	
  -9.0977082e+00	  -8.3459208e-01	   3.5767911e+01	
  -8.2791830e+00	  -1.9290612e-01	   3.4870014e+01	
  -7.4842245e+00	   3.1205136e-01	   3.3947213e+01	
  -6.7228150e+00	   6.9678564e-01	   3.3018113e+01	
  -6.0023664e+00	   9.7860738e-01	   3.2096350e+01	
  -5.3279475e+00	   1.1744745e+00	   3.1191357e+01	
  -4.7025805e+00	   1.3002235e+00	   3.0309204e+01	
  -4.1275664e+00	   1.3701214e+00	   2.9453390e+01	
  -3.6028097e+00	   1.3966611e+00	   2.8625544e+01	
  -3.1271228e+00	   1.3905281e+00	   2.7826001e+01	
  -2.6984989e+00	   1.3606783e+00	   2.7054251e+01	
  -2.3143479e+00	   1.3144821e+00	   2.6309275e+01	
  -1.9716942e+00	   1.2579012e+00	   2.5589792e+01	
  -1.6673391e+00	   1.1956751e+00	   2.4894416e+01	
  -1.3979885e+00	   1.1315045e+00	   2.4221766e+01	
  -1.1603530e+00	   1.0682220e+00	   2.3570530e+01	
  -9.5122257e-01	   1.0079466e+00	   2.2939496e+01	
  -7.6751967e-01	   9.5221965e-01	   2.2327569e+01	
  -6.0633621e-01	   9.0212271e-01	   2.1733768e+01	
  -4.6495596e-01	   8.5837828e-01	   2.1157221e+01	
  -3.4086633e-01	   8.2143448e-01	   2.0597158e+01	
  -2.3176154e-01	   7.9153571e-01	   2.0052891e+01	
  -1.3553944e-01	   7.6878090e-01	   1.9523809e+01	
  -5.0293579e-02	   7.5317111e-01	   1.9009364e+01	
   2.5698031e-02	   7.4464807e-01	   1.8509062e+01	
   9.3986368e-02	   7.4312516e-01	   1.8022454e+01	
   1.5596622e-01	   7.4851200e-01	   1.7549131e+01	
   2.1289166e-01	   7.6073400e-01	   1.7088715e+01	
   2.6589175e-01	   7.7974780e-01	   1.6640860e+01	
   3.1598596e-01	   8.0555333e-01	   1.6205246e+01	
   3.6409925e-01	   8.3820359e-01	   1.5781577e+01	
   4.1107650e-01	   8.7781240e-01	   1.5369579e+01	
   4.5769620e-01	   9.2456093e-01	   1.4969003e+01	
   5.0468352e-01	   9.7870336e-01	   1.4579624e+01	
   5.5272253e-01	   1.0405720e+00	   1.4201239e+01	
   6.0246782e-01	   1.1105825e+00	   1.3833674e+01	
   6.5455547e-01	   1.1892387e+00	   1.3476782e+01	
   7.0961345e-01	   1.2771382e+00	   1.3130448e+01	
   7.6827165e-01	   1.3749783e+00	   1.2794597e+01	
   8.3117143e-01	   1.4835625e+00	   1.2469193e+01	
   8.9897500e-01	   1.6038076e+00	   1.2154249e+01	
   9.7237463e-01	   1.7367522e+00	   1.1849836e+01	
   1.0521018e+00	   1.8835650e+00	   1.1556091e+01	
   1.1389362e+00	   2.0455549e+00	   1.1273232e+01	
   1.2337151e+00	   2.2241809e+00	   1.1001568e+01	
   1.3373428e+00	   2.4210640e+00	   1.0741523e+01	
   1.4507999e+00	   2.6379975e+00	   1.0493653e+01	
   1.5751533e+00	   2.8769593e+00	   1.0258674e+01	
   1.7115658e+00	   3.1401223e+00	   1.0037495e+01	
   1.8613062e+00	   3.4298646e+00	   9.8312540e+00	
   2.0257592e+00	   3.7487764e+00	   9.6413649e+00	
   2.2064347e+00	   4.0996641e+00	   9.4695733e+00	
   2.4049761e+00	   4.4855486e+00	   9.3180212e+00	
   2.6231682e+00	   4.9096547e+00	   9.1893247e+00	
   2.8629417e+00	   5.3753897e+00	   9.0866660e+00	
   3.1263752e+00	   5.8863049e+00	   9.0138999e+00	
   3.4156921e+00	   6.4460344e+00	   8.9756770e+00	
   3.7332506e+00	   7.0582046e+00	   8.9775837e+00	
   4.0815238e+00	   7.7263017e+00	   9.0262976e+00	
   4.4630675e+00	   8.4534884e+00	   9.1297555e+00	
   4.8804695e+00	   9.2423511e+00	   9.2973258e+00	
   5.3362766e+00	   1.0094563e+01	   9.5399758e+00	
   5.8328907e+00	   1.1010444e+01	   9.8704105e+00	
   6.3724279e+00	   1.1988394e+01	   1.0303157e+01	
   6.9565297e+00	   1.3024188e+01	   1.0854546e+01	
   7.5861186e+00	   1.4110127e+01	   1.1542536e+01	
   8.2610892e+00	   1.5234045e+01	   1.2386294e+01	
   8.9799284e+00	   1.6378228e+01	   1.3405443e+01	
   9.7392681e+00	   1.7518308e+01	   1.4618855e+01	
   1.0533381e+01	   1.8622309e+01	   1.6042905e+01	
   1.1353646e+01	   1.9650055e+01	   1.7689091e+01	
   1.2188044e+01	   2.0553265e+01	   1.9561050e+01	
   1.3020755e+01	   2.1276720e+01	   2.1651119e+01	
   1.3831973e+01	   2.1760887e+01	   2.3936800e+01	
   1.4598072e+01	   2.1946277e+01	   2.6377771e+01	
   1.5292256e+01	   2.1779536e+01	   2.8914272e+01	
   1.5885793e+01	   2.1220800e+01	   3.1467848e+01	
   1.6349853e+01	   2.0251288e+01	   3.3945233e+01	
   1.6657846e+01	   1.8879572e+01	   3.6245632e+01	
   1.6787998e+01	   1.7144789e+01	   3.8270799e+01	
   1.6725780e+01	   1.5115407e+01	   3.9936340e+01	
   1.6465750e+01	   1.2883104e+01	   4.1181957e+01	
   1.6012431e+01	   1.0552629e+01	   4.1978337e+01	
   1.5380031e+01	   8.2296727e+00	   4.2329121e+01	
   1.4591028e+01	   6.0093137e+00	   4.2267700e+01	
   1.3673933e+01	   3.9672944e+00	   4.1849952e+01	
   1.2660607e+01	   2.1553968e+00	   4.1144903e+01	
   1.1583618e+01	   6.0098941e-01	   4.0225417e+01	
   1.0473961e+01	  -6.9014734e-01	   3.9160570e+01	
   9.3593759e+00	  -1.7290685e+00	   3.8010507e+01	
   8.2633128e+00	  -2.5383099e+00	   3.6823878e+01	
   7.2044949e+00	  -3.1469206e+00	   3.5637367e+01	
   6.1969515e+00	  -3.5864396e+00	   3.4476674e+01	
   5.2503764e+00	  -3.8879960e+00	   3.3358262e+01	
   4.3706770e+00	  -4.0804616e+00	   3.2291378e+01	
   3.5606033e+00	  -4.1894547e+00	   3.1279985e+01	
   2.8203803e+00	  -4.2369650e+00	   3.0324429e+01	
   2.1482942e+00	  -4.2413829e+00	   2.9422767e+01	
   1.5412082e+00	  -4.2177696e+00	   2.8571767e+01	
   9.9499642e-01	  -4.1782430e+00	   2.7767616e+01	
   5.0489759e-01	  -4.1324035e+00	   2.7006389e+01	
   6.5794725e-02	  -4.0877509e+00	   2.6284352e+01	
  -3.2756993e-01	  -4.0500670e+00	   2.5598120e+01	
  -6.8043472e-01	  -4.0237526e+00	   2.4944745e+01	
  -9.9790337e-01	  -4.0121171e+00	   2.4321737e+01	
  -1.2848661e+00	  -4.0176220e+00	   2.3727051e+01	
  -1.5459493e+00	  -4.0420834e+00	   2.3159061e+01	
  -1.7854875e+00	  -4.0868370e+00	   2.2616524e+01	
  -2.0075123e+00	  -4.1528733e+00	   2.2098541e+01	
  -2.2157535e+00	  -4.2409450e+00	   2.1604527e+01	
  -2.4136497e+00	  -4.3516520e+00	   2.1134182e+01	
  -2.6043647e+00	  -4.4855077e+00	   2.0687469e+01	
  -2.7908079e+00	  -4.6429884e+00	   2.0264601e+01	
  -2.9756570e+00	  -4.8245689e+00	   1.9866037e+01	
  -3.1613808e+00	  -5.0307452e+00	   1.9492479e+01	
  -3.3502619e+00	  -5.2620466e+00	   1.9144880e+01	
  -3.5444180e+00	  -5.5190367e+00	   1.8824453e+01	
  -3.7458199e+00	  -5.8023043e+00	   1.8532690e+01	
  -3.9563076e+00	  -6.1124439e+00	   1.8271379e+01	
  -4.1776016e+00	  -6.4500259e+00	   1.8042630e+01	
  -4.4113102e+00	  -6.8155536e+00	   1.7848896e+01	
  -4.6589309e+00	  -7.2094085e+00	   1.7693005e+01	
  -4.9218466e+00	  -7.6317802e+00	   1.7578173e+01	
  -5.2013138e+00	  -8.0825799e+00	   1.7508031e+01	
  -5.4984433e+00	  -8.5613364e+00	   1.7486633e+01	
  -5.8141722e+00	  -9.0670721e+00	   1.7518450e+01	
  -6.1492248e+00	  -9.5981587e+00	   1.7608351e+01	
  -6.5040638e+00	  -1.0152153e+01	   1.7761553e+01	
  -6.8788282e+00	  -1.0725614e+01	   1.7983532e+01	
  -7.2732607e+00	  -1.1313909e+01	   1.8279898e+01	
  -7.6866216e+00	  -1.1911012e+01	   1.8656201e+01	
  -8.1175930e+00	  -1.2509316e+01	   1.9117669e+01	
  -8.5641752e+00	  -1.3099467e+01	   1.9668878e+01	
  -9.0235798e+00	  -1.3670261e+01	   2.0313322e+01	
  -9.4921267e+00	  -1.4208625e+01	   2.1052912e+01	
  -9.9651552e+00	  -1.4699726e+01	   2.1887397e+01	
  -1.0436962e+01	  -1.5127248e+01	   2.2813750e+01	
  -1.0900782e+01	  -1.5473883e+01	   2.3825551e+01	
  -1.1348824e+01	  -1.5722046e+01	   2.4912452e+01	
  -1.1772393e+01	  -1.5854832e+01	   2.6059795e+01	
  -1.2162089e+01	  -1.5857180e+01	   2.7248492e+01	
  -1.2508116e+01	  -1.5717168e+01	   2.8455262e+01	
  -1.2800681e+01	  -1.5427320e+01	   2.9653292e+01	
  -1.3030474e+01	  -1.4985764e+01	   3.0813354e+01	
  -1.3189198e+01	  -1.4397065e+01	   3.1905338e+01	
  -1.3270109e+01	  -1.3672559e+01	   3.2900082e+01	
  -1.3268502e+01	  -1.2830077e+01	   3.3771303e+01	
  -1.3182096e+01	  -1.1893025e+01	   3.4497405e+01	
  -1.3011266e+01	  -1.0888891e+01	   3.5062910e+01	
  -1.2759089e+01	  -9.8473505e+00	   3.5459326e+01	
  -1.2431194e+01	  -8.7982152e+00	   3.5685347e+01	
  -1.2035441e+01	  -7.7694752e+00	   3.5746393e+01	
  -1.1581447e+01	  -6.7856770e+00	   3.5653579e+01	
  -1.1080037e+01	  -5.8667852e+00	   3.5422333e+01	
  -1.0542658e+01	  -5.0275941e+00	   3.5070836e+01	
  -9.9808200e+00	  -4.2776643e+00	   3.4618517e+01	
  -9.4056083e+00	  -3.6216890e+00	   3.4084738e+01	
  -8.8272905e+00	  -3.0601622e+00	   3.3487779e+01	
  -8.2550344e+00	  -2.5902106e+00	   3.2844135e+01	
  -7.6967346e+00	  -2.2064711e+00	   3.2168129e+01	
  -7.1589374e+00	  -1.9019210e+00	   3.1471776e+01	
  -6.6468478e+00	  -1.6686047e+00	   3.0764847e+01	
  -6.1643974e+00	  -1.4982266e+00	   3.0055057e+01	
  -5.7143568e+00	  -1.3826044e+00	   2.9348328e+01	
  -5.2984737e+00	  -1.3139939e+00	   2.8649079e+01	
  -4.9176221e+00	  -1.2853001e+00	   2.7960513e+01	
  -4.5719547e+00	  -1.2901994e+00	   2.7284879e+01	
  -4.2610474e+00	  -1.3231916e+00	   2.6623701e+01	
  -3.9840331e+00	  -1.3796021e+00	   2.5977969e+01	
  -3.7397213e+00	  -1.4555501e+00	   2.5348289e+01	
  -3.5267015e+00	  -1.5478943e+00	   2.4735009e+01	
  -3.3434318e+00	  -1.6541684e+00	   2.4138307e+01	
  -3.1883121e+00	  -1.7725100e+00	   2.3558260e+01	
  -3.0597438e+00	  -1.9015907e+00	   2.2994898e+01	
  -2.9561770e+00	  -2.0405491e+00	   2.2448240e+01	
  -2.8761474e+00	  -2.1889291e+00	   2.1918320e+01	
  -2.8183041e+00	  -2.3466244e+00	   2.1405208e+01	
  -2.7814294e+00	  -2.5138299e+00	   2.0909030e+01	
  -2.7644530e+00	  -2.6909991e+00	   2.0429977e+01	
  -2.7664605e+00	  -2.8788089e+00	   1.9968319e+01	
  -2.7866987e+00	  -3.0781287e+00	   1.9524420e+01	
  -2.8245768e+00	  -3.2899952e+00	   1.9098749e+01	
  -2.8796663e+00	  -3.5155906e+00	   1.8691896e+01	
  -2.9516982e+00	  -3.7562239e+00	   1.8304590e+01	
  -3.0405591e+00	  -4.0133144e+00	   1.7937720e+01	
  -3.1462861e+00	  -4.2883751e+00	   1.7592356e+01	
  -3.2690608e+00	  -4.5829966e+00	   1.7269774e+01	
  -3.4092015e+00	  -4.8988277e+00	   1.6971491e+01	
  -3.5671555e+00	  -5.2375534e+00	   1.6699294e+01	
  -3.7434882e+00	  -5.6008666e+00	   1.6455279e+01	
  -3.9388714e+00	  -5.9904329e+00	   1.6241893e+01	
  -4.1540684e+00	  -6.4078445e+00	   1.6061972e+01	
  -4.3899155e+00	  -6.8545615e+00	   1.5918797e+01	
  -4.6472987e+00	  -7.3318370e+00	   1.5816128e+01	
  -4.9271258e+00	  -7.8406226e+00	   1.5758257e+01	
  -5.2302889e+00	  -8.3814507e+00	   1.5750038e+01	
  -5.5576202e+00	  -8.9542892e+00	   1.5796918e+01	
  -5.9098354e+00	  -9.5583667e+00	   1.5904939e+01	
  -6.2874644e+00	  -1.0191964e+01	   1.6080719e+01	
  -6.6907679e+00	  -1.0852175e+01	   1.6331384e+01	
  -7.1196367e+00	  -1.1534634e+01	   1.6664454e+01	
  -7.5734742e+00	  -1.2233220e+01	   1.7087640e+01	
  -8.0510612e+00	  -1.2939762e+01	   1.7608560e+01	
  -8.5504057e+00	  -1.3643747e+01	   1.8234334e+01	
  -9.0685820e+00	  -1.4332086e+01	   1.8971047e+01	
  -9.6015663e+00	  -1.4988978e+01	   1.9823076e+01	
  -1.0144083e+01	  -1.5595937e+01	   2.0792281e+01	
  -1.0689480e+01	  -1.6132037e+01	   2.1877093e+01	
  -1.1229647e+01	  -1.6574473e+01	   2.3071552e+01	
  -1.1755022e+01	  -1.6899476e+01	   2.4364405e+01	
  -1.2254695e+01	  -1.7083620e+01	   2.5738381e+01	
  -1.2716650e+01	  -1.7105506e+01	   2.7169831e+01	
  -1.3128152e+01	  -1.6947710e+01	   2.8628883e+01	
  -1.3476296e+01	  -1.6598830e+01	   3.0080283e+01	
  -1.3748688e+01	  -1.6055344e+01	   3.1484971e+01	
  -1.3934218e+01	  -1.5322995e+01	   3.2802375e+01	
  -1.4023856e+01	  -1.4417369e+01	   3.3993212e+01	
  -1.4011378e+01	  -1.3363484e+01	   3.5022489e+01	
  -1.3893931e+01	  -1.2194300e+01	   3.5862269e+01	
  -1.3672363e+01	  -1.0948303e+01	   3.6493802e+01	
  -1.3351248e+01	  -9.6664845e+00	   3.6908675e+01	
  -1.2938617e+01	  -8.3891417e+00	   3.7108837e+01	
  -1.2445419e+01	  -7.1529604e+00	   3.7105559e+01	
  -1.1884782e+01	  -5.9887561e+00	   3.6917561e+01	
  -1.1271174e+01	  -4.9200853e+00	   3.6568669e+01	
  -1.0619552e+01	  -3.9627684e+00	   3.6085377e+01	
  -9.9445930e+00	  -3.1252100e+00	   3.5494639e+01	
  -9.2600539e+00	  -2.4093081e+00	   3.4822097e+01	
  -8.5782969e+00	  -1.8117065e+00	   3.4090859e+01	
  -7.9099902e+00	  -1.3251660e+00	   3.3320790e+01	
  -7.2639640e+00	  -9.3988089e-01	   3.2528270e+01	
  -6.6471979e+00	  -6.4462774e-01	   3.1726282e+01	
  -6.0649093e+00	  -4.2769175e-01	   3.0924729e+01	
  -5.5207092e+00	  -2.7756008e-01	   3.0130866e+01	
  -5.0167997e+00	  -1.8340047e-01	   2.9349775e+01	
  -4.5541877e+00	  -1.3535893e-01	   2.8584827e+01	
  -4.1329009e+00	  -1.2471509e-01	   2.7838090e+01	
  -3.7521914e+00	  -1.4393269e-01	   2.7110682e+01	
  -3.4107223e+00	  -1.8663736e-01	   2.6403050e+01	
  -3.1067306e+00	  -2.4754770e-01	   2.5715193e+01	
  -2.8381676e+00	  -3.2237949e-01	   2.5046825e+01	
  -2.6028159e+00	  -4.0773746e-01	   2.4397493e+01	
  -2.3983842e+00	  -5.0100425e-01	   2.3766666e+01	
  -2.2225837e+00	  -6.0023333e-01	   2.3153784e+01	
  -2.0731865e+00	  -7.0404958e-01	   2.2558301e+01	
  -1.9480698e+00	  -8.1155987e-01	   2.1979703e+01	
  -1.8452480e+00	  -9.2227439e-01	   2.1417522e+01	
  -1.7628944e+00	  -1.0360390e+00	   2.0871342e+01	
  -1.6993555e+00	  -1.1529778e+00	   2.0340801e+01	
  -1.6531584e+00	  -1.2734462e+00	   1.9825592e+01	
  -1.6230139e+00	  -1.3979921e+00	   1.9325465e+01	
  -1.6078155e+00	  -1.5273253e+00	   1.8840224e+01	
  -1.6066365e+00	  -1.6622941e+00	   1.8369730e+01	
  -1.6187250e+00	  -1.8038682e+00	   1.7913903e+01	
  -1.6434985e+00	  -1.9531258e+00	   1.7472727e+01	
  -1.6805371e+00	  -2.1112463e+00	   1.7046253e+01	
  -1.7295782e+00	  -2.2795058e+00	   1.6634610e+01	
  -1.7905100e+00	  -2.4592760e+00	   1.6238012e+01	
  -1.8633666e+00	  -2.6520251e+00	   1.5856772e+01	
  -1.9483233e+00	  -2.8593205e+00	   1.5491314e+01	
  -2.0456929e+00	  -3.0828321e+00	   1.5142195e+01	
  -2.1559223e+00	  -3.3243365e+00	   1.4810125e+01	
  -2.2795904e+00	  -3.5857195e+00	   1.4495991e+01	
  -2.4174058e+00	  -3.8689786e+00	   1.4200889e+01	
  -2.5702050e+00	  -4.1762216e+00	   1.3926159e+01	
  -2.7389508e+00	  -4.5096619e+00	   1.3673429e+01	
  -2.9247297e+00	  -4.8716076e+00	   1.3444659e+01	
  -3.1287482e+00	  -5.2644437e+00	   1.3242198e+01	
  -3.3523276e+00	  -5.6906027e+00	   1.3068847e+01	
  -3.5968957e+00	  -6.1525218e+00	   1.2927930e+01	
  -3.8639741e+00	  -6.6525824e+00	   1.2823373e+01	
  -4.1551602e+00	  -7.1930256e+00	   1.2759785e+01	
  -4.4721015e+00	  -7.7758396e+00	   1.2742547e+01	
  -4.8164598e+00	  -8.4026103e+00	   1.2777902e+01	
  -5.1898625e+00	  -9.0743281e+00	   1.2873034e+01	
  -5.5938381e+00	  -9.7911424e+00	   1.3036132e+01	
  -6.0297308e+00	  -1.0552056e+01	   1.3276424e+01	
  -6.4985919e+00	  -1.1354551e+01	   1.3604157e+01	
  -7.0010419e+00	  -1.2194151e+01	   1.4030503e+01	
  -7.5371010e+00	  -1.3063908e+01	   1.4567351e+01	
  -8.1059848e+00	  -1.3953852e+01	   1.5226952e+01	
  -8.7058650e+00	  -1.4850415e+01	   1.6021355e+01	
  -9.3336002e+00	  -1.5735897e+01	   1.6961614e+01	
  -9.9844464e+00	  -1.6588056e+01	   1.8056704e+01	
  -1.0651766e+01	  -1.7379939e+01	   1.9312150e+01	
  -1.1326769e+01	  -1.8080104e+01	   2.0728381e+01	
  -1.1998320e+01	  -1.8653405e+01	   2.2298928e+01	
  -1.2652876e+01	  -1.9062485e+01	   2.4008624e+01	
  -1.3274614e+01	  -1.9270091e+01	   2.5832106e+01	
  -1.3845797e+01	  -1.9242195e+01	   2.7732984e+01	
  -1.4347446e+01	  -1.8951716e+01	   2.9664071e+01	
  -1.4760303e+01	  -1.8382442e+01	   3.1569049e+01	
  -1.5066072e+01	  -1.7532526e+01	   3.3385703e+01	
  -1.5248819e+01	  -1.6416819e+01	   3.5050604e+01	
  -1.5296376e+01	  -1.5067380e+01	   3.6504720e+01	
  -1.5201553e+01	  -1.3531746e+01	   3.7699102e+01	
  -1.4962970e+01	  -1.1869039e+01	   3.8599648e+01	
  -1.4585345e+01	  -1.0144438e+01	   3.9190045e+01	
  -1.4079190e+01	  -8.4229778e+00	   3.9472367e+01	
  -1.3459962e+01	  -6.7637451e+00	   3.9465322e+01	
  -1.2746792e+01	  -5.2154005e+00	   3.9200652e+01	
  -1.1961004e+01	  -3.8135576e+00	   3.8718512e+01	
  -1.1124616e+01	  -2.5801067e+00	   3.8062710e+01	
  -1.0259003e+01	  -1.5241775e+00	   3.7276558e+01	
  -9.3838406e+00	  -6.4421024e-01	   3.6399761e+01	
  -8.5163679e+00	   6.9435567e-02	   3.5466496e+01	
  -7.6709855e+00	   6.3182344e-01	   3.4504575e+01	
  -6.8591249e+00	   1.0610673e+00	   3.3535453e+01	
  -6.0893377e+00	   1.3764194e+00	   3.2574798e+01	
  -5.3675336e+00	   1.5968650e+00	   3.1633365e+01	
  -4.6973054e+00	   1.7401882e+00	   3.0717975e+01	
  -4.0802932e+00	   1.8224255e+00	   2.9832452e+01	
  -3.5165506e+00	   1.8576151e+00	   2.8978455e+01	
  -3.0048892e+00	   1.8577529e+00	   2.8156155e+01	
  -2.5431877e+00	   1.8328819e+00	   2.7364771e+01	
  -2.1286590e+00	   1.7912600e+00	   2.6602966e+01	
  -1.7580732e+00	   1.7395646e+00	   2.5869124e+01	
  -1.4279402e+00	   1.6831093e+00	   2.5161546e+01	
  -1.1346540e+00	   1.6260543e+00	   2.4478566e+01	
  -8.7460320e-01	   1.5716023e+00	   2.3818625e+01	
  -6.4425479e-01	   1.5221743e+00	   2.3180302e+01	
  -4.4021291e-01	   1.4795640e+00	   2.2562333e+01	
  -2.5925904e-01	   1.4450713e+00	   2.1963604e+01	
  -9.8376478e-02	   1.4196160e+00	   2.1383146e+01	
   4.5237457e-02	   1.4038328e+00	   2.0820116e+01	
   1.7416865e-01	   1.3981514e+00	   2.0273785e+01	
   2.9079059e-01	   1.4028624e+00	   1.9743523e+01	
   3.9727406e-01	   1.4181713e+00	   1.9228788e+01	
   4.9560049e-01	   1.4442423e+00	   1.8729112e+01	
   5.8757791e-01	   1.4812349e+00	   1.8244094e+01	
   6.7485840e-01	   1.5293323e+00	   1.7773397e+01	
   7.5895642e-01	   1.5887654e+00	   1.7316737e+01	
   8.4126733e-01	   1.6598317e+00	   1.6873887e+01	
   9.2308594e-01	   1.7429113e+00	   1.6444675e+01	
   1.0056245e+00	   1.8384804e+00	   1.6028986e+01	
   1.0900304e+00	   1.9471219e+00	   1.5626765e+01	
   1.1774028e+00	   2.0695358e+00	   1.5238023e+01	
   1.2688090e+00	   2.2065481e+00	   1.4862845e+01	
   1.3652996e+00	   2.3591188e+00	   1.4501403e+01	
   1.4679236e+00	   2.5283500e+00	   1.4153962e+01	
   1.5777420e+00	   2.7154930e+00	   1.3820900e+01	
   1.6958416e+00	   2.9219552e+00	   1.3502728e+01	
   1.8233474e+00	   3.1493063e+00	   1.3200107e+01	
   1.9614347e+00	   3.3992833e+00	   1.2913882e+01	
   2.1113408e+00	   3.6737939e+00	   1.2645107e+01	
   2.2743747e+00	   3.9749171e+00	   1.2395090e+01	
   2.4519272e+00	   4.3049003e+00	   1.2165433e+01	
   2.6454783e+00	   4.6661509e+00	   1.1958088e+01	
   2.8566032e+00	   5.0612200e+00	   1.1775415e+01	
   3.0869763e+00	   5.4927761e+00	   1.1620259e+01	
   3.3383703e+00	   5.9635647e+00	   1.1496028e+01	
   3.6126522e+00	   6.4763489e+00	   1.1406783e+01	
   3.9117718e+00	   7.0338260e+00	   1.1357346e+01	
   4.2377421e+00	   7.6385121e+00	   1.1353405e+01	
   4.5926094e+00	   8.2925870e+00	   1.1401631e+01	
   4.9784082e+00	   8.9976879e+00	   1.1509793e+01	
   5.3970985e+00	   9.7546426e+00	   1.1686856e+01	
   5.8504799e+00	   1.0563130e+01	   1.1943059e+01	
   6.3400777e+00	   1.1421254e+01	   1.2289941e+01	
   6.8669952e+00	   1.2325030e+01	   1.2740285e+01	
   7.4317261e+00	   1.3267778e+01	   1.3307947e+01	
   8.0339233e+00	   1.4239428e+01	   1.4007511e+01	
   8.6721211e+00	   1.5225787e+01	   1.4853709e+01	
   9.3434130e+00	   1.6207810e+01	   1.5860548e+01	
   1.0043096e+01	   1.7160974e+01	   1.7040079e+01	
   1.0764301e+01	   1.8054915e+01	   1.8400765e+01	
   1.1497639e+01	   1.8853500e+01	   1.9945477e+01	
   1.2230925e+01	   1.9515585e+01	   2.1669192e+01	
   1.2949040e+01	   1.9996662e+01	   2.3556628e+01	
   1.3634010e+01	   2.0251601e+01	   2.5580153e+01	
   1.4265399e+01	   2.0238492e+01	   2.7698468e+01	
   1.4821071e+01	   1.9923383e+01	   2.9856638e+01	
   1.5278359e+01	   1.9285395e+01	   3.1987972e+01	
   1.5615592e+01	   1.8321367e+01	   3.4018042e+01	
   1.5813850e+01	   1.7049015e+01	   3.5870687e+01	
   1.5858754e+01	   1.5507642e+01	   3.7475308e+01	
   1.5741994e+01	   1.3755835e+01	   3.8774272e+01	
   1.5462358e+01	   1.1866213e+01	   3.9729012e+01	
   1.5026046e+01	   9.9180760e+00	   4.0323582e+01	
   1.4446209e+01	   7.9892828e+00	   4.0564982e+01	
   1.3741782e+01	   6.1488996e+00	   4.0480367e+01	
   1.2935816e+01	   4.4518294e+00	   4.0111925e+01	
   1.2053589e+01	   2.9360546e+00	   3.9510661e+01	
   1.1120751e+01	   1.6224522e+00	   3.8730299e+01	
   1.0161739e+01	   5.1663473e-01	   3.7822247e+01	
   9.1985814e+00	  -3.8797829e-01	   3.6832100e+01	
   8.2501368e+00	  -1.1066430e+00	   3.5797743e+01	
   7.3317351e+00	  -1.6599346e+00	   3.4748811e+01	
   6.4551490e+00	  -2.0709212e+00	   3.3707132e+01	
   5.6288046e+00	  -2.3630199e+00	   3.2687739e+01	
   4.8581426e+00	  -2.5585288e+00	   3.1700150e+01	
   4.1460560e+00	  -2.6777397e+00	   3.0749650e+01	
   3.4933479e+00	  -2.7384989e+00	   2.9838461e+01	
   2.8991705e+00	  -2.7560865e+00	   2.8966713e+01	
   2.3614243e+00	  -2.7433010e+00	   2.8133205e+01	
   1.8771034e+00	  -2.7106649e+00	   2.7335979e+01	
   1.4425862e+00	  -2.6666885e+00	   2.6572722e+01	
   1.0538719e+00	  -2.6181514e+00	   2.5841035e+01	
   7.0676768e-01	  -2.5703789e+00	   2.5138605e+01	
   3.9703296e-01	  -2.5274958e+00	   2.4463303e+01	
   1.2048687e-01	  -2.4926550e+00	   2.3813234e+01	
  -1.2691473e-01	  -2.4682358e+00	   2.3186749e+01	
  -3.4902716e-01	  -2.4560145e+00	   2.2582444e+01	
  -5.4948464e-01	  -2.4573084e+00	   2.1999141e+01	
  -7.3168366e-01	  -2.4730966e+00	   2.1435871e+01	
  -8.9877843e-01	  -2.5041199e+00	   2.0891853e+01	
  -1.0536854e+00	  -2.5509634e+00	   2.0366473e+01	
  -1.1990943e+00	  -2.6141240e+00	   1.9859269e+01	
  -1.3374844e+00	  -2.6940644e+00	   1.9369919e+01	
  -1.4711429e+00	  -2.7912579e+00	   1.8898230e+01	
  -1.6021867e+00	  -2.9062227e+00	   1.8444140e+01	
  -1.7325835e+00	  -3.0395505e+00	   1.8007712e+01	
  -1.8641750e+00	  -3.1919275e+00	   1.7589142e+01	
  -1.9986976e+00	  -3.3641507e+00	   1.7188767e+01	
  -2.1378048e+00	  -3.5571402e+00	   1.6807076e+01	
  -2.2830859e+00	  -3.7719459e+00	   1.6444729e+01	
  -2.4360859e+00	  -4.0097517e+00	   1.6102575e+01	
  -2.5983216e+00	  -4.2718745e+00	   1.5781682e+01	
  -2.7712971e+00	  -4.5597584e+00	   1.5483362e+01	
  -2.9565164e+00	  -4.8749638e+00	   1.5209215e+01	
  -3.1554939e+00	  -5.2191494e+00	   1.4961162e+01	
  -3.3697615e+00	  -5.5940457e+00	   1.4741498e+01	
  -3.6008719e+00	  -6.0014177e+00	   1.4552944e+01	
  -3.8503977e+00	  -6.4430138e+00	   1.4398703e+01	
  -4.1199249e+00	  -6.9204980e+00	   1.4282524e+01	
  -4.4110390e+00	  -7.4353605e+00	   1.4208769e+01	
  -4.7253039e+00	  -7.9888027e+00	   1.4182474e+01	
  -5.0642289e+00	  -8.5815902e+00	   1.4209413e+01	
  -5.4292243e+00	  -9.2138690e+00	   1.4296141e+01	
  -5.8215411e+00	  -9.8849392e+00	   1.4450026e+01	
  -6.2421930e+00	  -1.0592981e+01	   1.4679238e+01	
  -6.6918567e+00	  -1.1334731e+01	   1.4992686e+01	
  -7.1707497e+00	  -1.2105113e+01	   1.5399890e+01	
  -7.6784813e+00	  -1.2896827e+01	   1.5910740e+01	
  -8.2138782e+00	  -1.3699916e+01	   1.6535129e+01	
  -8.7747861e+00	  -1.4501357e+01	   1.7282424e+01	
  -9.3578528e+00	  -1.5284695e+01	   1.8160736e+01	
  -9.9583040e+00	  -1.6029835e+01	   1.9175994e+01	
  -1.0569731e+01	  -1.6713046e+01	   2.0330805e+01	
  -1.1183911e+01	  -1.7307311e+01	   2.1623154e+01	
  -1.1790708e+01	  -1.7783130e+01	   2.3045038e+01	
  -1.2378072e+01	  -1.8109875e+01	   2.4581183e+01	
  -1.2932208e+01	  -1.8257731e+01	   2.6208068e+01	
  -1.3437935e+01	  -1.8200185e+01	   2.7893520e+01	
  -1.3879269e+01	  -1.7916881e+01	   2.9597155e+01	
  -1.4240223e+01	  -1.7396511e+01	   3.1271879e+01	
  -1.4505798e+01	  -1.6639298e+01	   3.2866522e+01	
  -1.4663071e+01	  -1.5658567e+01	   3.4329447e+01	
  -1.4702262e+01	  -1.4480960e+01	   3.5612769e+01	
  -1.4617655e+01	  -1.3145050e+01	   3.6676564e+01	
  -1.4408212e+01	  -1.1698421e+01	   3.7492392e+01	
  -1.4077794e+01	  -1.0193583e+01	   3.8045529e+01	
  -1.3634947e+01	  -8.6833843e+00	   3.8335535e+01	
  -1.3092269e+01	  -7.2166333e+00	   3.8375144e+01	
  -1.2465462e+01	  -5.8345977e+00	   3.8187775e+01	
  -1.1772198e+01	  -4.5687802e+00	   3.7804214e+01	
  -1.1030959e+01	  -3.4400864e+00	   3.7259075e+01	
  -1.0259953e+01	  -2.4592302e+00	   3.6587564e+01	
  -9.4762332e+00	  -1.6280465e+00	   3.5822919e+01	
  -8.6950492e+00	  -9.4131834e-01	   3.4994671e+01	
  -7.9294411e+00	  -3.8876276e-01	   3.4127712e+01	
  -7.1900615e+00	   4.3098137e-02	   3.3242040e+01	
  -6.4851777e+00	   3.6934432e-01	   3.2352986e+01	
  -5.8208095e+00	   6.0541499e-01	   3.1471753e+01	
  -5.2009547e+00	   7.6621744e-01	   3.0606092e+01	
  -4.6278622e+00	   8.6554717e-01	   2.9761006e+01	
  -4.1023219e+00	   9.1575983e-01	   2.8939409e+01	
  -3.6239488e+00	   9.2763209e-01	   2.8142697e+01	
  -3.1914460e+00	   9.1035480e-01	   2.7371208e+01	
  -2.8028389e+00	   8.7161174e-01	   2.6624589e+01	
  -2.4556779e+00	   8.1770852e-01	   2.5902063e+01	
  -2.1472066e+00	   7.5372597e-01	   2.5202627e+01	
  -1.8745003e+00	   6.8368067e-01	   2.4525183e+01	
  -1.6345754e+00	   6.1068142e-01	   2.3868622e+01	
  -1.4244744e+00	   5.3707501e-01	   2.3231882e+01	
  -1.2413296e+00	   4.6457790e-01	   2.2613971e+01	
  -1.0824082e+00	   3.9439230e-01	   2.2013982e+01	
  -9.4514407e-01	   3.2730665e-01	   2.1431094e+01	
  -8.2715673e-01	   2.6378129e-01	   2.0864570e+01	
  -7.2626127e-01	   2.0402032e-01	   2.0313743e+01	
  -6.4047123e-01	   1.4803122e-01	   1.9778017e+01	
  -5.6799600e-01	   9.5673602e-02	   1.9256847e+01	
  -5.0723423e-01	   4.6698519e-02	   1.8749741e+01	
  -4.5676464e-01	   7.7963716e-04	   1.8256242e+01	
  -4.1533496e-01	  -4.2462427e-02	   1.7775932e+01	
  -3.8185002e-01	  -8.3441568e-02	   1.7308419e+01	
  -3.5535932e-01	  -1.2259246e-01	   1.6853335e+01	
  -3.3504482e-01	  -1.6036079e-01	   1.6410333e+01	
  -3.2020894e-01	  -1.9719674e-01	   1.5979085e+01	
  -3.1026342e-01	  -2.3355106e-01	   1.5559276e+01	
  -3.0471881e-01	  -2.6987335e-01	   1.5150608e+01	
  -3.0317494e-01	  -3.0661194e-01	   1.4752795e+01	
  -3.0531240e-01	  -3.4421519e-01	   1.4365562e+01	
  -3.1088491e-01	  -3.8313385e-01	   1.3988648e+01	
  -3.1971279e-01	  -4.2382432e-01	   1.3621802e+01	
  -3.3167731e-01	  -4.6675261e-01	   1.3264785e+01	
  -3.4671602e-01	  -5.1239891e-01	   1.2917369e+01	
  -3.6481902e-01	  -5.6126266e-01	   1.2579342e+01	
  -3.8602602e-01	  -6.1386813e-01	   1.2250502e+01	
  -4.1042430e-01	  -6.7077044e-01	   1.1930662e+01	
  -4.3814740e-01	  -7.3256204e-01	   1.1619652e+01	
  -4.6937462e-01	  -7.9987970e-01	   1.1317319e+01	
  -5.0433124e-01	  -8.7341191e-01	   1.1023529e+01	
  -5.4328944e-01	  -9.5390699e-01	   1.0738174e+01	
  -5.8656996e-01	  -1.0421817e+00	   1.0461169e+01	
  -6.3454442e-01	  -1.1391305e+00	   1.0192459e+01	
  -6.8763837e-01	  -1.2457357e+00	   9.9320279e+00	
  -7.4633500e-01	  -1.3630783e+00	   9.6798990e+00	
  -8.1117965e-01	  -1.4923495e+00	   9.4361468e+00	
  -8.8278497e-01	  -1.6348636e+00	   9.2009048e+00	
  -9.6183686e-01	  -1.7920711e+00	   8.9743781e+00	
  -1.0491011e+00	  -1.9655735e+00	   8.7568578e+00	
  -1.1454311e+00	  -2.1571380e+00	   8.5487381e+00	
  -1.2517757e+00	  -2.3687140e+00	   8.3505386e+00	
  -1.3691883e+00	  -2.6024485e+00	   8.1629298e+00	
  -1.4988370e+00	  -2.8607032e+00	   7.9867661e+00	
  -1.6420142e+00	  -3.1460696e+00	   7.8231239e+00	
  -1.8001477e+00	  -3.4613833e+00	   7.6733498e+00	
  -1.9748115e+00	  -3.8097351e+00	   7.5391176e+00	
  -2.1677366e+00	  -4.1944777e+00	   7.4224978e+00	
  -2.3808211e+00	  -4.6192251e+00	   7.3260411e+00	
  -2.6161385e+00	  -5.0878406e+00	   7.2528779e+00	
  -2.8759438e+00	  -5.6044103e+00	   7.2068366e+00	
  -3.1626749e+00	  -6.1731938e+00	   7.1925827e+00	
  -3.4789486e+00	  -6.7985447e+00	   7.2157803e+00	
  -3.8275468e+00	  -7.4847897e+00	   7.2832761e+00	
  -4.2113902e+00	  -8.2360517e+00	   7.4033046e+00	
  -4.6334942e+00	  -9.0559995e+00	   7.5857102e+00	
  -5.0969010e+00	  -9.9475028e+00	   7.8421740e+00	
  -5.6045793e+00	  -1.0912167e+01	   8.1864282e+00	
  -6.1592830e+00	  -1.1949718e+01	   8.6344272e+00	
  -6.7633556e+00	  -1.3057218e+01	   9.2044278e+00	
  -7.4184704e+00	  -1.4228081e+01	   9.9169122e+00	
  -8.1252911e+00	  -1.5450893e+01	   1.0794257e+01	
  -8.8830444e+00	  -1.6708057e+01	   1.1860031e+01	
  -9.6889985e+00	  -1.7974350e+01	   1.3137764e+01	
  -1.0537855e+01	  -1.9215540e+01	   1.4649051e+01	
  -1.1421084e+01	  -2.0387344e+01	   1.6410837e+01	
  -1.2326247e+01	  -2.1435099e+01	   1.8431845e+01	
  -1.3236417e+01	  -2.2294677e+01	   2.0708269e+01	
  -1.4129819e+01	  -2.2895193e+01	   2.3219116e+01	
  -1.4979869e+01	  -2.3163975e+01	   2.5921944e+01	
  -1.5755799e+01	  -2.3033963e+01	   2.8750133e+01	
  -1.6424033e+01	  -2.2453064e+01	   3.1613014e+01	
  -1.6950367e+01	  -2.1394199e+01	   3.4400112e+01	
  -1.7302845e+01	  -1.9863958e+01	   3.6990034e+01	
  -1.7455023e+01	  -1.7907393e+01	   3.9263373e+01	
  -1.7389102e+01	  -1.5606864e+01	   4.1117539e+01	
  -1.7098328e+01	  -1.3074201e+01	   4.2480333e+01	
  -1.6588130e+01	  -1.0437334e+01	   4.3318974e+01	
  -1.5875730e+01	  -7.8242747e+00	   4.3642347e+01	
  -1.4988275e+01	  -5.3481182e+00	   4.3496221e+01	
  -1.3959909e+01	  -3.0961726e+00	   4.2953136e+01	
  -1.2828356e+01	  -1.1248346e+00	   4.2099861e+01	
  -1.1631621e+01	   5.3995790e-01	   4.1025397e+01	
  -1.0405263e+01	   1.8981599e+00	   3.9811643e+01	
  -9.1804732e+00	   2.9689218e+00	   3.8527609e+01	
  -7.9830111e+00	   3.7835515e+00	   3.7227038e+01	
  -6.8328726e+00	   4.3793520e+00	   3.5948623e+01	
  -5.7445071e+00	   4.7949185e+00	   3.4717848e+01	
  -4.7273872e+00	   5.0669781e+00	   3.3549570e+01	
  -3.7867578e+00	   5.2285658e+00	   3.2450702e+01	
  -2.9244356e+00	   5.3082090e+00	   3.1422636e+01	
  -2.1395750e+00	   5.3297940e+00	   3.0463215e+01	
  -1.4293526e+00	   5.3128414e+00	   2.9568244e+01	
  -7.8954759e-01	   5.2729902e+00	   2.8732567e+01	
  -2.1501815e-01	   5.2225594e+00	   2.7950791e+01	
   2.9992287e-01	   5.1711060e+00	   2.7217742e+01	
   7.6121820e-01	   5.1259379e+00	   2.6528728e+01	
   1.1748501e+00	   5.0925625e+00	   2.5879661e+01	
   1.5466843e+00	   5.0750679e+00	   2.5267100e+01	
   1.8823615e+00	   5.0764382e+00	   2.4688239e+01	
   2.1872271e+00	   5.0988120e+00	   2.4140863e+01	
   2.4662888e+00	   5.1436899e+00	   2.3623297e+01	
   2.7241968e+00	   5.2121006e+00	   2.3134348e+01	
   2.9652390e+00	   5.3047304e+00	   2.2673254e+01	
   3.1933481e+00	   5.4220235e+00	   2.2239639e+01	
   3.4121165e+00	   5.5642574e+00	   2.1833474e+01	
   3.6248152e+00	   5.7315967e+00	   2.1455054e+01	
   3.8344156e+00	   5.9241287e+00	   2.1104971e+01	
   4.0436118e+00	   6.1418838e+00	   2.0784108e+01	
   4.2548420e+00	   6.3848402e+00	   2.0493627e+01	
   4.4703075e+00	   6.6529171e+00	   2.0234971e+01	
   4.6919886e+00	   6.9459536e+00	   2.0009861e+01	
   4.9216571e+00	   7.2636773e+00	   1.9820300e+01	
   5.1608827e+00	   7.6056594e+00	   1.9668574e+01	
   5.4110355e+00	   7.9712587e+00	   1.9557250e+01	
   5.6732809e+00	   8.3595528e+00	   1.9489167e+01	
   5.9485690e+00	   8.7692575e+00	   1.9467421e+01	
   6.2376161e+00	   9.1986356e+00	   1.9495336e+01	
   6.5408788e+00	   9.6453936e+00	   1.9576412e+01	
   6.8585209e+00	   1.0106572e+01	   1.9714261e+01	
   7.1903721e+00	   1.0578432e+01	   1.9912506e+01	
   7.5358800e+00	   1.1056342e+01	   2.0174651e+01	
   7.8940568e+00	   1.1534672e+01	   2.0503915e+01	
   8.2634213e+00	   1.2006718e+01	   2.0903015e+01	
   8.6419409e+00	   1.2464645e+01	   2.1373920e+01	
   9.0269764e+00	   1.2899501e+01	   2.1917547e+01	
   9.4152361e+00	   1.3301283e+01	   2.2533437e+01	
   9.8027452e+00	   1.3659102e+01	   2.3219408e+01	
   1.0184839e+01	   1.3961458e+01	   2.3971209e+01	
   1.0556187e+01	   1.4196626e+01	   2.4782218e+01	
   1.0910860e+01	   1.4353171e+01	   2.5643212e+01	
   1.1242445e+01	   1.4420566e+01	   2.6542262e+01	
   1.1544207e+01	   1.4389902e+01	   2.7464796e+01	
   1.1809315e+01	   1.4254614e+01	   2.8393873e+01	
   1.2031102e+01	   1.4011178e+01	   2.9310685e+01	
   1.2203375e+01	   1.3659690e+01	   3.0195282e+01	
   1.2320727e+01	   1.3204234e+01	   3.1027500e+01	
   1.2378855e+01	   1.2652980e+01	   3.1787997e+01	
   1.2374830e+01	   1.2017965e+01	   3.2459334e+01	
   1.2307317e+01	   1.1314548e+01	   3.3026955e+01	
   1.2176695e+01	   1.0560572e+01	   3.3479978e+01	
   1.1985085e+01	   9.7753391e+00	   3.3811706e+01	
   1.1736267e+01	   8.9784727e+00	   3.4019789e+01	
   1.1435501e+01	   8.1888249e+00	   3.4106062e+01	
   1.1089263e+01	   7.4235136e+00	   3.4076069e+01	
   1.0704925e+01	   6.6971874e+00	   3.3938376e+01	
   1.0290415e+01	   6.0215595e+00	   3.3703751e+01	
   9.8538680e+00	   5.4052167e+00	   3.3384314e+01	
   9.4033141e+00	   4.8536768e+00	   3.2992749e+01	
   8.9464046e+00	   4.3696429e+00	   3.2541626e+01	
   8.4901991e+00	   3.9533922e+00	   3.2042876e+01	
   8.0410131e+00	   3.6032370e+00	   3.1507423e+01	
   7.6043249e+00	   3.3160053e+00	   3.0944973e+01	
   7.1847364e+00	   3.0874986e+00	   3.0363924e+01	
   6.7859793e+00	   2.9128997e+00	   2.9771379e+01	
   6.4109557e+00	   2.7871158e+00	   2.9173227e+01	
   6.0618052e+00	   2.7050509e+00	   2.8574268e+01	
   5.7399869e+00	   2.6618118e+00	   2.7978360e+01	
   5.4463716e+00	   2.6528524e+00	   2.7388569e+01	
   5.1813353e+00	   2.6740679e+00	   2.6807318e+01	
   4.9448509e+00	   2.7218458e+00	   2.6236513e+01	
   4.7365753e+00	   2.7930872e+00	   2.5677668e+01	
   4.5559274e+00	   2.8852022e+00	   2.5131995e+01	
   4.4021594e+00	   2.9960902e+00	   2.4600495e+01	
   4.2744166e+00	   3.1241091e+00	   2.4084020e+01	
   4.1717905e+00	   3.2680378e+00	   2.3583332e+01	
   4.0933615e+00	   3.4270357e+00	   2.3099149e+01	
   4.0382340e+00	   3.6006015e+00	   2.2632178e+01	
   4.0055650e+00	   3.7885323e+00	   2.2183151e+01	
   3.9945850e+00	   3.9908843e+00	   2.1752852e+01	
   4.0046144e+00	   4.2079359e+00	   2.1342138e+01	
   4.0350738e+00	   4.4401514e+00	   2.0951965e+01	
   4.0854907e+00	   4.6881472e+00	   2.0583408e+01	
   4.1555024e+00	   4.9526582e+00	   2.0237682e+01	
   4.2448551e+00	   5.2345047e+00	   1.9916170e+01	
   4.3533996e+00	   5.5345568e+00	   1.9620436e+01	
   4.4810849e+00	   5.8536981e+00	   1.9352259e+01	
   4.6279479e+00	   6.1927843e+00	   1.9113645e+01	
   4.7941003e+00	   6.5525974e+00	   1.8906862e+01	
   4.9797117e+00	   6.9337919e+00	   1.8734452e+01	
   5.1849893e+00	   7.3368336e+00	   1.8599255e+01	
   5.4101531e+00	   7.7619272e+00	   1.8504423e+01	
   5.6554054e+00	   8.2089319e+00	   1.8453426e+01	
   5.9208953e+00	   8.6772646e+00	   1.8450050e+01	
   6.2066765e+00	   9.1657884e+00	   1.8498373e+01	
   6.5126575e+00	   9.6726876e+00	   1.8602734e+01	
   6.8385445e+00	   1.0195331e+01	   1.8767657e+01	
   7.1837758e+00	   1.0730124e+01	   1.8997757e+01	
   7.5474485e+00	   1.1272362e+01	   1.9297592e+01	
   7.9282384e+00	   1.1816088e+01	   1.9671476e+01	
   8.3243148e+00	   1.2353967e+01	   2.0123222e+01	
   8.7332529e+00	   1.2877204e+01	   2.0655836e+01	
   9.1519498e+00	   1.3375520e+01	   2.1271147e+01	
   9.5765498e+00	   1.3837211e+01	   2.1969380e+01	
   1.0002388e+01	   1.4249329e+01	   2.2748699e+01	
   1.0423965e+01	   1.4597999e+01	   2.3604742e+01	
   1.0834955e+01	   1.4868903e+01	   2.4530190e+01	
   1.1228279e+01	   1.5047936e+01	   2.5514433e+01	
   1.1596231e+01	   1.5122020e+01	   2.6543394e+01	
   1.1930681e+01	   1.5080040e+01	   2.7599576e+01	
   1.2223351e+01	   1.4913835e+01	   2.8662402e+01	
   1.2466153e+01	   1.4619141e+01	   2.9708873e+01	
   1.2651586e+01	   1.4196368e+01	   3.0714548e+01	
   1.2773150e+01	   1.3651091e+01	   3.1654790e+01	
   1.2825748e+01	   1.2994154e+01	   3.2506186e+01	
   1.2806042e+01	   1.2241306e+01	   3.3247985e+01	
   1.2712719e+01	   1.1412402e+01	   3.3863386e+01	
   1.2546628e+01	   1.0530198e+01	   3.4340535e+01	
   1.2310790e+01	   9.6189120e+00	   3.4673087e+01	
   1.2010249e+01	   8.7026846e+00	   3.4860288e+01	
   1.1651802e+01	   7.8041437e+00	   3.4906583e+01	
   1.1243633e+01	   6.9432121e+00	   3.4820848e+01	
   1.0794875e+01	   6.1362673e+00	   3.4615350e+01	
   1.0315160e+01	   5.3956927e+00	   3.4304595e+01	
   9.8141839e+00	   4.7298053e+00	   3.3904209e+01	
   9.3013231e+00	   4.1430982e+00	   3.3429936e+01	
   8.7853230e+00	   3.6367091e+00	   3.2896853e+01	
   8.2740668e+00	   3.2090233e+00	   3.2318795e+01	
   7.7744270e+00	   2.8563247e+00	   3.1708018e+01	
   7.2921927e+00	   2.5734294e+00	   3.1075040e+01	
   6.8320609e+00	   2.3542539e+00	   3.0428648e+01	
   6.3976791e+00	   2.1922942e+00	   2.9775996e+01	
   5.9917242e+00	   2.0810061e+00	   2.9122783e+01	
   5.6160053e+00	   2.0140885e+00	   2.8473451e+01	
   5.2715800e+00	   1.9856809e+00	   2.7831402e+01	
   4.9588741e+00	   1.9904881e+00	   2.7199195e+01	
   4.6777990e+00	   2.0238477e+00	   2.6578729e+01	
   4.4278630e+00	   2.0817533e+00	   2.5971401e+01	
   4.2082709e+00	   2.1608457e+00	   2.5378233e+01	
   4.0180142e+00	   2.2583838e+00	   2.4799981e+01	
   3.8559472e+00	   2.3722013e+00	   2.4237220e+01	
   3.7208532e+00	   2.5006562e+00	   2.3690410e+01	
   3.6114983e+00	   2.6425782e+00	   2.3159949e+01	
   3.5266750e+00	   2.7972154e+00	   2.2646211e+01	
   3.4652376e+00	   2.9641840e+00	   2.2149581e+01	
   3.4261288e+00	   3.1434219e+00	   2.1670481e+01	
   3.4083996e+00	   3.3351450e+00	   2.1209389e+01	
   3.4112241e+00	   3.5398097e+00	   2.0766864e+01	
   3.4339082e+00	   3.7580772e+00	   2.0343561e+01	
   3.4758957e+00	   3.9907828e+00	   1.9940251e+01	
   3.5367700e+00	   4.2389067e+00	   1.9557839e+01	
   3.6162533e+00	   4.5035473e+00	   1.9197389e+01	
   3.7142035e+00	   4.7858942e+00	   1.8860144e+01	
   3.8306084e+00	   5.0872008e+00	   1.8547549e+01	
   3.9655782e+00	   5.4087547e+00	   1.8261283e+01	
   4.1193355e+00	   5.7518445e+00	   1.8003283e+01	
   4.2922027e+00	   6.1177204e+00	   1.7775778e+01	
   4.4845870e+00	   6.5075477e+00	   1.7581319e+01	
   4.6969613e+00	   6.9223503e+00	   1.7422812e+01	
   4.9298413e+00	   7.3629420e+00	   1.7303546e+01	
   5.1837576e+00	   7.8298430e+00	   1.7227223e+01	
   5.4592218e+00	   8.3231797e+00	   1.7197970e+01	
   5.7566848e+00	   8.8425649e+00	   1.7220353e+01	
   6.0764875e+00	   9.3869573e+00	   1.7299359e+01	
   6.4188009e+00	   9.9544989e+00	   1.7440366e+01	
   6.7835564e+00	   1.0542333e+01	   1.7649067e+01	
   7.1703634e+00	   1.1146402e+01	   1.7931356e+01	
   7.5784163e+00	   1.1761244e+01	   1.8293161e+01	
   8.0063893e+00	   1.2379778e+01	   1.8740193e+01	
   8.4523237e+00	   1.2993125e+01	   1.9277629e+01	
   8.9135088e+00	   1.3590462e+01	   1.9909699e+01	
   9.3863654e+00	   1.4158968e+01	   2.0639180e+01	
   9.8663398e+00	   1.4683881e+01	   2.1466810e+01	
   1.0347821e+01	   1.5148720e+01	   2.2390643e+01	
   1.0824098e+01	   1.5535723e+01	   2.3405379e+01	
   1.1287371e+01	   1.5826519e+01	   2.4501757e+01	
   1.1728843e+01	   1.6003062e+01	   2.5666072e+01	
   1.2138899e+01	   1.6048809e+01	   2.6879937e+01	
   1.2507390e+01	   1.5950064e+01	   2.8120398e+01	
   1.2824025e+01	   1.5697394e+01	   2.9360482e+01	
   1.3078857e+01	   1.5286936e+01	   3.0570238e+01	
   1.3262828e+01	   1.4721421e+01	   3.1718243e+01	
   1.3368345e+01	   1.4010706e+01	   3.2773487e+01	
   1.3389820e+01	   1.3171680e+01	   3.3707427e+01	
   1.3324115e+01	   1.2227467e+01	   3.4495987e+01	
   1.3170835e+01	   1.1205989e+01	   3.5121216e+01	
   1.2932435e+01	   1.0138020e+01	   3.5572396e+01	
   1.2614118e+01	   9.0550134e+00	   3.5846438e+01	
   1.2223528e+01	   7.9869543e+00	   3.5947545e+01	
   1.1770287e+01	   6.9605229e+00	   3.5886242e+01	
   1.1265425e+01	   5.9977508e+00	   3.5677955e+01	
   1.0720761e+01	   5.1152658e+00	   3.5341361e+01	
   1.0148302e+01	   4.3241162e+00	   3.4896750e+01	
   9.5597035e+00	   3.6300856e+00	   3.4364564e+01	
   8.9658340e+00	   3.0343600e+00	   3.3764246e+01	
   8.3764529e+00	   2.5343991e+00	   3.3113436e+01	
   7.8000071e+00	   2.1248755e+00	   3.2427498e+01	
   7.2435346e+00	   1.7985769e+00	   3.1719344e+01	
   6.7126588e+00	   1.5472020e+00	   3.0999475e+01	
   6.2116524e+00	   1.3620149e+00	   3.0276172e+01	
   5.7435501e+00	   1.2343491e+00	   2.9555772e+01	
   5.3102917e+00	   1.1559686e+00	   2.8842983e+01	
   4.9128794e+00	   1.1193055e+00	   2.8141188e+01	
   4.5515381e+00	   1.1175985e+00	   2.7452737e+01	
   4.2258696e+00	   1.1449533e+00	   2.6779190e+01	
   3.9349951e+00	   1.1963485e+00	   2.6121531e+01	
   3.6776824e+00	   1.2676028e+00	   2.5480330e+01	
   3.4524573e+00	   1.3553187e+00	   2.4855877e+01	
   3.2576977e+00	   1.4568124e+00	   2.4248281e+01	
   3.0917116e+00	   1.5700390e+00	   2.3657541e+01	
   2.9528018e+00	   1.6935170e+00	   2.3083605e+01	
   2.8393156e+00	   1.8262567e+00	   2.2526406e+01	
   2.7496845e+00	   1.9676938e+00	   2.1985890e+01	
   2.6824539e+00	   2.1176306e+00	   2.1462037e+01	
   2.6363042e+00	   2.2761834e+00	   2.0954876e+01	
   2.6100660e+00	   2.4437383e+00	   2.0464499e+01	
   2.6027292e+00	   2.6209128e+00	   1.9991070e+01	
   2.6134487e+00	   2.8085246e+00	   1.9534837e+01	
   2.6415461e+00	   3.0075648e+00	   1.9096143e+01	
   2.6865094e+00	   3.2191769e+00	   1.8675439e+01	
   2.7479907e+00	   3.4446383e+00	   1.8273300e+01	
   2.8258028e+00	   3.6853456e+00	   1.7890443e+01	
   2.9199143e+00	   3.9428005e+00	   1.7527746e+01	
   3.0304442e+00	   4.2185965e+00	   1.7186271e+01	
   3.1576559e+00	   4.5144052e+00	   1.6867293e+01	
   3.3019496e+00	   4.8319596e+00	   1.6572331e+01	
   3.4638549e+00	   5.1730336e+00	   1.6303182e+01	
   3.6440205e+00	   5.5394162e+00	   1.6061963e+01	
   3.8432029e+00	   5.9328768e+00	   1.5851150e+01	
   4.0622527e+00	   6.3551210e+00	   1.5673628e+01	
   4.3020960e+00	   6.8077315e+00	   1.5532741e+01	
   4.5637127e+00	   7.2920931e+00	   1.5432339e+01	
   4.8481079e+00	   7.8092970e+00	   1.5376829e+01	
   5.1562759e+00	   8.3600194e+00	   1.5371220e+01	
   5.4891547e+00	   8.9443722e+00	   1.5421149e+01	
   5.8475690e+00	   9.5617204e+00	   1.5532901e+01	
   6.2321599e+00	   1.0210464e+01	   1.5713390e+01	
   6.6432986e+00	   1.0887782e+01	   1.5970100e+01	
   7.0809816e+00	   1.1589347e+01	   1.6310973e+01	
   7.5447082e+00	   1.2309002e+01	   1.6744212e+01	
   8.0333381e+00	   1.3038437e+01	   1.7277985e+01	
   8.5449311e+00	   1.3766868e+01	   1.7920010e+01	
   9.0765748e+00	   1.4480769e+01	   1.8676991e+01	
   9.6242065e+00	   1.5163701e+01	   1.9553910e+01	
   1.0182444e+01	   1.5796311e+01	   2.0553157e+01	
   1.0744443e+01	   1.6356572e+01	   2.1673547e+01	
   1.1301808e+01	   1.6820349e+01	   2.2909268e+01	
   1.1844578e+01	   1.7162361e+01	   2.4248885e+01	
   1.2361335e+01	   1.7357576e+01	   2.5674522e+01	
   1.2839449e+01	   1.7383021e+01	   2.7161429e+01	
   1.3265492e+01	   1.7219911e+01	   2.8678123e+01	
   1.3625817e+01	   1.6855875e+01	   3.0187259e+01	
   1.3907295e+01	   1.6287019e+01	   3.1647338e+01	
   1.4098149e+01	   1.5519440e+01	   3.3015198e+01	
   1.4188818e+01	   1.4569877e+01	   3.4249079e+01	
   1.4172744e+01	   1.3465241e+01	   3.5311910e+01	
   1.4046984e+01	   1.2240969e+01	   3.6174324e+01	
   1.3812554e+01	   1.0938346e+01	   3.6816962e+01	
   1.3474452e+01	   9.6011713e+00	   3.7231671e+01	
   1.3041348e+01	   8.2722599e+00	   3.7421458e+01	
   1.2524984e+01	   6.9902864e+00	   3.7399269e+01	
   1.1939363e+01	   5.7873849e+00	   3.7185867e+01	
   1.1299836e+01	   4.6877283e+00	   3.6807236e+01	
   1.0622189e+01	   3.7071145e+00	   3.6291912e+01	
   9.9218160e+00	   2.8534152e+00	   3.5668618e+01	
   9.2130566e+00	   2.1276425e+00	   3.4964396e+01	
   8.5087049e+00	   1.5253586e+00	   3.4203354e+01	
   7.8197128e+00	   1.0381811e+00	   3.3405992e+01	
   7.1550597e+00	   6.5520104e-01	   3.2589005e+01	
   6.5217601e+00	   3.6419763e-01	   3.1765450e+01	
   5.9249746e+00	   1.5259988e-01	   3.0945123e+01	
   5.3681889e+00	   8.1912116e-03	   3.0135065e+01	
   4.8534315e+00	  -8.0417142e-02	   2.9340080e+01	
   4.3815063e+00	  -1.2350362e-01	   2.8563234e+01	
   3.9522222e+00	  -1.3010081e-01	   2.7806297e+01	
   3.5646084e+00	  -1.0796611e-01	   2.7070102e+01	
   3.2171087e+00	  -6.3624034e-02	   2.6354842e+01	
   2.9077500e+00	  -2.4529931e-03	   2.5660289e+01	
   2.6342866e+00	   7.1203686e-02	   2.4985960e+01	
   2.3943179e+00	   1.5391694e-01	   2.4331235e+01	
   2.1853851e+00	   2.4305095e-01	   2.3695435e+01	
   2.0050462e+00	   3.3664815e-01	   2.3077877e+01	
   1.8509335e+00	   4.3332372e-01	   2.2477903e+01	
   1.7207971e+00	   5.3217149e-01	   2.1894901e+01	
   1.6125345e+00	   6.3268182e-01	   2.1328313e+01	
   1.5242112e+00	   7.3467133e-01	   2.0777638e+01	
   1.4540725e+00	   8.3822373e-01	   2.0242429e+01	
   1.4005497e+00	   9.4364110e-01	   1.9722297e+01	
   1.3622612e+00	   1.0514043e+00	   1.9216901e+01	
   1.3380097e+00	   1.1621420e+00	   1.8725953e+01	
   1.3267780e+00	   1.2766061e+00	   1.8249210e+01	
   1.3277223e+00	   1.3956547e+00	   1.7786480e+01	
   1.3401657e+00	   1.5202392e+00	   1.7337619e+01	
   1.3635902e+00	   1.6513966e+00	   1.6902533e+01	
   1.3976297e+00	   1.7902456e+00	   1.6481184e+01	
   1.4420633e+00	   1.9379859e+00	   1.6073597e+01	
   1.4968096e+00	   2.0959001e+00	   1.5679863e+01	
   1.5619207e+00	   2.2653573e+00	   1.5300152e+01	
   1.6375789e+00	   2.4478193e+00	   1.4934724e+01	
   1.7240925e+00	   2.6448468e+00	   1.4583944e+01	
   1.8218945e+00	   2.8581071e+00	   1.4248297e+01	
   1.9315407e+00	   3.0893811e+00	   1.3928414e+01	
   2.0537091e+00	   3.3405710e+00	   1.3625090e+01	
   2.1892004e+00	   3.6137050e+00	   1.3339321e+01	
   2.3389385e+00	   3.9109414e+00	   1.3072334e+01	
   2.5039709e+00	   4.2345680e+00	   1.2825630e+01	
   2.6854692e+00	   4.5869977e+00	   1.2601032e+01	
   2.8847289e+00	   4.9707560e+00	   1.2400743e+01	
   3.1031669e+00	   5.3884598e+00	   1.2227407e+01	
   3.3423178e+00	   5.8427830e+00	   1.2084189e+01	
   3.6038249e+00	   6.3364061e+00	   1.1974850e+01	
   3.8894282e+00	   6.8719428e+00	   1.1903847e+01	
   4.2009432e+00	   7.4518391e+00	   1.1876428e+01	
   4.5402322e+00	   8.0782370e+00	   1.1898741e+01	
   4.9091621e+00	   8.7527933e+00	   1.1977929e+01	
   5.3095474e+00	   9.4764445e+00	   1.2122232e+01	
   5.7430719e+00	   1.0249107e+01	   1.2341056e+01	
   6.2111875e+00	   1.1069304e+01	   1.2645002e+01	
   6.7149815e+00	   1.1933708e+01	   1.3045831e+01	
   7.2550107e+00	   1.2836607e+01	   1.3556326e+01	
   7.8310947e+00	   1.3769286e+01	   1.4190012e+01	
   8.4420692e+00	   1.4719362e+01	   1.4960671e+01	
   9.0854978e+00	   1.5670117e+01	   1.5881610e+01	
   9.7573505e+00	   1.6599904e+01	   1.6964616e+01	
   1.0451665e+01	   1.7481739e+01	   1.8218560e+01	
   1.1160216e+01	   1.8283259e+01	   1.9647657e+01	
   1.1872240e+01	   1.8967222e+01	   2.1249432e+01	
   1.2574264e+01	   1.9492762e+01	   2.3012561e+01	
   1.3250117e+01	   1.9817582e+01	   2.4914861e+01	
   1.3881199e+01	   1.9901143e+01	   2.6921835e+01	
   1.4447068e+01	   1.9708743e+01	   2.8986250e+01	
   1.4926395e+01	   1.9216116e+01	   3.1049248e+01	
   1.5298256e+01	   1.8413890e+01	   3.3043316e+01	
   1.5543696e+01	   1.7311046e+01	   3.4897130e+01	
   1.5647378e+01	   1.5936472e+01	   3.6541835e+01	
   1.5599106e+01	   1.4337966e+01	   3.7917869e+01	
   1.5394977e+01	   1.2578491e+01	   3.8981119e+01	
   1.5037949e+01	   1.0730181e+01	   3.9707211e+01	
   1.4537717e+01	   8.8671117e+00	   4.0093098e+01	
   1.3909903e+01	   7.0581731e+00	   4.0155735e+01	
   1.3174705e+01	   5.3612751e+00	   3.9928285e+01	
   1.2355223e+01	   3.8197023e+00	   3.9454824e+01	
   1.1475709e+01	   2.4608500e+00	   3.8784648e+01	
   1.0559973e+01	   1.2970509e+00	   3.7967155e+01	
   9.6300913e+00	   3.2787242e-01	   3.7047939e+01	
   8.7055050e+00	  -4.5683657e-01	   3.6066324e+01	
   7.8024964e+00	  -1.0737752e+00	   3.5054239e+01	
   6.9340103e+00	  -1.5433377e+00	   3.4036170e+01	
   6.1097356e+00	  -1.8873121e+00	   3.3029809e+01	
   5.3363689e+00	  -2.1271974e+00	   3.2047100e+01	
   4.6179845e+00	  -2.2830950e+00	   3.1095409e+01	
   3.9564508e+00	  -2.3730724e+00	   3.0178646e+01	
   3.3518501e+00	  -2.4128832e+00	   2.9298260e+01	
   2.8028718e+00	  -2.4159307e+00	   2.8454041e+01	
   2.3071638e+00	  -2.3933886e+00	   2.7644744e+01	
   1.8616342e+00	  -2.3544074e+00	   2.6868550e+01	
   1.4627024e+00	  -2.3063614e+00	   2.6123385e+01	
   1.1065025e+00	  -2.2551046e+00	   2.5407137e+01	
   7.8904288e-01	  -2.2052164e+00	   2.4717783e+01	
   5.0632837e-01	  -2.1602269e+00	   2.4053469e+01	
   2.5445067e-01	  -2.1228180e+00	   2.3412539e+01	
   2.9652026e-02	  -2.0949979e+00	   2.2793550e+01	
  -1.7163242e-01	  -2.0782514e+00	   2.2195260e+01	
  -3.5274945e-01	  -2.0736662e+00	   2.1616615e+01	
  -5.1681602e-01	  -2.0820394e+00	   2.1056736e+01	
  -6.6671792e-01	  -2.1039653e+00	   2.0514891e+01	
  -8.0511605e-01	  -2.1399087e+00	   1.9990486e+01	
  -9.3445850e-01	  -2.1902638e+00	   1.9483050e+01	
  -1.0569965e+00	  -2.2554029e+00	   1.8992222e+01	
  -1.1748030e+00	  -2.3357158e+00	   1.8517742e+01	
  -1.2897931e+00	  -2.4316416e+00	   1.8059452e+01	
  -1.4037447e+00	  -2.5436939e+00	   1.7617294e+01	
  -1.5183198e+00	  -2.6724816e+00	   1.7191309e+01	
  -1.6350856e+00	  -2.8187254e+00	   1.6781647e+01	
  -1.7555348e+00	  -2.9832700e+00	   1.6388575e+01	
  -1.8811045e+00	  -3.1670949e+00	   1.6012490e+01	
  -2.0131953e+00	  -3.3713212e+00	   1.5653935e+01	
  -2.1531884e+00	  -3.5972165e+00	   1.5313623e+01	
  -2.3024610e+00	  -3.8461968e+00	   1.4992454e+01	
  -2.4624014e+00	  -4.1198250e+00	   1.4691555e+01	
  -2.6344214e+00	  -4.4198060e+00	   1.4412305e+01	
  -2.8199670e+00	  -4.7479756e+00	   1.4156385e+01	
  -3.0205272e+00	  -5.1062840e+00	   1.3925818e+01	
  -3.2376392e+00	  -5.4967699e+00	   1.3723028e+01	
  -3.4728909e+00	  -5.9215229e+00	   1.3550899e+01	
  -3.7279184e+00	  -6.3826325e+00	   1.3412842e+01	
  -4.0043981e+00	  -6.8821175e+00	   1.3312872e+01	
  -4.3040318e+00	  -7.4218315e+00	   1.3255683e+01	
  -4.6285231e+00	  -8.0033401e+00	   1.3246731e+01	
  -4.9795420e+00	  -8.6277607e+00	   1.3292308e+01	
  -5.3586764e+00	  -9.2955598e+00	   1.3399608e+01	
  -5.7673659e+00	  -1.0006299e+01	   1.3576774e+01	
  -6.2068153e+00	  -1.0758325e+01	   1.3832902e+01	
  -6.6778839e+00	  -1.1548398e+01	   1.4177993e+01	
  -7.1809465e+00	  -1.2371255e+01	   1.4622818e+01	
  -7.7157248e+00	  -1.3219131e+01	   1.5178672e+01	
  -8.2810855e+00	  -1.4081236e+01	   1.5856962e+01	
  -8.8748093e+00	  -1.4943244e+01	   1.6668610e+01	
  -9.4933352e+00	  -1.5786847e+01	   1.7623217e+01	
  -1.0131494e+01	  -1.6589458e+01	   1.8727966e+01	
  -1.0782248e+01	  -1.7324192e+01	   1.9986271e+01	
  -1.1436478e+01	  -1.7960248e+01	   2.1396212e+01	
  -1.2082848e+01	  -1.8463854e+01	   2.2948879e+01	
  -1.2707804e+01	  -1.8799891e+01	   2.4626806e+01	
  -1.3295770e+01	  -1.8934263e+01	   2.6402788e+01	
  -1.3829575e+01	  -1.8836936e+01	   2.8239420e+01	
  -1.4291164e+01	  -1.8485426e+01	   3.0089705e+01	
  -1.4662566e+01	  -1.7868293e+01	   3.1899004e+01	
  -1.4927087e+01	  -1.6988063e+01	   3.3608392e+01	
  -1.5070617e+01	  -1.5862924e+01	   3.5159201e+01	
  -1.5082877e+01	  -1.4526648e+01	   3.6498205e+01	
  -1.4958460e+01	  -1.3026508e+01	   3.7582640e+01	
  -1.4697472e+01	  -1.1419322e+01	   3.8384182e+01	
  -1.4305668e+01	  -9.7662316e+00	   3.8891146e+01	
  -1.3794055e+01	  -8.1270890e+00	   3.9108562e+01	
  -1.3178018e+01	  -6.5553898e+00	   3.9056205e+01	
  -1.2476102e+01	  -5.0945106e+00	   3.8765113e+01	
  -1.1708634e+01	  -3.7756470e+00	   3.8273338e+01	
  -1.0896366e+01	  -2.6174598e+00	   3.7621696e+01	
  -1.0059283e+01	  -1.6271168e+00	   3.6850133e+01	
  -9.2156715e+00	  -8.0225405e-01	   3.5995058e+01	
  -8.3814865e+00	  -1.3335631e-01	   3.5087725e+01	
  -7.5700111e+00	   3.9385678e-01	   3.4153556e+01	
  -6.7917618e+00	   7.9631760e-01	   3.3212202e+01	
  -6.0545852e+00	   1.0919134e+00	   3.2278078e+01	
  -5.3638849e+00	   1.2982400e+00	   3.1361154e+01	
  -4.7229249e+00	   1.4317709e+00	   3.0467838e+01	
  -4.1331664e+00	   1.5073692e+00	   2.9601812e+01	
  -3.5946047e+00	   1.5380618e+00	   2.8764772e+01	
  -3.1060872e+00	   1.5349970e+00	   2.7957049e+01	
  -2.6655980e+00	   1.5075229e+00	   2.7178076e+01	
  -2.2705048e+00	   1.4633362e+00	   2.6426756e+01	
  -1.9177658e+00	   1.4086665e+00	   2.5701714e+01	
  -1.6040988e+00	   1.3484716e+00	   2.5001471e+01	
  -1.3261161e+00	   1.2866294e+00	   2.4324561e+01	
  -1.0804282e+00	   1.2261167e+00	   2.3669591e+01	
  -8.6372173e-01	   1.1691705e+00	   2.3035282e+01	
  -6.7281587e-01	   1.1174306e+00	   2.2420482e+01	
  -5.0470019e-01	   1.0720628e+00	   2.1824165e+01	
  -3.5655844e-01	   1.0338639e+00	   2.1245422e+01	
  -2.2578073e-01	   1.0033508e+00	   2.0683453e+01	
  -1.0996687e-01	   9.8083383e-01	   2.0137553e+01	
  -6.9229990e-03	   9.6647821e-01	   1.9607097e+01	
   8.5346738e-02	   9.6035404e-01	   1.9091533e+01	
   1.6865201e-01	   9.6247693e-01	   1.8590366e+01	
   2.4463046e-01	   9.7284075e-01	   1.8103154e+01	
   3.1476338e-01	   9.9144407e-01	   1.7629499e+01	
   3.8039201e-01	   1.0183112e+00	   1.7169042e+01	
   4.4273425e-01	   1.0535089e+00	   1.6721462e+01	
   5.0290107e-01	   1.0971605e+00	   1.6286468e+01	
   5.6191262e-01	   1.1494563e+00	   1.5863805e+01	
   6.2071372e-01	   1.2106636e+00	   1.5453247e+01	
   6.8018875e-01	   1.2811340e+00	   1.5054603e+01	
   7.4117577e-01	   1.3613110e+00	   1.4667717e+01	
   8.0448004e-01	   1.4517369e+00	   1.4292472e+01	
   8.7088680e-01	   1.5530590e+00	   1.3928793e+01	
   9.4117354e-01	   1.6660368e+00	   1.3576654e+01	
   1.0161218e+00	   1.7915492e+00	   1.3236085e+01	
   1.0965283e+00	   1.9306017e+00	   1.2907181e+01	
   1.1832163e+00	   2.0843347e+00	   1.2590112e+01	
   1.2770460e+00	   2.2540324e+00	   1.2285136e+01	
   1.3789252e+00	   2.4411314e+00	   1.1992615e+01	
   1.4898199e+00	   2.6472303e+00	   1.1713037e+01	
   1.6107645e+00	   2.8740991e+00	   1.1447036e+01	
   1.7428720e+00	   3.1236878e+00	   1.1195421e+01	
   1.8873440e+00	   3.3981347e+00	   1.0959209e+01	
   2.0454809e+00	   3.6997720e+00	   1.0739667e+01	
   2.2186904e+00	   4.0311287e+00	   1.0538359e+01	
   2.4084967e+00	   4.3949288e+00	   1.0357202e+01	
   2.6165471e+00	   4.7940820e+00	   1.0198535e+01	
   2.8446173e+00	   5.2316653e+00	   1.0065197e+01	
   3.0946139e+00	   5.7108902e+00	   9.9606187e+00	
   3.3685719e+00	   6.2350513e+00	   9.8889282e+00	
   3.6686473e+00	   6.8074500e+00	   9.8550714e+00	
   3.9971013e+00	   7.4312844e+00	   9.8649451e+00	
   4.3562732e+00	   8.1094965e+00	   9.9255408e+00	
   4.7485388e+00	   8.8445630e+00	   1.0045094e+01	
   5.1762505e+00	   9.6382171e+00	   1.0233232e+01	
   5.6416511e+00	   1.0491085e+01	   1.0501096e+01	
   6.1467578e+00	   1.1402217e+01	   1.0861434e+01	
   6.6932062e+00	   1.2368512e+01	   1.1328601e+01	
   7.2820490e+00	   1.3384005e+01	   1.1918454e+01	
   7.9134992e+00	   1.4439042e+01	   1.2648050e+01	
   8.5866157e+00	   1.5519357e+01	   1.3535088e+01	
   9.2989273e+00	   1.6605111e+01	   1.4597002e+01	
   1.0046004e+01	   1.7670001e+01	   1.5849612e+01	
   1.0820992e+01	   1.8680600e+01	   1.7305261e+01	
   1.1614156e+01	   1.9596176e+01	   1.8970424e+01	
   1.2412477e+01	   2.0369289e+01	   2.0842858e+01	
   1.3199399e+01	   2.0947487e+01	   2.2908519e+01	
   1.3954828e+01	   2.1276394e+01	   2.5138687e+01	
   1.4655493e+01	   2.1304310e+01	   2.7487902e+01	
   1.5275783e+01	   2.0988127e+01	   2.9893525e+01	
   1.5789104e+01	   2.0299939e+01	   3.2277647e+01	
   1.6169731e+01	   1.9233262e+01	   3.4551856e+01	
   1.6394993e+01	   1.7807445e+01	   3.6624750e+01	
   1.6447535e+01	   1.6068900e+01	   3.8411318e+01	
   1.6317280e+01	   1.4088291e+01	   3.9842600e+01	
   1.6002749e+01	   1.1953733e+01	   4.0873633e+01	
   1.5511448e+01	   9.7611579e+00	   4.1487943e+01	
   1.4859248e+01	   7.6037495e+00	   4.1697663e+01	
   1.4068856e+01	   5.5625812e+00	   4.1539471e+01	
   1.3167669e+01	   3.7000940e+00	   4.1067587e+01	
   1.2185386e+01	   2.0571629e+00	   4.0345546e+01	
   1.1151732e+01	   6.5354518e-01	   3.9438455e+01	
   1.0094574e+01	  -5.0917261e-01	   3.8406899e+01	
   9.0385705e+00	  -1.4432751e+00	   3.7303018e+01	
   8.0043806e+00	  -2.1703144e+00	   3.6168694e+01	
   7.0083695e+00	  -2.7169487e+00	   3.5035414e+01	
   6.0626993e+00	  -3.1116210e+00	   3.3925239e+01	
   5.1756812e+00	  -3.3821850e+00	   3.2852364e+01	
   4.3522775e+00	  -3.5544003e+00	   3.1824843e+01	
   3.5946630e+00	  -3.6511250e+00	   3.0846228e+01	
   2.9027844e+00	  -3.6920163e+00	   2.9916977e+01	
   2.2748773e+00	  -3.6935635e+00	   2.9035571e+01	
   1.7079203e+00	  -3.6693211e+00	   2.8199361e+01	
   1.1980187e+00	  -3.6302396e+00	   2.7405165e+01	
   7.4071712e-01	  -3.5850321e+00	   2.6649677e+01	
   3.3124885e-01	  -3.5405356e+00	   2.5929719e+01	
  -3.5272853e-02	  -3.5020448e+00	   2.5242390e+01	
  -3.6371111e-01	  -3.4736096e+00	   2.4585140e+01	
  -6.5880201e-01	  -3.4582923e+00	   2.3955787e+01	
  -9.2508356e-01	  -3.4583861e+00	   2.3352519e+01	
  -1.1668505e+00	  -3.4755983e+00	   2.2773870e+01	
  -1.3881291e+00	  -3.5112015e+00	   2.2218689e+01	
  -1.5926680e+00	  -3.5661583e+00	   2.1686110e+01	
  -1.7839395e+00	  -3.6412217e+00	   2.1175530e+01	
  -1.9651506e+00	  -3.7370164e+00	   2.0686578e+01	
  -2.1392589e+00	  -3.8541023e+00	   2.0219107e+01	
  -2.3089927e+00	  -3.9930246e+00	   1.9773179e+01	
  -2.4768736e+00	  -4.1543512e+00	   1.9349058e+01	
  -2.6452392e+00	  -4.3386994e+00	   1.8947217e+01	
  -2.8162668e+00	  -4.5467530e+00	   1.8568343e+01	
  -2.9919950e+00	  -4.7792716e+00	   1.8213346e+01	
  -3.1743446e+00	  -5.0370906e+00	   1.7883384e+01	
  -3.3651362e+00	  -5.3211136e+00	   1.7579876e+01	
  -3.5661060e+00	  -5.6322959e+00	   1.7304539e+01	
  -3.7789174e+00	  -5.9716187e+00	   1.7059412e+01	
  -4.0051686e+00	  -6.3400522e+00	   1.6846891e+01	
  -4.2463957e+00	  -6.7385068e+00	   1.6669771e+01	
  -4.5040696e+00	  -7.1677689e+00	   1.6531275e+01	
  -4.7795873e+00	  -7.6284208e+00	   1.6435098e+01	
  -5.0742540e+00	  -8.1207399e+00	   1.6385435e+01	
  -5.3892576e+00	  -8.6445757e+00	   1.6387004e+01	
  -5.7256322e+00	  -9.1992022e+00	   1.6445057e+01	
  -6.0842094e+00	  -9.7831415e+00	   1.6565367e+01	
  -6.4655566e+00	  -1.0393961e+01	   1.6754179e+01	
  -6.8699003e+00	  -1.1028044e+01	   1.7018129e+01	
  -7.2970340e+00	  -1.1680338e+01	   1.7364089e+01	
  -7.7462097e+00	  -1.2344090e+01	   1.7798954e+01	
  -8.2160155e+00	  -1.3010592e+01	   1.8329323e+01	
  -8.7042412e+00	  -1.3668953e+01	   1.8961091e+01	
  -9.2077378e+00	  -1.4305938e+01	   1.9698904e+01	
  -9.7222807e+00	  -1.4905917e+01	   2.0545520e+01	
  -1.0242448e+01	  -1.5450989e+01	   2.1501049e+01	
  -1.0761534e+01	  -1.5921321e+01	   2.2562138e+01	
  -1.1271512e+01	  -1.6295781e+01	   2.3721156e+01	
  -1.1763087e+01	  -1.6552885e+01	   2.4965467e+01	
  -1.2225833e+01	  -1.6672087e+01	   2.6276934e+01	
  -1.2648471e+01	  -1.6635332e+01	   2.7631788e+01	
  -1.3019267e+01	  -1.6428804e+01	   2.9000988e+01	
  -1.3326566e+01	  -1.6044651e+01	   3.0351201e+01	
  -1.3559423e+01	  -1.5482467e+01	   3.1646402e+01	
  -1.3708300e+01	  -1.4750266e+01	   3.2850026e+01	
  -1.3765747e+01	  -1.3864713e+01	   3.3927480e+01	
  -1.3727006e+01	  -1.2850481e+01	   3.4848700e+01	
  -1.3590450e+01	  -1.1738717e+01	   3.5590421e+01	
  -1.3357793e+01	  -1.0564798e+01	   3.6137798e+01	
  -1.3034051e+01	  -9.3656495e+00	   3.6485178e+01	
  -1.2627239e+01	  -8.1770218e+00	   3.6635903e+01	
  -1.2147857e+01	  -7.0310713e+00	   3.6601258e+01	
  -1.1608213e+01	  -5.9545442e+00	   3.6398767e+01	
  -1.1021684e+01	  -4.9677082e+00	   3.6050150e+01	
  -1.0401970e+01	  -4.0840439e+00	   3.5579244e+01	
  -9.7624379e+00	  -3.3105869e+00	   3.5010145e+01	
  -9.1155687e+00	  -2.6487446e+00	   3.4365729e+01	
  -8.4725623e+00	  -2.0953839e+00	   3.3666636e+01	
  -7.8430823e+00	  -1.6440096e+00	   3.2930677e+01	
  -7.2351380e+00	  -1.2858917e+00	   3.2172638e+01	
  -6.6550782e+00	  -1.0110519e+00	   3.1404348e+01	
  -6.1076709e+00	  -8.0906295e-01	   3.0634943e+01	
  -5.5962413e+00	  -6.6965310e-01	   2.9871236e+01	
  -5.1228461e+00	  -5.8312868e-01	   2.9118109e+01	
  -4.6884632e+00	  -5.4064267e-01	   2.8378914e+01	
  -4.2931828e+00	  -5.3434046e-01	   2.7655822e+01	
  -3.9363893e+00	  -5.5741385e-01	   2.6950130e+01	
  -3.6169285e+00	  -6.0409029e-01	   2.6262505e+01	
  -3.3332546e+00	  -6.6957964e-01	   2.5593185e+01	
  -3.0835574e+00	  -7.4999548e-01	   2.4942123e+01	
  -2.8658694e+00	  -8.4226372e-01	   2.4309099e+01	
  -2.6781531e+00	  -9.4402746e-01	   2.3693800e+01	
  -2.5183714e+00	  -1.0535539e+00	   2.3095875e+01	
  -2.3845430e+00	  -1.1696473e+00	   2.2514969e+01	
  -2.2747839e+00	  -1.2915699e+00	   2.1950753e+01	
  -2.1873388e+00	  -1.4189723e+00	   2.1402933e+01	
  -2.1206022e+00	  -1.5518329e+00	   2.0871266e+01	
  -2.0731331e+00	  -1.6904064e+00	   2.0355562e+01	
  -2.0436636e+00	  -1.8351817e+00	   1.9855692e+01	
  -2.0311027e+00	  -1.9868468e+00	   1.9371591e+01	
  -2.0345375e+00	  -2.1462612e+00	   1.8903264e+01	
  -2.0532309e+00	  -2.3144342e+00	   1.8450790e+01	
  -2.0866185e+00	  -2.4925091e+00	   1.8014332e+01	
  -2.1343046e+00	  -2.6817506e+00	   1.7594146e+01	
  -2.1960570e+00	  -2.8835370e+00	   1.7190590e+01	
  -2.2718020e+00	  -3.0993543e+00	   1.6804143e+01	
  -2.3616192e+00	  -3.3307922e+00	   1.6435421e+01	
  -2.4657370e+00	  -3.5795411e+00	   1.6085195e+01	
  -2.5845276e+00	  -3.8473887e+00	   1.5754419e+01	
  -2.7185024e+00	  -4.1362159e+00	   1.5444260e+01	
  -2.8683075e+00	  -4.4479896e+00	   1.5156126e+01	
  -3.0347183e+00	  -4.7847514e+00	   1.4891713e+01	
  -3.2186337e+00	  -5.1486012e+00	   1.4653043e+01	
  -3.4210687e+00	  -5.5416721e+00	   1.4442516e+01	
  -3.6431449e+00	  -5.9660949e+00	   1.4262968e+01	
  -3.8860780e+00	  -6.4239485e+00	   1.4117731e+01	
  -4.1511607e+00	  -6.9171929e+00	   1.4010700e+01	
  -4.4397397e+00	  -7.4475797e+00	   1.3946402e+01	
  -4.7531859e+00	  -8.0165350e+00	   1.3930064e+01	
  -5.0928535e+00	  -8.6250095e+00	   1.3967677e+01	
  -5.4600279e+00	  -9.2732885e+00	   1.4066048e+01	
  -5.8558578e+00	  -9.9607573e+00	   1.4232828e+01	
  -6.2812693e+00	  -1.0685616e+01	   1.4476504e+01	
  -6.7368583e+00	  -1.1444540e+01	   1.4806337e+01	
  -7.2227583e+00	  -1.2232296e+01	   1.5232220e+01	
  -7.7384824e+00	  -1.3041305e+01	   1.5764425e+01	
  -8.2827372e+00	  -1.3861198e+01	   1.6413219e+01	
  -8.8532127e+00	  -1.4678375e+01	   1.7188292e+01	
  -9.4463529e+00	  -1.5475637e+01	   1.8097992e+01	
  -1.0057120e+01	  -1.6231970e+01	   1.9148333e+01	
  -1.0678771e+01	  -1.6922568e+01	   2.0341785e+01	
  -1.1302674e+01	  -1.7519228e+01	   2.1675903e+01	
  -1.1918205e+01	  -1.7991236e+01	   2.3141885e+01	
  -1.2512762e+01	  -1.8306833e+01	   2.4723239e+01	
  -1.3071955e+01	  -1.8435319e+01	   2.6394794e+01	
  -1.3579995e+01	  -1.8349714e+01	   2.8122343e+01	
  -1.4020334e+01	  -1.8029789e+01	   2.9863210e+01	
  -1.4376520e+01	  -1.7465085e+01	   3.1567956e+01	
  -1.4633251e+01	  -1.6657453e+01	   3.3183281e+01	
  -1.4777521e+01	  -1.5622549e+01	   3.4655933e+01	
  -1.4799724e+01	  -1.4389859e+01	   3.5937183e+01	
  -1.4694583e+01	  -1.3001004e+01	   3.6987208e+01	
  -1.4461742e+01	  -1.1506454e+01	   3.7778639e+01	
  -1.4105936e+01	  -9.9610984e+00	   3.8298661e+01	
  -1.3636688e+01	  -8.4193894e+00	   3.8549324e+01	
  -1.3067590e+01	  -6.9308461e+00	   3.8546093e+01	
  -1.2415270e+01	  -5.5365736e+00	   3.8315029e+01	
  -1.1698186e+01	  -4.2671868e+00	   3.7889196e+01	
  -1.0935417e+01	  -3.1422017e+00	   3.7304955e+01	
  -1.0145569e+01	  -2.1706830e+00	   3.6598661e+01	
  -9.3458933e+00	  -1.3527740e+00	   3.5804142e+01	
  -8.5516608e+00	  -6.8168861e-01	   3.4951045e+01	
  -7.7757936e+00	  -1.4579887e-01	   3.4064035e+01	
  -7.0287221e+00	   2.6944711e-01	   3.3162654e+01	
  -6.3184236e+00	   5.7992978e-01	   3.2261662e+01	
  -5.6505918e+00	   8.0164079e-01	   3.1371657e+01	
  -5.0288868e+00	   9.4983188e-01	   3.0499805e+01	
  -4.4552279e+00	   1.0384797e+00	   2.9650583e+01	
  -3.9300955e+00	   1.0800002e+00	   2.8826453e+01	
  -3.4528231e+00	   1.0851469e+00	   2.8028431e+01	
  -3.0218640e+00	   1.0630337e+00	   2.7256553e+01	
  -2.6350269e+00	   1.0212374e+00	   2.6510228e+01	
  -2.2896765e+00	   9.6594344e-01	   2.5788494e+01	
  -1.9829004e+00	   9.0211196e-01	   2.5090210e+01	
  -1.7116435e+00	   8.3364630e-01	   2.4414172e+01	
  -1.4728149e+00	   7.6355496e-01	   2.3759197e+01	
  -1.2633684e+00	   6.9410066e-01	   2.3124164e+01	
  -1.0803631e+00	   6.2693367e-01	   2.2508041e+01	
  -9.2100578e-01	   5.6320869e-01	   2.1909892e+01	
  -7.8267899e-01	   5.0368544e-01	   2.1328874e+01	
  -6.6295762e-01	   4.4881398e-01	   2.0764230e+01	
  -5.5961656e-01	   3.9880621e-01	   2.0215283e+01	
  -4.7063139e-01	   3.5369500e-01	   1.9681425e+01	
  -3.9417386e-01	   3.1338242e-01	   1.9162103e+01	
  -3.2860373e-01	   2.7767882e-01	   1.8656815e+01	
  -2.7245806e-01	   2.4633379e-01	   1.8165100e+01	
  -2.2443890e-01	   2.1906059e-01	   1.7686530e+01	
  -1.8340006e-01	   1.9555491e-01	   1.7220707e+01	
  -1.4833365e-01	   1.7550910e-01	   1.6767254e+01	
  -1.1835669e-01	   1.5862273e-01	   1.6325817e+01	
  -9.2698159e-02	   1.4461010e-01	   1.5896058e+01	
  -7.0686665e-02	   1.3320537e-01	   1.5477654e+01	
  -5.1738899e-02	   1.2416598e-01	   1.5070293e+01	
  -3.5348937e-02	   1.1727452e-01	   1.4673678e+01	
  -2.1078434e-02	   1.1233967e-01	   1.4287520e+01	
  -8.5476959e-03	   1.0919628e-01	   1.3911538e+01	
   2.5723785e-03	   1.0770507e-01	   1.3545464e+01	
   1.2567538e-02	   1.0775188e-01	   1.3189033e+01	
   2.1686655e-02	   1.0924675e-01	   1.2841992e+01	
   3.0147492e-02	   1.1212303e-01	   1.2504093e+01	
   3.8141835e-02	   1.1633640e-01	   1.2175096e+01	
   4.5840043e-02	   1.2186401e-01	   1.1854766e+01	
   5.3395101e-02	   1.2870380e-01	   1.1542878e+01	
   6.0946224e-02	   1.3687392e-01	   1.1239211e+01	
   6.8622066e-02	   1.4641244e-01	   1.0943550e+01	
   7.6543623e-02	   1.5737724e-01	   1.0655688e+01	
   8.4826845e-02	   1.6984612e-01	   1.0375422e+01	
   9.3585030e-02	   1.8391723e-01	   1.0102556e+01	
   1.0293105e-01	   1.9970975e-01	   9.8369006e+00	
   1.1297942e-01	   2.1736480e-01	   9.5782720e+00	
   1.2384832e-01	   2.3704679e-01	   9.3264923e+00	
   1.3566149e-01	   2.5894490e-01	   9.0813901e+00	
   1.4855019e-01	   2.8327507e-01	   8.8428001e+00	
   1.6265513e-01	   3.1028225e-01	   8.6105640e+00	
   1.7812844e-01	   3.4024303e-01	   8.3845301e+00	
   1.9513573e-01	   3.7346875e-01	   8.1645544e+00	
   2.1385832e-01	   4.1030903e-01	   7.9505008e+00	
   2.3449556e-01	   4.5115572e-01	   7.7422418e+00	
   2.5726734e-01	   4.9644753e-01	   7.5396596e+00	
   2.8241683e-01	   5.4667508e-01	   7.3426473e+00	
   3.1021352e-01	   6.0238674e-01	   7.1511102e+00	
   3.4095645e-01	   6.6419508e-01	   6.9649678e+00	
   3.7497793e-01	   7.3278414e-01	   6.7841561e+00	
   4.1264751e-01	   8.0891754e-01	   6.6086304e+00	
   4.5437646e-01	   8.9344753e-01	   6.4383688e+00	
   5.0062267e-01	   9.8732506e-01	   6.2733769e+00	
   5.5189623e-01	   1.0916110e+00	   6.1136932e+00	
   6.0876540e-01	   1.2074883e+00	   5.9593958e+00	
   6.7186344e-01	   1.3362761e+00	   5.8106114e+00	
   7.4189603e-01	   1.4794443e+00	   5.6675253e+00	
   8.1964954e-01	   1.6386301e+00	   5.5303945e+00	
   9.0600012e-01	   1.8156559e+00	   5.3995646e+00	
   1.0019237e+00	   2.0125486e+00	   5.2754889e+00	
   1.1085069e+00	   2.2315596e+00	   5.1587541e+00	
   1.2269590e+00	   2.4751868e+00	   5.0501102e+00	
   1.3586246e+00	   2.7461963e+00	   4.9505091e+00	
   1.5049975e+00	   3.0476442e+00	   4.8611508e+00	
   1.6677351e+00	   3.3828977e+00	   4.7835412e+00	
   1.8486733e+00	   3.7556526e+00	   4.7195624e+00	
   2.0498412e+00	   4.1699468e+00	   4.6715592e+00	
   2.2734761e+00	   4.6301647e+00	   4.6424446e+00	
   2.5220362e+00	   5.1410294e+00	   4.6358266e+00	
   2.7982103e+00	   5.7075759e+00	   4.6561621e+00	
   3.1049239e+00	   6.3350963e+00	   4.7089398e+00	
   3.4453361e+00	   7.0290463e+00	   4.8008954e+00	
   3.8228270e+00	   7.7948961e+00	   4.9402614e+00	
   4.2409677e+00	   8.6379065e+00	   5.1370497e+00	
   4.7034669e+00	   9.5628045e+00	   5.4033612e+00	
   5.2140869e+00	   1.0573324e+01	   5.7537090e+00	
   5.7765143e+00	   1.1671577e+01	   6.2053284e+00	
   6.3941742e+00	   1.2857207e+01	   6.7784297e+00	
   7.0699692e+00	   1.4126289e+01	   7.4963224e+00	
   7.8059244e+00	   1.5469942e+01	   8.3853067e+00	
   8.6027201e+00	   1.6872636e+01	   9.4741840e+00	
   9.4590951e+00	   1.8310266e+01	   1.0793191e+01	
   1.0371116e+01	   1.9748097e+01	   1.2372124e+01	
   1.1331327e+01	   2.1138881e+01	   1.4237417e+01	
   1.2327825e+01	   2.2421592e+01	   1.6407968e+01	
   1.3343358e+01	   2.3521449e+01	   1.8889716e+01	
   1.4354612e+01	   2.4352075e+01	   2.1669255e+01	
   1.5331905e+01	   2.4820651e+01	   2.4707309e+01	
   1.6239575e+01	   2.4836645e+01	   2.7933500e+01	
   1.7037326e+01	   2.4323941e+01	   3.1244393e+01	
   1.7682723e+01	   2.3235006e+01	   3.4506922e+01	
   1.8134783e+01	   2.1564312e+01	   3.7568627e+01	
   1.8358319e+01	   1.9357226e+01	   4.0274451e+01	
   1.8328336e+01	   1.6710759e+01	   4.2487527e+01	
   1.8033619e+01	   1.3764333e+01	   4.4109290e+01	
   1.7478631e+01	   1.0681723e+01	   4.5093597e+01	
   1.6683262e+01	   7.6283579e+00	   4.5450980e+01	
   1.5680440e+01	   4.7497152e+00	   4.5242249e+01	
   1.4512177e+01	   2.1558295e+00	   4.4563980e+01	
   1.3224933e+01	  -8.5544406e-02	   4.3530463e+01	
   1.1865180e+01	  -1.9474826e+00	   4.2256778e+01	
   1.0475833e+01	  -3.4366226e+00	   4.0846162e+01	
   9.0938672e+00	  -4.5832290e+00	   3.9382811e+01	
   7.7491222e+00	  -5.4312821e+00	   3.7929605e+01	
   6.4640901e+00	  -6.0302558e+00	   3.6529351e+01	
   5.2543970e+00	  -6.4292300e+00	   3.5207994e+01	
   4.1296847e+00	  -6.6732608e+00	   3.3978517e+01	
   3.0946642e+00	  -6.8015641e+00	   3.2844711e+01	
   2.1501745e+00	  -6.8469681e+00	   3.1804362e+01	
   1.2941525e+00	  -6.8361485e+00	   3.0851734e+01	
   5.2246495e-01	  -6.7902743e+00	   2.9979353e+01	
  -1.7040831e-01	  -6.7258167e+00	   2.9179215e+01	
  -7.9083584e-01	  -6.6553687e+00	   2.8443552e+01	
  -1.3456217e+00	  -6.5883972e+00	   2.7765264e+01	
  -1.8416988e+00	  -6.5318937e+00	   2.7138133e+01	
  -2.2859085e+00	  -6.4909161e+00	   2.6556897e+01	
  -2.6848466e+00	  -6.4690282e+00	   2.6017226e+01	
  -3.0447630e+00	  -6.4686505e+00	   2.5515662e+01	
  -3.3714991e+00	  -6.4913357e+00	   2.5049530e+01	
  -3.6704551e+00	  -6.5379823e+00	   2.4616841e+01	
  -3.9465778e+00	  -6.6089985e+00	   2.4216207e+01	
  -4.2043639e+00	  -6.7044255e+00	   2.3846757e+01	
  -4.4478717e+00	  -6.8240275e+00	   2.3508063e+01	
  -4.6807403e+00	  -6.9673559e+00	   2.3200087e+01	
  -4.9062114e+00	  -7.1337911e+00	   2.2923123e+01	
  -5.1271517e+00	  -7.3225657e+00	   2.2677759e+01	
  -5.3460756e+00	  -7.5327730e+00	   2.2464842e+01	
  -5.5651649e+00	  -7.7633622e+00	   2.2285441e+01	
  -5.7862862e+00	  -8.0131225e+00	   2.2140824e+01	
  -6.0110046e+00	  -8.2806578e+00	   2.2032424e+01	
  -6.2405931e+00	  -8.5643536e+00	   2.1961804e+01	
  -6.4760378e+00	  -8.8623380e+00	   2.1930626e+01	
  -6.7180386e+00	  -9.1724376e+00	   2.1940601e+01	
  -6.9670054e+00	  -9.4921322e+00	   2.1993439e+01	
  -7.2230509e+00	  -9.8185093e+00	   2.2090781e+01	
  -7.4859790e+00	  -1.0148222e+01	   2.2234121e+01	
  -7.7552716e+00	  -1.0477458e+01	   2.2424718e+01	
  -8.0300734e+00	  -1.0801913e+01	   2.2663482e+01	
  -8.3091771e+00	  -1.1116793e+01	   2.2950860e+01	
  -8.5910109e+00	  -1.1416831e+01	   2.3286700e+01	
  -8.8736305e+00	  -1.1696337e+01	   2.3670111e+01	
  -9.1547180e+00	  -1.1949287e+01	   2.4099323e+01	
  -9.4315915e+00	  -1.2169445e+01	   2.4571551e+01	
  -9.7012272e+00	  -1.2350533e+01	   2.5082882e+01	
  -9.9602982e+00	  -1.2486443e+01	   2.5628186e+01	
  -1.0205231e+01	  -1.2571484e+01	   2.6201083e+01	
  -1.0432281e+01	  -1.2600660e+01	   2.6793956e+01	
  -1.0637633e+01	  -1.2569963e+01	   2.7398050e+01	
  -1.0817508e+01	  -1.2476653e+01	   2.8003639e+01	
  -1.0968302e+01	  -1.2319514e+01	   2.8600278e+01	
  -1.1086718e+01	  -1.2099053e+01	   2.9177134e+01	
  -1.1169909e+01	  -1.1817616e+01	   2.9723368e+01	
  -1.1215615e+01	  -1.1479409e+01	   3.0228562e+01	
  -1.1222275e+01	  -1.1090401e+01	   3.0683143e+01	
  -1.1189124e+01	  -1.0658124e+01	   3.1078788e+01	
  -1.1116250e+01	  -1.0191361e+01	   3.1408755e+01	
  -1.1004611e+01	  -9.6997659e+00	   3.1668134e+01	
  -1.0856022e+01	  -9.1934295e+00	   3.1853983e+01	
  -1.0673084e+01	  -8.6824356e+00	   3.1965342e+01	
  -1.0459095e+01	  -8.1764417e+00	   3.2003140e+01	
  -1.0217923e+01	  -7.6843148e+00	   3.1970004e+01	
  -9.9538604e+00	  -7.2138470e+00	   3.1869987e+01	
  -9.6714725e+00	  -6.7715619e+00	   3.1708261e+01	
  -9.3754458e+00	  -6.3626165e+00	   3.1490785e+01	
  -9.0704444e+00	  -5.9907912e+00	   3.1223992e+01	
  -8.7609844e+00	  -5.6585546e+00	   3.0914499e+01	
  -8.4513280e+00	  -5.3671856e+00	   3.0568866e+01	
  -8.1454026e+00	  -5.1169340e+00	   3.0193404e+01	
  -7.8467430e+00	  -4.9072020e+00	   2.9794042e+01	
  -7.5584574e+00	  -4.7367309e+00	   2.9376233e+01	
  -7.2832135e+00	  -4.6037800e+00	   2.8944914e+01	
  -7.0232433e+00	  -4.5062909e+00	   2.8504493e+01	
  -6.7803607e+00	  -4.4420294e+00	   2.8058867e+01	
  -6.5559908e+00	  -4.4087048e+00	   2.7611457e+01	
  -6.3512063e+00	  -4.4040645e+00	   2.7165256e+01	
  -6.1667684e+00	  -4.4259663e+00	   2.6722881e+01	
  -6.0031695e+00	  -4.4724299e+00	   2.6286632e+01	
  -5.8606758e+00	  -4.5416705e+00	   2.5858542e+01	
  -5.7393687e+00	  -4.6321175e+00	   2.5440431e+01	
  -5.6391830e+00	  -4.7424210e+00	   2.5033956e+01	
  -5.5599419e+00	  -4.8714481e+00	   2.4640649e+01	
  -5.5013877e+00	  -5.0182718e+00	   2.4261960e+01	
  -5.4632080e+00	  -5.1821542e+00	   2.3899289e+01	
  -5.4450587e+00	  -5.3625248e+00	   2.3554015e+01	
  -5.4465807e+00	  -5.5589549e+00	   2.3227526e+01	
  -5.4674145e+00	  -5.7711302e+00	   2.2921239e+01	
  -5.5072089e+00	  -5.9988199e+00	   2.2636622e+01	
  -5.5656271e+00	  -6.2418435e+00	   2.2375212e+01	
  -5.6423478e+00	  -6.5000363e+00	   2.2138628e+01	
  -5.7370644e+00	  -6.7732106e+00	   2.1928583e+01	
  -5.8494783e+00	  -7.0611160e+00	   2.1746894e+01	
  -5.9792912e+00	  -7.3633949e+00	   2.1595485e+01	
  -6.1261918e+00	  -7.6795363e+00	   2.1476387e+01	
  -6.2898403e+00	  -8.0088245e+00	   2.1391729e+01	
  -6.4698493e+00	  -8.3502860e+00	   2.1343730e+01	
  -6.6657607e+00	  -8.7026324e+00	   2.1334666e+01	
  -6.8770198e+00	  -9.0642016e+00	   2.1366843e+01	
  -7.1029461e+00	  -9.4328991e+00	   2.1442547e+01	
  -7.3427013e+00	  -9.8061392e+00	   2.1563981e+01	
  -7.5952547e+00	  -1.0180793e+01	   2.1733183e+01	
  -7.8593480e+00	  -1.0553144e+01	   2.1951930e+01	
  -8.1334592e+00	  -1.0918859e+01	   2.2221619e+01	
  -8.4157683e+00	  -1.1272974e+01	   2.2543131e+01	
  -8.7041266e+00	  -1.1609919e+01	   2.2916676e+01	
  -8.9960321e+00	  -1.1923566e+01	   2.3341628e+01	
  -9.2886145e+00	  -1.2207324e+01	   2.3816356e+01	
  -9.5786328e+00	  -1.2454287e+01	   2.4338060e+01	
  -9.8624895e+00	  -1.2657427e+01	   2.4902623e+01	
  -1.0136265e+01	  -1.2809847e+01	   2.5504502e+01	
  -1.0395774e+01	  -1.2905079e+01	   2.6136673e+01	
  -1.0636649e+01	  -1.2937422e+01	   2.6790644e+01	
  -1.0854447e+01	  -1.2902296e+01	   2.7456560e+01	
  -1.1044780e+01	  -1.2796593e+01	   2.8123401e+01	
  -1.1203466e+01	  -1.2618989e+01	   2.8779291e+01	
  -1.1326692e+01	  -1.2370190e+01	   2.9411889e+01	
  -1.1411178e+01	  -1.2053073e+01	   3.0008866e+01	
  -1.1454339e+01	  -1.1672705e+01	   3.0558417e+01	
  -1.1454416e+01	  -1.1236220e+01	   3.1049784e+01	
  -1.1410590e+01	  -1.0752555e+01	   3.1473735e+01	
  -1.1323039e+01	  -1.0232062e+01	   3.1822961e+01	
  -1.1192961e+01	  -9.6860277e+00	   3.2092354e+01	
  -1.1022537e+01	  -9.1261375e+00	   3.2279146e+01	
  -1.0814848e+01	  -8.5639377e+00	   3.2382893e+01	
  -1.0573756e+01	  -8.0103369e+00	   3.2405329e+01	
  -1.0303745e+01	  -7.4751854e+00	   3.2350095e+01	
  -1.0009744e+01	  -6.9669615e+00	   3.2222394e+01	
  -9.6969451e+00	  -6.4925748e+00	   3.2028594e+01	
  -9.3706255e+00	  -6.0572880e+00	   3.1775832e+01	
  -9.0359812e+00	  -5.6647438e+00	   3.1471634e+01	
  -8.6979867e+00	  -5.3170770e+00	   3.1123586e+01	
  -8.3612798e+00	  -5.0150895e+00	   3.0739070e+01	
  -8.0300776e+00	  -4.7584619e+00	   3.0325062e+01	
  -7.7081203e+00	  -4.5459815e+00	   2.9887995e+01	
  -7.3986427e+00	  -4.3757680e+00	   2.9433687e+01	
  -7.1043692e+00	  -4.2454832e+00	   2.8967310e+01	
  -6.8275280e+00	  -4.1525171e+00	   2.8493404e+01	
  -6.5698799e+00	  -4.0941444e+00	   2.8015911e+01	
  -6.3327587e+00	  -4.0676517e+00	   2.7538233e+01	
  -6.1171178e+00	  -4.0704346e+00	   2.7063297e+01	
  -5.9235798e+00	  -4.1000688e+00	   2.6593623e+01	
  -5.7524886e+00	  -4.1543583e+00	   2.6131389e+01	
  -5.6039584e+00	  -4.2313626e+00	   2.5678502e+01	
  -5.4779207e+00	  -4.3294106e+00	   2.5236649e+01	
  -5.3741678e+00	  -4.4470993e+00	   2.4807357e+01	
  -5.2923907e+00	  -4.5832851e+00	   2.4392034e+01	
  -5.2322130e+00	  -4.7370669e+00	   2.3992015e+01	
  -5.1932190e+00	  -4.9077638e+00	   2.3608595e+01	
  -5.1749776e+00	  -5.0948898e+00	   2.3243063e+01	
  -5.1770608e+00	  -5.2981249e+00	   2.2896726e+01	
  -5.1990574e+00	  -5.5172842e+00	   2.2570939e+01	
  -5.2405832e+00	  -5.7522853e+00	   2.2267123e+01	
  -5.3012862e+00	  -6.0031136e+00	   2.1986785e+01	
  -5.3808482e+00	  -6.2697853e+00	   2.1731535e+01	
  -5.4789830e+00	  -6.5523083e+00	   2.1503102e+01	
  -5.5954300e+00	  -6.8506400e+00	   2.1303344e+01	
  -5.7299452e+00	  -7.1646418e+00	   2.1134258e+01	
  -5.8822881e+00	  -7.4940294e+00	   2.0997980e+01	
  -6.0522047e+00	  -7.8383190e+00	   2.0896788e+01	
  -6.2394070e+00	  -8.1967684e+00	   2.0833090e+01	
  -6.4435492e+00	  -8.5683144e+00	   2.0809406e+01	
  -6.6641984e+00	  -8.9515055e+00	   2.0828340e+01	
  -6.9008036e+00	  -9.3444314e+00	   2.0892536e+01	
  -7.1526592e+00	  -9.7446527e+00	   2.1004617e+01	
  -7.4188663e+00	  -1.0149131e+01	   2.1167109e+01	
  -7.6982907e+00	  -1.0554167e+01	   2.1382335e+01	
  -7.9895201e+00	  -1.0955348e+01	   2.1652297e+01	
  -8.2908207e+00	  -1.1347517e+01	   2.1978519e+01	
  -8.6000965e+00	  -1.1724766e+01	   2.2361880e+01	
  -8.9148538e+00	  -1.2080466e+01	   2.2802420e+01	
  -9.2321732e+00	  -1.2407351e+01	   2.3299132e+01	
  -9.5486961e+00	  -1.2697646e+01	   2.3849752e+01	
  -9.8606267e+00	  -1.2943266e+01	   2.4450565e+01	
  -1.0163757e+01	  -1.3136090e+01	   2.5096234e+01	
  -1.0453517e+01	  -1.3268283e+01	   2.5779687e+01	
  -1.0725057e+01	  -1.3332698e+01	   2.6492081e+01	
  -1.0973358e+01	  -1.3323297e+01	   2.7222867e+01	
  -1.1193375e+01	  -1.3235594e+01	   2.7959969e+01	
  -1.1380211e+01	  -1.3067073e+01	   2.8690096e+01	
  -1.1529303e+01	  -1.2817530e+01	   2.9399185e+01	
  -1.1636624e+01	  -1.2489312e+01	   3.0072941e+01	
  -1.1698884e+01	  -1.2087401e+01	   3.0697459e+01	
  -1.1713703e+01	  -1.1619334e+01	   3.1259873e+01	
  -1.1679757e+01	  -1.1094925e+01	   3.1748968e+01	
  -1.1596878e+01	  -1.0525836e+01	   3.2155711e+01	
  -1.1466088e+01	  -9.9250043e+00	   3.2473633e+01	
  -1.1289580e+01	  -9.3059913e+00	   3.2699045e+01	
  -1.1070631e+01	  -8.6823102e+00	   3.2831059e+01	
  -1.0813464e+01	  -8.0667942e+00	   3.2871425e+01	
  -1.0523067e+01	  -7.4710574e+00	   3.2824223e+01	
  -1.0204980e+01	  -6.9050883e+00	   3.2695431e+01	
  -9.8650802e+00	  -6.3769929e+00	   3.2492442e+01	
  -9.5093586e+00	  -5.8928895e+00	   3.2223565e+01	
  -9.1437237e+00	  -5.4569391e+00	   3.1897553e+01	
  -8.7738283e+00	  -5.0714865e+00	   3.1523198e+01	
  -8.4049312e+00	  -4.7372793e+00	   3.1109001e+01	
  -8.0417952e+00	  -4.4537341e+00	   3.0662931e+01	
  -7.6886214e+00	  -4.2192202e+00	   3.0192266e+01	
  -7.3490169e+00	  -4.0313386e+00	   2.9703512e+01	
  -7.0259902e+00	  -3.8871789e+00	   2.9202377e+01	
  -6.7219714e+00	  -3.7835435e+00	   2.8693798e+01	
  -6.4388484e+00	  -3.7171343e+00	   2.8181992e+01	
  -6.1780173e+00	  -3.6847014e+00	   2.7670532e+01	
  -5.9404390e+00	  -3.6831550e+00	   2.7162433e+01	
  -5.7266998e+00	  -3.7096442e+00	   2.6660237e+01	
  -5.5370727e+00	  -3.7616092e+00	   2.6166095e+01	
  -5.3715766e+00	  -3.8368093e+00	   2.5681846e+01	
  -5.2300312e+00	  -3.9333340e+00	   2.5209089e+01	
  -5.1121073e+00	  -4.0495990e+00	   2.4749238e+01	
  -5.0173718e+00	  -4.1843334e+00	   2.4303582e+01	
  -4.9453260e+00	  -4.3365583e+00	   2.3873327e+01	
  -4.8954387e+00	  -4.5055612e+00	   2.3459637e+01	
  -4.8671730e+00	  -4.6908665e+00	   2.3063668e+01	
  -4.8600083e+00	  -4.8922047e+00	   2.2686599e+01	
  -4.8734563e+00	  -5.1094791e+00	   2.2329659e+01	
  -4.9070731e+00	  -5.3427321e+00	   2.1994149e+01	
  -4.9604664e+00	  -5.5921100e+00	   2.1681464e+01	
  -5.0332985e+00	  -5.8578262e+00	   2.1393118e+01	
  -5.1252862e+00	  -6.1401232e+00	   2.1130754e+01	
  -5.2361957e+00	  -6.4392312e+00	   2.0896167e+01	
  -5.3658352e+00	  -6.7553235e+00	   2.0691315e+01	
  -5.5140430e+00	  -7.0884689e+00	   2.0518330e+01	
  -5.6806720e+00	  -7.4385770e+00	   2.0379528e+01	
  -5.8655705e+00	  -7.8053401e+00	   2.0277407e+01	
  -6.0685587e+00	  -8.1881673e+00	   2.0214642e+01	
  -6.2894014e+00	  -8.5861127e+00	   2.0194071e+01	
  -6.5277751e+00	  -8.9977975e+00	   2.0218664e+01	
  -6.7832317e+00	  -9.4213266e+00	   2.0291484e+01	
  -7.0551572e+00	  -9.8542021e+00	   2.0415619e+01	
  -7.3427252e+00	  -1.0293237e+01	   2.0594100e+01	
  -7.6448482e+00	  -1.0734471e+01	   2.0829787e+01	
  -7.9601252e+00	  -1.1173104e+01	   2.1125227e+01	
  -8.2867884e+00	  -1.1603439e+01	   2.1482481e+01	
  -8.6226522e+00	  -1.2018865e+01	   2.1902918e+01	
  -8.9650659e+00	  -1.2411877e+01	   2.2386984e+01	
  -9.3108767e+00	  -1.2774150e+01	   2.2933944e+01	
  -9.6564056e+00	  -1.3096692e+01	   2.3541618e+01	
  -9.9974443e+00	  -1.3370064e+01	   2.4206131e+01	
  -1.0329278e+01	  -1.3584698e+01	   2.4921682e+01	
  -1.0646738e+01	  -1.3731299e+01	   2.5680392e+01	
  -1.0944299e+01	  -1.3801328e+01	   2.6472233e+01	
  -1.1216203e+01	  -1.3787533e+01	   2.7285086e+01	
  -1.1456637e+01	  -1.3684510e+01	   2.8104959e+01	
  -1.1659937e+01	  -1.3489226e+01	   2.8916360e+01	
  -1.1820823e+01	  -1.3201464e+01	   2.9702848e+01	
  -1.1934646e+01	  -1.2824117e+01	   3.0447714e+01	
  -1.1997628e+01	  -1.2363298e+01	   3.1134767e+01	
  -1.2007086e+01	  -1.1828211e+01	   3.1749147e+01	
  -1.1961605e+01	  -1.1230789e+01	   3.2278092e+01	
  -1.1861148e+01	  -1.0585123e+01	   3.2711584e+01	
  -1.1707096e+01	  -9.9067107e+00	   3.3042795e+01	
  -1.1502211e+01	  -9.2116269e+00	   3.3268313e+01	
  -1.1250513e+01	  -8.5156746e+00	   3.3388099e+01	
  -1.0957100e+01	  -7.8336118e+00	   3.3405234e+01	
  -1.0627910e+01	  -7.1785158e+00	   3.3325465e+01	
  -1.0269463e+01	  -6.5613311e+00	   3.3156627e+01	
  -9.8885832e+00	  -5.9906171e+00	   3.2908016e+01	
  -9.4921435e+00	  -5.4724889e+00	   3.2589763e+01	
  -9.0868288e+00	  -5.0107221e+00	   3.2212269e+01	
  -8.6789435e+00	  -4.6069853e+00	   3.1785734e+01	
  -8.2742614e+00	  -4.2611529e+00	   3.1319798e+01	
  -7.8779221e+00	  -3.9716593e+00	   3.0823297e+01	
  -7.4943723e+00	  -3.7358583e+00	   3.0304122e+01	
  -7.1273451e+00	  -3.5503615e+00	   2.9769166e+01	
  -6.7798723e+00	  -3.4113382e+00	   2.9224336e+01	
  -6.4543219e+00	  -3.3147678e+00	   2.8674620e+01	
  -6.1524528e+00	  -3.2566411e+00	   2.8124172e+01	
  -5.8754821e+00	  -3.2331141e+00	   2.7576426e+01	
  -5.6241578e+00	  -3.2406169e+00	   2.7034201e+01	
  -5.3988333e+00	  -3.2759260e+00	   2.6499815e+01	
  -5.1995402e+00	  -3.3362049e+00	   2.5975180e+01	
  -5.0260566e+00	  -3.4190216e+00	   2.5461895e+01	
  -4.8779697e+00	  -3.5223476e+00	   2.4961317e+01	
  -4.7547323e+00	  -3.6445429e+00	   2.4474636e+01	
  -4.6557107e+00	  -3.7843334e+00	   2.4002923e+01	
  -4.5802271e+00	  -3.9407811e+00	   2.3547183e+01	
  -4.5275937e+00	  -4.1132518e+00	   2.3108391e+01	
  -4.4971411e+00	  -4.3013800e+00	   2.2687529e+01	
  -4.4882405e+00	  -4.5050344e+00	   2.2285615e+01	
  -4.5003202e+00	  -4.7242818e+00	   2.1903729e+01	
  -4.5328776e+00	  -4.9593525e+00	   2.1543038e+01	
  -4.5854861e+00	  -5.2106041e+00	   2.1204816e+01	
  -4.6577988e+00	  -5.4784863e+00	   2.0890470e+01	
  -4.7495470e+00	  -5.7635028e+00	   2.0601558e+01	
  -4.8605371e+00	  -6.0661726e+00	   2.0339807e+01	
  -4.9906419e+00	  -6.3869871e+00	   2.0107138e+01	
  -5.1397902e+00	  -6.7263635e+00	   1.9905675e+01	
  -5.3079515e+00	  -7.0845928e+00	   1.9737764e+01	
  -5.4951172e+00	  -7.4617806e+00	   1.9605986e+01	
  -5.7012784e+00	  -7.8577812e+00	   1.9513157e+01	
  -5.9263976e+00	  -8.2721220e+00	   1.9462328e+01	
  -6.1703770e+00	  -8.7039196e+00	   1.9456769e+01	
  -6.4330202e+00	  -9.1517862e+00	   1.9499945e+01	
  -6.7139891e+00	  -9.6137281e+00	   1.9595466e+01	
  -7.0127543e+00	  -1.0087038e+01	   1.9747015e+01	
  -7.3285404e+00	  -1.0568185e+01	   1.9958254e+01	
  -7.6602652e+00	  -1.1052707e+01	   2.0232689e+01	
  -8.0064762e+00	  -1.1535116e+01	   2.0573496e+01	
  -8.3652839e+00	  -1.2008823e+01	   2.0983313e+01	
  -8.7342970e+00	  -1.2466106e+01	   2.1463983e+01	
  -9.1105623e+00	  -1.2898123e+01	   2.2016258e+01	
  -9.4905152e+00	  -1.3295001e+01	   2.2639475e+01	
  -9.8699479e+00	  -1.3646014e+01	   2.3331215e+01	
  -1.0244002e+01	  -1.3939872e+01	   2.4086972e+01	
  -1.0607196e+01	  -1.4165121e+01	   2.4899864e+01	
  -1.0953492e+01	  -1.4310665e+01	   2.5760424e+01	
  -1.1276414e+01	  -1.4366393e+01	   2.6656525e+01	
  -1.1569214e+01	  -1.4323871e+01	   2.7573464e+01	
  -1.1825096e+01	  -1.4177068e+01	   2.8494267e+01	
  -1.2037480e+01	  -1.3923018e+01	   2.9400208e+01	
  -1.2200299e+01	  -1.3562366e+01	   3.0271559e+01	
  -1.2308316e+01	  -1.3099698e+01	   3.1088507e+01	
  -1.2357422e+01	  -1.2543598e+01	   3.1832187e+01	
  -1.2344900e+01	  -1.1906391e+01	   3.2485730e+01	
  -1.2269624e+01	  -1.1203568e+01	   3.3035209e+01	
  -1.2132169e+01	  -1.0452945e+01	   3.3470380e+01	
  -1.1934821e+01	  -9.6736334e+00	   3.3785140e+01	
  -1.1681487e+01	  -8.8849347e+00	   3.3977658e+01	
  -1.1377503e+01	  -8.1052733e+00	   3.4050165e+01	
  -1.1029372e+01	  -7.3512809e+00	   3.4008474e+01	
  -1.0644443e+01	  -6.6371029e+00	   3.3861280e+01	
  -1.0230574e+01	  -5.9739717e+00	   3.3619357e+01	
  -9.7957960e+00	  -5.3700469e+00	   3.3294727e+01	
  -9.3480061e+00	  -4.8304931e+00	   3.2899896e+01	
  -8.8947059e+00	  -4.3577438e+00	   3.2447207e+01	
  -8.4427984e+00	  -3.9518911e+00	   3.1948338e+01	
  -7.9984434e+00	  -3.6111403e+00	   3.1413961e+01	
  -7.5669715e+00	  -3.3322800e+00	   3.0853540e+01	
  -7.1528500e+00	  -3.1111264e+00	   3.0275257e+01	
  -6.7596922e+00	  -2.9429178e+00	   2.9686029e+01	
  -6.3902999e+00	  -2.8226447e+00	   2.9091593e+01	
  -6.0467307e+00	  -2.7453119e+00	   2.8496626e+01	
  -5.7303797e+00	  -2.7061351e+00	   2.7904894e+01	
  -5.4420701e+00	  -2.7006791e+00	   2.7319395e+01	
  -5.1821452e+00	  -2.7249458e+00	   2.6742506e+01	
  -4.9505584e+00	  -2.7754236e+00	   2.6176105e+01	
  -4.7469580e+00	  -2.8491050e+00	   2.5621690e+01	
  -4.5707634e+00	  -2.9434819e+00	   2.5080471e+01	
  -4.4212344e+00	  -3.0565256e+00	   2.4553452e+01	
  -4.2975299e+00	  -3.1866557e+00	   2.4041496e+01	
  -4.1987586e+00	  -3.3327033e+00	   2.3545383e+01	
  -4.1240214e+00	  -3.4938710e+00	   2.3065850e+01	
  -4.0724447e+00	  -3.6696923e+00	   2.2603627e+01	
  -4.0432086e+00	  -3.8599917e+00	   2.2159475e+01	
  -4.0355666e+00	  -4.0648454e+00	   2.1734206e+01	
  -4.0488612e+00	  -4.2845447e+00	   2.1328709e+01	
  -4.0825345e+00	  -4.5195605e+00	   2.0943974e+01	
  -4.1361333e+00	  -4.7705091e+00	   2.0581115e+01	
  -4.2093123e+00	  -5.0381181e+00	   2.0241389e+01	
  -4.3018321e+00	  -5.3231929e+00	   1.9926219e+01	
  -4.4135549e+00	  -5.6265810e+00	   1.9637219e+01	
  -4.5444376e+00	  -5.9491336e+00	   1.9376212e+01	
  -4.6945202e+00	  -6.2916637e+00	   1.9145258e+01	
  -4.8639130e+00	  -6.6548983e+00	   1.8946675e+01	
  -5.0527782e+00	  -7.0394231e+00	   1.8783059e+01	
  -5.2613091e+00	  -7.4456187e+00	   1.8657299e+01	
  -5.4897040e+00	  -7.8735864e+00	   1.8572595e+01	
  -5.7381351e+00	  -8.3230616e+00	   1.8532456e+01	
  -6.0067110e+00	  -8.7933144e+00	   1.8540694e+01	
  -6.2954338e+00	  -9.2830370e+00	   1.8601404e+01	
  -6.6041478e+00	  -9.7902170e+00	   1.8718909e+01	
  -6.9324812e+00	  -1.0312001e+01	   1.8897694e+01	
  -7.2797793e+00	  -1.0844550e+01	   1.9142292e+01	
  -7.6450310e+00	  -1.1382894e+01	   1.9457130e+01	
  -8.0267882e+00	  -1.1920801e+01	   1.9846327e+01	
  -8.4230817e+00	  -1.2450660e+01	   2.0313432e+01	
  -8.8313360e+00	  -1.2963418e+01	   2.0861105e+01	
  -9.2482888e+00	  -1.3448576e+01	   2.1490738e+01	
  -9.6699225e+00	  -1.3894275e+01	   2.2202032e+01	
  -1.0091415e+01	  -1.4287512e+01	   2.2992543e+01	
  -1.0507125e+01	  -1.4614485e+01	   2.3857233e+01	
  -1.0910615e+01	  -1.4861117e+01	   2.4788072e+01	
  -1.1294735e+01	  -1.5013733e+01	   2.5773743e+01	
  -1.1651766e+01	  -1.5059892e+01	   2.6799522e+01	
  -1.1973638e+01	  -1.4989323e+01	   2.7847400e+01	
  -1.2252214e+01	  -1.4794885e+01	   2.8896478e+01	
  -1.2479640e+01	  -1.4473458e+01	   2.9923704e+01	
  -1.2648737e+01	  -1.4026646e+01	   3.0904887e+01	
  -1.2753409e+01	  -1.3461168e+01	   3.1815973e+01	
  -1.2789027e+01	  -1.2788854e+01	   3.2634442e+01	
  -1.2752757e+01	  -1.2026187e+01	   3.3340691e+01	
  -1.2643799e+01	  -1.1193426e+01	   3.3919241e+01	
  -1.2463486e+01	  -1.0313366e+01	   3.4359615e+01	
  -1.2215261e+01	  -9.4098935e+00	   3.4656783e+01	
  -1.1904503e+01	  -8.5065029e+00	   3.4811141e+01	
  -1.1538242e+01	  -7.6249314e+00	   3.4828039e+01	
  -1.1124776e+01	  -6.7840671e+00	   3.4716963e+01	
  -1.0673241e+01	  -5.9992087e+00	   3.4490487e+01	
  -1.0193171e+01	  -5.2817069e+00	   3.4163153e+01	
  -9.6940782e+00	  -4.6389622e+00	   3.3750390e+01	
  -9.1850964e+00	  -4.0747121e+00	   3.3267581e+01	
  -8.6746861e+00	  -3.5895201e+00	   3.2729333e+01	
  -8.1704275e+00	  -3.1813779e+00	   3.2148966e+01	
  -7.6788893e+00	  -2.8463412e+00	   3.1538217e+01	
  -7.2055713e+00	  -2.5791374e+00	   3.0907122e+01	
  -6.7549057e+00	  -2.3737054e+00	   3.0264034e+01	
  -6.3303070e+00	  -2.2236455e+00	   2.9615741e+01	
  -5.9342536e+00	  -2.1225730e+00	   2.8967642e+01	
  -5.5683924e+00	  -2.0643798e+00	   2.8323943e+01	
  -5.2336533e+00	  -2.0434138e+00	   2.7687867e+01	
  -4.9303663e+00	  -2.0545907e+00	   2.7061843e+01	
  -4.6583766e+00	  -2.0934520e+00	   2.6447682e+01	
  -4.4171506e+00	  -2.1561821e+00	   2.5846723e+01	
  -4.2058732e+00	  -2.2395964e+00	   2.5259957e+01	
  -4.0235332e+00	  -2.3411099e+00	   2.4688130e+01	
  -3.8689968e+00	  -2.4586943e+00	   2.4131819e+01	
  -3.7410701e+00	  -2.5908276e+00	   2.3591500e+01	
  -3.6385504e+00	  -2.7364428e+00	   2.3067591e+01	
  -3.5602677e+00	  -2.8948761e+00	   2.2560497e+01	
  -3.5051177e+00	  -3.0658183e+00	   2.2070640e+01	
  -3.4720872e+00	  -3.2492689e+00	   2.1598481e+01	
  -3.4602726e+00	  -3.4454953e+00	   2.1144544e+01	
  -3.4688930e+00	  -3.6549945e+00	   2.0709437e+01	
  -3.4972989e+00	  -3.8784596e+00	   2.0293872e+01	
  -3.5449768e+00	  -4.1167486e+00	   1.9898680e+01	
  -3.6115507e+00	  -4.3708558e+00	   1.9524835e+01	
  -3.6967801e+00	  -4.6418842e+00	   1.9173475e+01	
  -3.8005568e+00	  -4.9310179e+00	   1.8845925e+01	
  -3.9228983e+00	  -5.2394933e+00	   1.8543722e+01	
  -4.0639393e+00	  -5.5685675e+00	   1.8268642e+01	
  -4.2239208e+00	  -5.9194824e+00	   1.8022730e+01	
  -4.4031768e+00	  -6.2934222e+00	   1.7808333e+01	
  -4.6021174e+00	  -6.6914631e+00	   1.7628124e+01	
  -4.8212082e+00	  -7.1145119e+00	   1.7485139e+01	
  -5.0609459e+00	  -7.5632317e+00	   1.7382802e+01	
  -5.3218277e+00	  -8.0379532e+00	   1.7324946e+01	
  -5.6043145e+00	  -8.5385670e+00	   1.7315826e+01	
  -5.9087866e+00	  -9.0643978e+00	   1.7360119e+01	
  -6.2354907e+00	  -9.6140570e+00	   1.7462899e+01	
  -6.5844766e+00	  -1.0185275e+01	   1.7629590e+01	
  -6.9555235e+00	  -1.0774716e+01	   1.7865874e+01	
  -7.3480542e+00	  -1.1377778e+01	   1.8177557e+01	
  -7.7610393e+00	  -1.1988389e+01	   1.8570368e+01	
  -8.1928903e+00	  -1.2598812e+01	   1.9049688e+01	
  -8.6413465e+00	  -1.3199486e+01	   1.9620201e+01	
  -9.1033595e+00	  -1.3778920e+01	   2.0285444e+01	
  -9.5749835e+00	  -1.4323683e+01	   2.1047286e+01	
  -1.0051280e+01	  -1.4818529e+01	   2.1905326e+01	
  -1.0526255e+01	  -1.5246706e+01	   2.2856251e+01	
  -1.0992836e+01	  -1.5590474e+01	   2.3893205e+01	
  -1.1442918e+01	  -1.5831873e+01	   2.5005241e+01	
  -1.1867490e+01	  -1.5953738e+01	   2.6176947e+01	
  -1.2256848e+01	  -1.5940918e+01	   2.7388351e+01	
  -1.2600925e+01	  -1.5781628e+01	   2.8615205e+01	
  -1.2889708e+01	  -1.5468798e+01	   2.9829721e+01	
  -1.3113738e+01	  -1.5001245e+01	   3.1001773e+01	
  -1.3264667e+01	  -1.4384489e+01	   3.2100533e+01	
  -1.3335801e+01	  -1.3631027e+01	   3.3096387e+01	
  -1.3322600e+01	  -1.2759970e+01	   3.3962937e+01	
  -1.3223054e+01	  -1.1796004e+01	   3.4678836e+01	
  -1.3037902e+01	  -1.0767775e+01	   3.5229205e+01	
  -1.2770647e+01	  -9.7058893e+00	   3.5606441e+01	
  -1.2427382e+01	  -8.6407810e+00	   3.5810323e+01	
  -1.2016424e+01	  -7.6007231e+00	   3.5847432e+01	
  -1.1547821e+01	  -6.6102135e+00	   3.5730018e+01	
  -1.1032764e+01	  -5.6888837e+00	   3.5474516e+01	
  -1.0482989e+01	  -4.8509827e+00	   3.5099928e+01	
  -9.9102114e+00	  -4.1053950e+00	   3.4626282e+01	
  -9.3256324e+00	  -3.4560863e+00	   3.4073322e+01	
  -8.7395565e+00	  -2.9028370e+00	   3.3459504e+01	
  -8.1611195e+00	  -2.4421230e+00	   3.2801340e+01	
  -7.5981295e+00	  -2.0680225e+00	   3.2113048e+01	
  -7.0570065e+00	  -1.7730596e+00	   3.1406456e+01	
  -6.5428028e+00	  -1.5489316e+00	   3.0691103e+01	
  -6.0592842e+00	  -1.3870939e+00	   2.9974454e+01	
  -5.6090516e+00	  -1.2792000e+00	   2.9262185e+01	
  -5.1936867e+00	  -1.2174111e+00	   2.8558485e+01	
  -4.8139076e+00	  -1.1945922e+00	   2.7866351e+01	
  -4.4697238e+00	  -1.2044202e+00	   2.7187853e+01	
  -4.1605832e+00	  -1.2414242e+00	   2.6524362e+01	
  -3.8855069e+00	  -1.3009774e+00	   2.5876740e+01	
  -3.6432080e+00	  -1.3792581e+00	   2.5245488e+01	
  -3.4321949e+00	  -1.4731892e+00	   2.4630868e+01	
  -3.2508585e+00	  -1.5803694e+00	   2.4032985e+01	
  -3.0975441e+00	  -1.6989992e+00	   2.3451857e+01	
  -2.9706091e+00	  -1.8278090e+00	   2.2887464e+01	
  -2.8684696e+00	  -1.9659912e+00	   2.2339780e+01	
  -2.7896352e+00	  -2.1131373e+00	   2.1808801e+01	
  -2.7327354e+00	  -2.2691830e+00	   2.1294561e+01	
  -2.6965388e+00	  -2.4343593e+00	   2.0797153e+01	
  -2.6799658e+00	  -2.6091511e+00	   2.0316732e+01	
  -2.6820964e+00	  -2.7942620e+00	   1.9853536e+01	
  -2.7021744e+00	  -2.9905844e+00	   1.9407892e+01	
  -2.7396088e+00	  -3.1991754e+00	   1.8980232e+01	
  -2.7939724e+00	  -3.4212361e+00	   1.8571107e+01	
  -2.8649994e+00	  -3.6580940e+00	   1.8181203e+01	
  -2.9525808e+00	  -3.9111877e+00	   1.7811360e+01	
  -3.0567599e+00	  -4.1820521e+00	   1.7462597e+01	
  -3.1777260e+00	  -4.4723036e+00	   1.7136136e+01	
  -3.3158073e+00	  -4.7836228e+00	   1.6833432e+01	
  -3.4714632e+00	  -5.1177349e+00	   1.6556207e+01	
  -3.6452745e+00	  -5.4763837e+00	   1.6306485e+01	
  -3.8379325e+00	  -5.8612991e+00	   1.6086638e+01	
  -4.0502249e+00	  -6.2741547e+00	   1.5899426e+01	
  -4.2830188e+00	  -6.7165126e+00	   1.5748047e+01	
  -4.5372392e+00	  -7.1897527e+00	   1.5636182e+01	
  -4.8138421e+00	  -7.6949829e+00	   1.5568048e+01	
  -5.1137804e+00	  -8.2329258e+00	   1.5548431e+01	
  -5.4379608e+00	  -8.8037784e+00	   1.5582727e+01	
  -5.7871902e+00	  -9.4070413e+00	   1.5676953e+01	
  -6.1621093e+00	  -1.0041314e+01	   1.5837737e+01	
  -6.5631118e+00	  -1.0704055e+01	   1.6072270e+01	
  -6.9902455e+00	  -1.1391310e+01	   1.6388200e+01	
  -7.4430972e+00	  -1.2097409e+01	   1.6793463e+01	
  -7.9206575e+00	  -1.2814653e+01	   1.7296013e+01	
  -8.4211699e+00	  -1.3533004e+01	   1.7903443e+01	
  -8.9419655e+00	  -1.4239817e+01	   1.8622470e+01	
  -9.4792919e+00	  -1.4919658e+01	   1.9458280e+01	
  -1.0028148e+01	  -1.5554264e+01	   2.0413721e+01	
  -1.0582140e+01	  -1.6122725e+01	   2.1488375e+01	
  -1.1133382e+01	  -1.6601964e+01	   2.2677561e+01	
  -1.1672472e+01	  -1.6967576e+01	   2.3971352e+01	
  -1.2188563e+01	  -1.7195079e+01	   2.5353750e+01	
  -1.2669573e+01	  -1.7261575e+01	   2.6802174e+01	
  -1.3102546e+01	  -1.7147729e+01	   2.8287459e+01	
  -1.3474180e+01	  -1.6839911e+01	   2.9774528e+01	
  -1.3771499e+01	  -1.6332233e+01	   3.1223839e+01	
  -1.3982643e+01	  -1.5628152e+01	   3.2593610e+01	
  -1.4097703e+01	  -1.4741326e+01	   3.3842649e+01	
  -1.4109502e+01	  -1.3695441e+01	   3.4933490e+01	
  -1.4014236e+01	  -1.2522913e+01	   3.5835391e+01	
  -1.3811880e+01	  -1.1262557e+01	   3.6526761e+01	
  -1.3506293e+01	  -9.9565176e+00	   3.6996613e+01	
  -1.3105003e+01	  -8.6469112e+00	   3.7244852e+01	
  -1.2618697e+01	  -7.3726677e+00	   3.7281395e+01	
  -1.2060490e+01	  -6.1669940e+00	   3.7124356e+01	
  -1.1445062e+01	  -5.0557301e+00	   3.6797648e+01	
  -1.0787768e+01	  -4.0566731e+00	   3.6328413e+01	
  -1.0103811e+01	  -3.1797771e+00	   3.5744638e+01	
  -9.4075473e+00	  -2.4280182e+00	   3.5073209e+01	
  -8.7119651e+00	  -1.7986676e+00	   3.4338518e+01	
  -8.0283373e+00	  -1.2847249e+00	   3.3561649e+01	
  -7.3660488e+00	  -8.7631903e-01	   3.2760053e+01	
  -6.7325642e+00	  -5.6194407e-01	   3.1947597e+01	
  -6.1335051e+00	  -3.2946561e-01	   3.1134875e+01	
  -5.5728050e+00	  -1.6687970e-01	   3.0329653e+01	
  -5.0529090e+00	  -6.2841014e-02	   2.9537367e+01	
  -4.5749959e+00	  -6.9950464e-03	   2.8761615e+01	
  -4.1392027e+00	   9.8448420e-03	   2.8004594e+01	
  -3.7448384e+00	  -4.3648315e-03	   2.7267475e+01	
  -3.3905796e+00	  -4.2880058e-02	   2.6550712e+01	
  -3.0746431e+00	  -1.0010023e-01	   2.5854273e+01	
  -2.7949338e+00	  -1.7146918e-01	   2.5177824e+01	
  -2.5491685e+00	  -2.5336193e-01	   2.4520851e+01	
  -2.3349764e+00	  -3.4296815e-01	   2.3882755e+01	
  -2.1499799e+00	  -4.3817919e-01	   2.3262912e+01	
  -1.9918565e+00	  -5.3748306e-01	   2.2660709e+01	
  -1.8583859e+00	  -6.3986988e-01	   2.2075568e+01	
  -1.7474838e+00	  -7.4474845e-01	   2.1506960e+01	
  -1.6572255e+00	  -8.5187451e-01	   2.0954409e+01	
  -1.5858601e+00	  -9.6128985e-01	   2.0417495e+01	
  -1.5318195e+00	  -1.0732719e+00	   1.9895853e+01	
  -1.4937205e+00	  -1.1882924e+00	   1.9389169e+01	
  -1.4703649e+00	  -1.3069848e+00	   1.8897185e+01	
  -1.4607351e+00	  -1.4301190e+00	   1.8419694e+01	
  -1.4639899e+00	  -1.5585820e+00	   1.7956540e+01	
  -1.4794572e+00	  -1.6933644e+00	   1.7507623e+01	
  -1.5066281e+00	  -1.8355523e+00	   1.7072901e+01	
  -1.5451498e+00	  -1.9863217e+00	   1.6652396e+01	
  -1.5948192e+00	  -2.1469372e+00	   1.6246200e+01	
  -1.6555772e+00	  -2.3187533e+00	   1.5854483e+01	
  -1.7275037e+00	  -2.5032173e+00	   1.5477509e+01	
  -1.8108136e+00	  -2.7018736e+00	   1.5115644e+01	
  -1.9058528e+00	  -2.9163700e+00	   1.4769378e+01	
  -2.0130967e+00	  -3.1484627e+00	   1.4439344e+01	
  -2.1331480e+00	  -3.4000220e+00	   1.4126340e+01	
  -2.2667355e+00	  -3.6730365e+00	   1.3831362e+01	
  -2.4147140e+00	  -3.9696154e+00	   1.3555634e+01	
  -2.5780632e+00	  -4.2919865e+00	   1.3300652e+01	
  -2.7578873e+00	  -4.6424906e+00	   1.3068228e+01	
  -2.9554129e+00	  -5.0235677e+00	   1.2860545e+01	
  -3.1719864e+00	  -5.4377349e+00	   1.2680218e+01	
  -3.4090675e+00	  -5.8875513e+00	   1.2530366e+01	
  -3.6682209e+00	  -6.3755661e+00	   1.2414692e+01	
  -3.9511014e+00	  -6.9042466e+00	   1.2337567e+01	
  -4.2594336e+00	  -7.4758775e+00	   1.2304124e+01	
  -4.5949809e+00	  -8.0924272e+00	   1.2320357e+01	
  -4.9595042e+00	  -8.7553709e+00	   1.2393213e+01	
  -5.3547042e+00	  -9.4654630e+00	   1.2530673e+01	
  -5.7821456e+00	  -1.0222448e+01	   1.2741818e+01	
  -6.2431565e+00	  -1.1024705e+01	   1.3036846e+01	
  -6.7387012e+00	  -1.1868812e+01	   1.3427023e+01	
  -7.2692192e+00	  -1.2749038e+01	   1.3924541e+01	
  -7.8344282e+00	  -1.3656770e+01	   1.4542237e+01	
  -8.4330888e+00	  -1.4579895e+01	   1.5293118e+01	
  -9.0627324e+00	  -1.5502184e+01	   1.6189654e+01	
  -9.7193592e+00	  -1.6402752e+01	   1.7242782e+01	
  -1.0397123e+01	  -1.7255717e+01	   1.8460591e+01	
  -1.1088026e+01	  -1.8030181e+01	   1.9846685e+01	
  -1.1781666e+01	  -1.8690735e+01	   2.1398299e+01	
  -1.2465091e+01	  -1.9198665e+01	   2.3104303e+01	
  -1.3122814e+01	  -1.9514006e+01	   2.4943362e+01	
  -1.3737076e+01	  -1.9598514e+01	   2.6882611e+01	
  -1.4288402e+01	  -1.9419449e+01	   2.8877299e+01	
  -1.4756492e+01	  -1.8953807e+01	   3.0871815e+01	
  -1.5121429e+01	  -1.8192442e+01	   3.2802429e+01	
  -1.5365125e+01	  -1.7143270e+01	   3.4601726e+01	
  -1.5472864e+01	  -1.5832770e+01	   3.6204375e+01	
  -1.5434722e+01	  -1.4305152e+01	   3.7553415e+01	
  -1.5246661e+01	  -1.2619038e+01	   3.8605996e+01	
  -1.4911090e+01	  -1.0842043e+01	   3.9337465e+01	
  -1.4436791e+01	  -9.0441585e+00	   3.9743032e+01	
  -1.3838217e+01	  -7.2911271e+00	   3.9836780e+01	
  -1.3134265e+01	  -5.6389474e+00	   3.9648360e+01	
  -1.2346741e+01	  -4.1302765e+00	   3.9218226e+01	
  -1.1498718e+01	  -2.7930030e+00	   3.8592381e+01	
  -1.0613033e+01	  -1.6407786e+00	   3.7817567e+01	
  -9.7110330e+00	  -6.7497408e-01	   3.6937484e+01	
  -8.8116789e+00	   1.1258391e-01	   3.5990306e+01	
  -7.9310072e+00	   7.3668181e-01	   3.5007461e+01	
  -7.0819122e+00	   1.2160192e+00	   3.4013418e+01	
  -6.2741845e+00	   1.5709828e+00	   3.3026186e+01	
  -5.5147310e+00	   1.8219803e+00	   3.2058218e+01	
  -4.8079058e+00	   1.9883095e+00	   3.1117471e+01	
  -4.1558950e+00	   2.0874803e+00	   3.0208456e+01	
  -3.5591114e+00	   2.1348852e+00	   2.9333181e+01	
  -3.0165699e+00	   2.1437157e+00	   2.8491928e+01	
  -2.5262281e+00	   2.1250405e+00	   2.7683868e+01	
  -2.0852802e+00	   2.0879780e+00	   2.6907523e+01	
  -1.6904053e+00	   2.0399162e+00	   2.6161090e+01	
  -1.3379699e+00	   1.9867483e+00	   2.5442664e+01	
  -1.0241880e+00	   1.9331030e+00	   2.4750378e+01	
  -7.4524605e-01	   1.8825604e+00	   2.4082491e+01	
  -4.9739547e-01	   1.8378450e+00	   2.3437423e+01	
  -2.7701951e-01	   1.8009964e+00	   2.2813777e+01	
  -8.0678659e-02	   1.7735151e+00	   2.2210333e+01	
   9.4861192e-02	   1.7564886e+00	   2.1626040e+01	
   2.5261417e-01	   1.7506957e+00	   2.1060001e+01	
   3.9537037e-01	   1.7566946e+00	   2.0511452e+01	
   5.2569981e-01	   1.7748952e+00	   1.9979752e+01	
   6.4596227e-01	   1.8056192e+00	   1.9464364e+01	
   7.5832127e-01	   1.8491483e+00	   1.8964847e+01	
   8.6476101e-01	   1.9057645e+00	   1.8480846e+01	
   9.6710498e-01	   1.9757817e+00	   1.8012084e+01	
   1.0670357e+00	   2.0595723e+00	   1.7558364e+01	
   1.1661146e+00	   2.1575880e+00	   1.7119563e+01	
   1.2658023e+00	   2.2703779e+00	   1.6695639e+01	
   1.3674778e+00	   2.3986021e+00	   1.6286634e+01	
   1.4724574e+00	   2.5430439e+00	   1.5892680e+01	
   1.5820135e+00	   2.7046201e+00	   1.5514011e+01	
   1.6973909e+00	   2.8843886e+00	   1.5150978e+01	
   1.8198243e+00	   3.0835561e+00	   1.4804063e+01	
   1.9505526e+00	   3.3034827e+00	   1.4473898e+01	
   2.0908343e+00	   3.5456862e+00	   1.4161296e+01	
   2.2419599e+00	   3.8118429e+00	   1.3867275e+01	
   2.4052644e+00	   4.1037864e+00	   1.3593092e+01	
   2.5821376e+00	   4.4235017e+00	   1.3340289e+01	
   2.7740330e+00	   4.7731146e+00	   1.3110735e+01	
   2.9824739e+00	   5.1548728e+00	   1.2906687e+01	
   3.2090576e+00	   5.5711179e+00	   1.2730847e+01	
   3.4554549e+00	   6.0242438e+00	   1.2586438e+01	
   3.7234060e+00	   6.5166380e+00	   1.2477283e+01	
   4.0147088e+00	   7.0506010e+00	   1.2407891e+01	
   4.3312009e+00	   7.6282371e+00	   1.2383554e+01	
   4.6747299e+00	   8.2513094e+00	   1.2410434e+01	
   5.0471115e+00	   8.9210521e+00	   1.2495663e+01	
   5.4500709e+00	   9.6379289e+00	   1.2647414e+01	
   5.8851641e+00	   1.0401330e+01	   1.2874956e+01	
   6.3536742e+00	   1.1209201e+01	   1.3188656e+01	
   6.8564791e+00	   1.2057594e+01	   1.3599912e+01	
   7.3938851e+00	   1.2940149e+01	   1.4120983e+01	
   7.9654239e+00	   1.3847510e+01	   1.4764663e+01	
   8.5696121e+00	   1.4766716e+01	   1.5543768e+01	
   9.2036750e+00	   1.5680600e+01	   1.6470366e+01	
   9.8632440e+00	   1.6567294e+01	   1.7554726e+01	
   1.0542046e+01	   1.7399956e+01	   1.8803934e+01	
   1.1231611e+01	   1.8146854e+01	   2.0220220e+01	
   1.1921042e+01	   1.8772021e+01	   2.1799055e+01	
   1.2596904e+01	   1.9236619e+01	   2.3527189e+01	
   1.3243294e+01	   1.9501186e+01	   2.5380927e+01	
   1.3842159e+01	   1.9528764e+01	   2.7325003e+01	
   1.4373920e+01	   1.9288765e+01	   2.9312504e+01	
   1.4818434e+01	   1.8761184e+01	   3.1286256e+01	
   1.5156241e+01	   1.7940519e+01	   3.3181908e+01	
   1.5370033e+01	   1.6838627e+01	   3.4932655e+01	
   1.5446167e+01	   1.5485723e+01	   3.6475107e+01	
   1.5376018e+01	   1.3929023e+01	   3.7755471e+01	
   1.5156952e+01	   1.2228966e+01	   3.8734931e+01	
   1.4792752e+01	   1.0453529e+01	   3.9393215e+01	
   1.4293408e+01	   8.6716041e+00	   3.9729673e+01	
   1.3674298e+01	   6.9466240e+00	   3.9761768e+01	
   1.2954896e+01	   5.3314885e+00	   3.9521447e+01	
   1.2157214e+01	   3.8654601e+00	   3.9050262e+01	
   1.1304197e+01	   2.5731848e+00	   3.8394220e+01	
   1.0418274e+01	   1.4655489e+00	   3.7599213e+01	
   9.5201939e+00	   5.4181243e-01	   3.6707538e+01	
   8.6282081e+00	  -2.0761601e-01	   3.5755716e+01	
   7.7576076e+00	  -7.9830840e-01	   3.4773499e+01	
   6.9205632e+00	  -1.2492353e+00	   3.3783824e+01	
   6.1262045e+00	  -1.5806762e+00	   3.2803407e+01	
   5.3808635e+00	  -1.8126825e+00	   3.1843669e+01	
   4.6884156e+00	  -1.9640539e+00	   3.0911796e+01	
   4.0506648e+00	  -2.0517420e+00	   3.0011755e+01	
   3.4677316e+00	  -2.0905770e+00	   2.9145192e+01	
   2.9384188e+00	  -2.0932198e+00	   2.8312174e+01	
   2.4605399e+00	  -2.0702593e+00	   2.7511761e+01	
   2.0312020e+00	  -2.0303937e+00	   2.6742432e+01	
   1.6470422e+00	  -1.9806518e+00	   2.6002393e+01	
   1.3044200e+00	  -1.9266251e+00	   2.5289773e+01	
   9.9956980e-01	  -1.8726934e+00	   2.4602755e+01	
   7.2871755e-01	  -1.8222335e+00	   2.3939651e+01	
   4.8816784e-01	  -1.7778066e+00	   2.3298937e+01	
   2.7436597e-01	  -1.7413218e+00	   2.2679264e+01	
   8.3939572e-02	  -1.7141772e+00	   2.2079457e+01	
  -8.6276066e-02	  -1.6973802e+00	   2.1498503e+01	
  -2.3922558e-01	  -1.6916477e+00	   2.0935532e+01	
  -3.7763103e-01	  -1.6974905e+00	   2.0389808e+01	
  -5.0399695e-01	  -1.7152826e+00	   1.9860706e+01	
  -6.2062083e-01	  -1.7453181e+00	   1.9347702e+01	
  -7.2960757e-01	  -1.7878576e+00	   1.8850362e+01	
  -8.3288652e-01	  -1.8431663e+00	   1.8368333e+01	
  -9.3223014e-01	  -1.9115447e+00	   1.7901340e+01	
  -1.0292736e+00	  -1.9933533e+00	   1.7449179e+01	
  -1.1255343e+00	  -2.0890335e+00	   1.7011720e+01	
  -1.2224323e+00	  -2.1991235e+00	   1.6588908e+01	
  -1.3213084e+00	  -2.3242730e+00	   1.6180766e+01	
  -1.4234440e+00	  -2.4652540e+00	   1.5787408e+01	
  -1.5300782e+00	  -2.6229713e+00	   1.5409041e+01	
  -1.6424248e+00	  -2.7984704e+00	   1.5045986e+01	
  -1.7616890e+00	  -2.9929449e+00	   1.4698685e+01	
  -1.8890823e+00	  -3.2077423e+00	   1.4367732e+01	
  -2.0258365e+00	  -3.4443681e+00	   1.4053884e+01	
  -2.1732174e+00	  -3.7044881e+00	   1.3758101e+01	
  -2.3325366e+00	  -3.9899283e+00	   1.3481571e+01	
  -2.5051622e+00	  -4.3026709e+00	   1.3225753e+01	
  -2.6925280e+00	  -4.6448457e+00	   1.2992425e+01	
  -2.8961406e+00	  -5.0187140e+00	   1.2783735e+01	
  -3.1175837e+00	  -5.4266444e+00	   1.2602263e+01	
  -3.3585197e+00	  -5.8710757e+00	   1.2451094e+01	
  -3.6206860e+00	  -6.3544640e+00	   1.2333895e+01	
  -3.9058863e+00	  -6.8792087e+00	   1.2255004e+01	
  -4.2159745e+00	  -7.4475522e+00	   1.2219521e+01	
  -4.5528284e+00	  -8.0614451e+00	   1.2233411e+01	
  -4.9183119e+00	  -8.7223700e+00	   1.2303596e+01	
  -5.3142208e+00	  -9.4311135e+00	   1.2438043e+01	
  -5.7422097e+00	  -1.0187478e+01	   1.2645829e+01	
  -6.2036955e+00	  -1.0989924e+01	   1.2937163e+01	
  -6.6997312e+00	  -1.1835135e+01	   1.3323351e+01	
  -7.2308479e+00	  -1.2717508e+01	   1.3816654e+01	
  -7.7968593e+00	  -1.3628574e+01	   1.4430021e+01	
  -8.3966264e+00	  -1.4556367e+01	   1.5176621e+01	
  -9.0277858e+00	  -1.5484799e+01	   1.6069153e+01	
  -9.6864452e+00	  -1.6393105e+01	   1.7118850e+01	
  -1.0366864e+01	  -1.7255462e+01	   1.8334169e+01	
  -1.1061143e+01	  -1.8040952e+01	   1.9719157e+01	
  -1.1758962e+01	  -1.8714022e+01	   2.1271538e+01	
  -1.2447418e+01	  -1.9235655e+01	   2.2980693e+01	
  -1.3111037e+01	  -1.9565400e+01	   2.4825762e+01	
  -1.3732011e+01	  -1.9664336e+01	   2.6774251e+01	
  -1.4290751e+01	  -1.9498865e+01	   2.8781591e+01	
  -1.4766764e+01	  -1.9045021e+01	   3.0792091e+01	
  -1.5139865e+01	  -1.8292671e+01	   3.2741614e+01	
  -1.5391637e+01	  -1.7248866e+01	   3.4562002e+01	
  -1.5506990e+01	  -1.5939464e+01	   3.6186889e+01	
  -1.5475624e+01	  -1.4408421e+01	   3.7558097e+01	
  -1.5293154e+01	  -1.2714531e+01	   3.8631521e+01	
  -1.4961714e+01	  -1.0925990e+01	   3.9381393e+01	
  -1.4489908e+01	  -9.1136919e+00	   3.9802091e+01	
  -1.3892122e+01	  -7.3444708e+00	   3.9907228e+01	
  -1.3187303e+01	  -5.6754406e+00	   3.9726378e+01	
  -1.2397399e+01	  -4.1502614e+00	   3.9300253e+01	
  -1.1545703e+01	  -2.7976152e+00	   3.8675362e+01	
  -1.0655308e+01	  -1.6316926e+00	   3.7899083e+01	
  -9.7478364e+00	  -6.5415276e-01	   3.7015788e+01	
  -8.8425133e+00	   1.4310426e-01	   3.6064279e+01	
  -7.9556132e+00	   7.7495289e-01	   3.5076512e+01	
  -7.1002317e+00	   1.2602865e+00	   3.4077375e+01	
  -6.2863199e+00	   1.6197428e+00	   3.3085177e+01	
  -5.5209051e+00	   1.8739991e+00	   3.2112568e+01	
  -4.8084247e+00	   2.0426160e+00	   3.1167620e+01	
  -4.1511164e+00	   2.1433434e+00	   3.0254897e+01	
  -3.5494179e+00	   2.1917834e+00	   2.9376412e+01	
  -3.0023488e+00	   2.2013049e+00	   2.8532427e+01	
  -2.5078551e+00	   2.1831227e+00	   2.7722076e+01	
  -2.0631081e+00	   2.1464733e+00	   2.6943837e+01	
  -1.6647564e+00	   2.0988392e+00	   2.6195859e+01	
  -1.3091304e+00	   2.0461881e+00	   2.5476193e+01	
  -9.9240578e-01	   1.9932074e+00	   2.4782936e+01	
  -7.1072878e-01	   1.9435236e+00	   2.4114310e+01	
  -4.6031079e-01	   1.8998979e+00	   2.3468709e+01	
  -2.3749565e-01	   1.8643995e+00	   2.2844712e+01	
  -3.8805603e-02	   1.8385541e+00	   2.2241086e+01	
   1.3903023e-01	   1.8234703e+00	   2.1656768e+01	
   2.9906122e-01	   1.8199465e+00	   2.1090852e+01	
   4.4411114e-01	   1.8285597e+00	   2.0542575e+01	
   5.7678226e-01	   1.8497385e+00	   2.0011295e+01	
   6.9946536e-01	   1.8838241e+00	   1.9496484e+01	
   8.1435393e-01	   1.9311191e+00	   1.8997708e+01	
   9.2346134e-01	   1.9919280e+00	   1.8514625e+01	
   1.0286398e+00	   2.0665896e+00	   1.8046978e+01	
   1.1316001e+00	   2.1555033e+00	   1.7594590e+01	
   1.2339322e+00	   2.2591509e+00	   1.7157365e+01	
   1.3371254e+00	   2.3781137e+00	   1.6735294e+01	
   1.4425877e+00	   2.5130872e+00	   1.6328455e+01	
   1.5516656e+00	   2.6648922e+00	   1.5937027e+01	
   1.6656619e+00	   2.8344856e+00	   1.5561297e+01	
   1.7858533e+00	   3.0229673e+00	   1.5201677e+01	
   1.9135070e+00	   3.2315868e+00	   1.4858723e+01	
   2.0498960e+00	   3.4617479e+00	   1.4533155e+01	
   2.1963131e+00	   3.7150106e+00	   1.4225885e+01	
   2.3540841e+00	   3.9930908e+00	   1.3938047e+01	
   2.5245797e+00	   4.2978565e+00	   1.3671036e+01	
   2.7092244e+00	   4.6313189e+00	   1.3426552e+01	
   2.9095052e+00	   4.9956174e+00	   1.3206648e+01	
   3.1269764e+00	   5.3929955e+00	   1.3013790e+01	
   3.3632617e+00	   5.8257659e+00	   1.2850923e+01	
   3.6200514e+00	   6.2962605e+00	   1.2721545e+01	
   3.8990954e+00	   6.8067599e+00	   1.2629789e+01	
   4.2021877e+00	   7.3594000e+00	   1.2580508e+01	
   4.5311430e+00	   7.9560452e+00	   1.2579374e+01	
   4.8877611e+00	   8.5981245e+00	   1.2632958e+01	
   5.2737771e+00	   9.2864190e+00	   1.2748818e+01	
   5.6907933e+00	   1.0020795e+01	   1.2935557e+01	
   6.1401895e+00	   1.0799870e+01	   1.3202849e+01	
   6.6230061e+00	   1.1620613e+01	   1.3561405e+01	
   7.1397977e+00	   1.2477872e+01	   1.4022851e+01	
   7.6904514e+00	   1.3363830e+01	   1.4599485e+01	
   8.2739690e+00	   1.4267428e+01	   1.5303862e+01	
   8.8882137e+00	   1.5173769e+01	   1.6148162e+01	
   9.5296272e+00	   1.6063592e+01	   1.7143298e+01	
   1.0192929e+01	   1.6912890e+01	   1.8297721e+01	
   1.0870823e+01	   1.7692827e+01	   1.9615929e+01	
   1.1553742e+01	   1.8370096e+01	   2.1096707e+01	
   1.2229678e+01	   1.8907907e+01	   2.2731245e+01	
   1.2884167e+01	   1.9267754e+01	   2.4501324e+01	
   1.3500476e+01	   1.9412042e+01	   2.6377913e+01	
   1.4060067e+01	   1.9307517e+01	   2.8320571e+01	
   1.4543369e+01	   1.8929225e+01	   3.0278072e+01	
   1.4930868e+01	   1.8264523e+01	   3.2190585e+01	
   1.5204435e+01	   1.7316418e+01	   3.3993490e+01	
   1.5348796e+01	   1.6105495e+01	   3.5622578e+01	
   1.5352944e+01	   1.4669764e+01	   3.7019986e+01	
   1.5211286e+01	   1.3062163e+01	   3.8139901e+01	
   1.4924342e+01	   1.1345912e+01	   3.8952985e+01	
   1.4498854e+01	   9.5884576e+00	   3.9448696e+01	
   1.3947282e+01	   7.8550655e+00	   3.9635090e+01	
   1.3286775e+01	   6.2031695e+00	   3.9536309e+01	
   1.2537764e+01	   4.6783333e+00	   3.9188401e+01	
   1.1722408e+01	   3.3122276e+00	   3.8634379e+01	
   1.0863088e+01	   2.1225592e+00	   3.7919444e+01	
   9.9811204e+00	   1.1145330e+00	   3.7087016e+01	
   9.0957794e+00	   2.8325849e-01	   3.6175950e+01	
   8.2236618e+00	  -3.8348040e-01	   3.5218963e+01	
   7.3783780e+00	  -9.0254885e-01	   3.4242118e+01	
   6.5705083e+00	  -1.2931657e+00	   3.3265082e+01	
   5.8077576e+00	  -1.5751188e+00	   3.2301865e+01	
   5.0952401e+00	  -1.7675022e+00	   3.1361785e+01	
   4.4358336e+00	  -1.8879135e+00	   3.0450485e+01	
   3.8305591e+00	  -1.9520194e+00	   2.9570866e+01	
   3.2789500e+00	  -1.9733903e+00	   2.8723894e+01	
   2.7793942e+00	  -1.9635187e+00	   2.7909242e+01	
   2.3294348e+00	  -1.9319505e+00	   2.7125785e+01	
   1.9260268e+00	  -1.8864782e+00	   2.6371960e+01	
   1.5657493e+00	  -1.8333614e+00	   2.5646016e+01	
   1.2449764e+00	  -1.7775491e+00	   2.4946178e+01	
   9.6001113e-01	  -1.7228924e+00	   2.4270747e+01	
   7.0718690e-01	  -1.6723384e+00	   2.3618162e+01	
   4.8294235e-01	  -1.6281023e+00	   2.2987018e+01	
   2.8387344e-01	  -1.5918179e+00	   2.2376076e+01	
   1.0676743e-01	  -1.5646659e+00	   2.1784255e+01	
  -5.1377602e-02	  -1.5474831e+00	   2.1210619e+01	
  -1.9334465e-01	  -1.5408533e+00	   2.0654364e+01	
  -3.2169833e-01	  -1.5451836e+00	   2.0114799e+01	
  -4.3879198e-01	  -1.5607667e+00	   1.9591335e+01	
  -5.4677936e-01	  -1.5878318e+00	   1.9083472e+01	
  -6.4762982e-01	  -1.6265869e+00	   1.8590786e+01	
  -7.4314540e-01	  -1.6772523e+00	   1.8112926e+01	
  -8.3497938e-01	  -1.7400883e+00	   1.7649607e+01	
  -9.2465534e-01	  -1.8154177e+00	   1.7200609e+01	
  -1.0135864e+00	  -1.9036438e+00	   1.6765772e+01	
  -1.1030939e+00	  -2.0052657e+00	   1.6345005e+01	
  -1.1944265e+00	  -2.1208914e+00	   1.5938283e+01	
  -1.2887771e+00	  -2.2512479e+00	   1.5545659e+01	
  -1.3873009e+00	  -2.3971916e+00	   1.5167269e+01	
  -1.4911309e+00	  -2.5597162e+00	   1.4803345e+01	
  -1.6013940e+00	  -2.7399606e+00	   1.4454228e+01	
  -1.7192255e+00	  -2.9392156e+00	   1.4120387e+01	
  -1.8457830e+00	  -3.1589297e+00	   1.3802437e+01	
  -1.9822597e+00	  -3.4007138e+00	   1.3501165e+01	
  -2.1298966e+00	  -3.6663443e+00	   1.3217564e+01	
  -2.2899934e+00	  -3.9577629e+00	   1.2952860e+01	
  -2.4639192e+00	  -4.2770739e+00	   1.2708563e+01	
  -2.6531202e+00	  -4.6265360e+00	   1.2486510e+01	
  -2.8591271e+00	  -5.0085465e+00	   1.2288923e+01	
  -3.0835586e+00	  -5.4256174e+00	   1.2118476e+01	
  -3.3281228e+00	  -5.8803372e+00	   1.1978371e+01	
  -3.5946128e+00	  -6.3753168e+00	   1.1872422e+01	
  -3.8848978e+00	  -6.9131125e+00	   1.1805145e+01	
  -4.2009058e+00	  -7.4961212e+00	   1.1781869e+01	
  -4.5445957e+00	  -8.1264382e+00	   1.1808832e+01	
  -4.9179178e+00	  -8.8056709e+00	   1.1893291e+01	
  -5.3227565e+00	  -9.5346964e+00	   1.2043618e+01	
  -5.7608528e+00	  -1.0313353e+01	   1.2269370e+01	
  -6.2337014e+00	  -1.1140057e+01	   1.2581318e+01	
  -6.7424164e+00	  -1.2011336e+01	   1.2991411e+01	
  -7.2875622e+00	  -1.2921275e+01	   1.3512627e+01	
  -7.8689434e+00	  -1.3860890e+01	   1.4158682e+01	
  -8.4853523e+00	  -1.4817450e+01	   1.4943534e+01	
  -9.1342756e+00	  -1.5773792e+01	   1.5880614e+01	
  -9.8115669e+00	  -1.6707726e+01	   1.6981757e+01	
  -1.0511102e+01	  -1.7591634e+01	   1.8255757e+01	
  -1.1224446e+01	  -1.8392447e+01	   1.9706582e+01	
  -1.1940575e+01	  -1.9072192e+01	   2.1331287e+01	
  -1.2645713e+01	  -1.9589317e+01	   2.3117821e+01	
  -1.3323358e+01	  -1.9900982e+01	   2.5042997e+01	
  -1.3954568e+01	  -1.9966369e+01	   2.7071058e+01	
  -1.4518583e+01	  -1.9750884e+01	   2.9153338e+01	
  -1.4993819e+01	  -1.9230856e+01	   3.1229507e+01	
  -1.5359206e+01	  -1.8398030e+01	   3.3230731e+01	
  -1.5595785e+01	  -1.7262987e+01	   3.5084733e+01	
  -1.5688384e+01	  -1.5856551e+01	   3.6722266e+01	
  -1.5627151e+01	  -1.4228554e+01	   3.8084056e+01	
  -1.5408679e+01	  -1.2443815e+01	   3.9126963e+01	
  -1.5036533e+01	  -1.0575885e+01	   3.9828149e+01	
  -1.4521063e+01	  -8.6996357e+00	   4.0186441e+01	
  -1.3878525e+01	  -6.8840745e+00	   4.0220732e+01	
  -1.3129673e+01	  -5.1866127e+00	   3.9965936e+01	
  -1.2298039e+01	  -3.6495766e+00	   3.9467503e+01	
  -1.1408159e+01	  -2.2991438e+00	   3.8775633e+01	
  -1.0483980e+01	  -1.1463654e+00	   3.7940170e+01	
  -9.5475848e+00	  -1.8961595e-01	   3.7006757e+01	
  -8.6183142e+00	   5.8226085e-01	   3.6014477e+01	
  -7.7122754e+00	   1.1867391e+00	   3.4994841e+01	
  -6.8421924e+00	   1.6447568e+00	   3.3971832e+01	
  -6.0175126e+00	   1.9784415e+00	   3.2962631e+01	
  -5.2446903e+00	   2.2094667e+00	   3.1978710e+01	
  -4.5275699e+00	   2.3579854e+00	   3.1027025e+01	
  -3.8678116e+00	   2.4420327e+00	   3.0111151e+01	
  -3.2653149e+00	   2.4772763e+00	   2.9232272e+01	
  -2.7186137e+00	   2.4770059e+00	   2.8389979e+01	
  -2.2252264e+00	   2.4522697e+00	   2.7582883e+01	
  -1.7819561e+00	   2.4120933e+00	   2.6809061e+01	
  -1.3851388e+00	   2.3637345e+00	   2.6066375e+01	
  -1.0308436e+00	   2.3129423e+00	   2.5352666e+01	
  -7.1502932e-01	   2.2642055e+00	   2.4665892e+01	
  -4.3366390e-01	   2.2209785e+00	   2.4004185e+01	
  -1.8281215e-01	   2.1858820e+00	   2.3365890e+01	
   4.1302863e-02	   2.1608768e+00	   2.2749568e+01	
   2.4225947e-01	   2.1474131e+00	   2.2153987e+01	
   4.2341390e-01	   2.1465554e+00	   2.1578110e+01	
   5.8789001e-01	   2.1590883e+00	   2.1021071e+01	
   7.3857907e-01	   2.1856030e+00	   2.0482160e+01	
   8.7814705e-01	   2.2265692e+00	   1.9960805e+01	
   1.0090475e+00	   2.2823938e+00	   1.9456559e+01	
   1.1335381e+00	   2.3534682e+00	   1.8969090e+01	
   1.2536997e+00	   2.4402075e+00	   1.8498172e+01	
   1.3714573e+00	   2.5430811e+00	   1.8043684e+01	
   1.4886008e+00	   2.6626374e+00	   1.7605609e+01	
   1.6068067e+00	   2.7995244e+00	   1.7184039e+01	
   1.7276590e+00	   2.9545048e+00	   1.6779182e+01	
   1.8526698e+00	   3.1284680e+00	   1.6391371e+01	
   1.9832982e+00	   3.3224398e+00	   1.6021079e+01	
   2.1209691e+00	   3.5375881e+00	   1.5668940e+01	
   2.2670898e+00	   3.7752261e+00	   1.5335769e+01	
   2.4230660e+00	   4.0368129e+00	   1.5022587e+01	
   2.5903150e+00	   4.3239490e+00	   1.4730658e+01	
   2.7702783e+00	   4.6383684e+00	   1.4461524e+01	
   2.9644311e+00	   4.9819240e+00	   1.4217048e+01	
   3.1742895e+00	   5.3565652e+00	   1.3999465e+01	
   3.4014141e+00	   5.7643056e+00	   1.3811441e+01	
   3.6474099e+00	   6.2071774e+00	   1.3656132e+01	
   3.9139212e+00	   6.6871695e+00	   1.3537257e+01	
   4.2026197e+00	   7.2061443e+00	   1.3459172e+01	
   4.5151846e+00	   7.7657276e+00	   1.3426945e+01	
   4.8532732e+00	   8.3671663e+00	   1.3446433e+01	
   5.2184782e+00	   9.0111474e+00	   1.3524351e+01	
   5.6122698e+00	   9.6975691e+00	   1.3668319e+01	
   6.0359197e+00	   1.0425261e+01	   1.3886885e+01	
   6.4904016e+00	   1.1191645e+01	   1.4189499e+01	
   6.9762676e+00	   1.1992336e+01	   1.4586412e+01	
   7.4934945e+00	   1.2820695e+01	   1.5088483e+01	
   8.0413003e+00	   1.3667331e+01	   1.5706840e+01	
   8.6179306e+00	   1.4519605e+01	   1.6452375e+01	
   9.2204188e+00	   1.5361162e+01	   1.7335024e+01	
   9.8443301e+00	   1.6171587e+01	   1.8362807e+01	
   1.0483506e+01	   1.6926266e+01	   1.9540614e+01	
   1.1129833e+01	   1.7596590e+01	   2.0868763e+01	
   1.1773083e+01	   1.8150640e+01	   2.2341425e+01	
   1.2400852e+01	   1.8554484e+01	   2.3945051e+01	
   1.2998665e+01	   1.8774175e+01	   2.5657044e+01	
   1.3550304e+01	   1.8778435e+01	   2.7444998e+01	
   1.4038373e+01	   1.8541881e+01	   2.9266824e+01	
   1.4445140e+01	   1.8048447e+01	   3.1072068e+01	
   1.4753613e+01	   1.7294512e+01	   3.2804589e+01	
   1.4948767e+01	   1.6291104e+01	   3.4406495e+01	
   1.5018803e+01	   1.5064613e+01	   3.5822958e+01	
   1.4956259e+01	   1.3655633e+01	   3.7007222e+01	
   1.4758815e+01	   1.2115895e+01	   3.7924977e+01	
   1.4429655e+01	   1.0503697e+01	   3.8557317e+01	
   1.3977308e+01	   8.8785470e+00	   3.8901746e+01	
   1.3414999e+01	   7.2959421e+00	   3.8971149e+01	
   1.2759606e+01	   5.8030899e+00	   3.8791028e+01	
   1.2030369e+01	   4.4361344e+00	   3.8395667e+01	
   1.1247554e+01	   3.2190572e+00	   3.7823949e+01	
   1.0431201e+01	   2.1640871e+00	   3.7115528e+01	
   9.6000994e+00	   1.2732208e+00	   3.6307773e+01	
   8.7710287e+00	   5.4037281e-01	   3.5433729e+01	
   7.9582974e+00	  -4.6288495e-02	   3.4521028e+01	
   7.1735380e+00	  -5.0215005e-01	   3.3591629e+01	
   6.4257161e+00	  -8.4430726e-01	   3.2662125e+01	
   5.7212940e+00	  -1.0901423e+00	   3.1744401e+01	
   5.0644929e+00	  -1.2563237e+00	   3.0846452e+01	
   4.4576076e+00	  -1.3581727e+00	   2.9973223e+01	
   3.9013363e+00	  -1.4093213e+00	   2.9127371e+01	
   3.3951012e+00	  -1.4215854e+00	   2.8309927e+01	
   2.9373426e+00	  -1.4049831e+00	   2.7520817e+01	
   2.5257785e+00	  -1.3678466e+00	   2.6759272e+01	
   2.1576263e+00	  -1.3169833e+00	   2.6024126e+01	
   1.8297867e+00	  -1.2578611e+00	   2.5314019e+01	
   1.5389922e+00	  -1.1947958e+00	   2.4627544e+01	
   1.2819240e+00	  -1.1311314e+00	   2.3963329e+01	
   1.0553010e+00	  -1.0694061e+00	   2.3320089e+01	
   8.5594594e-01	  -1.0114994e+00	   2.2696649e+01	
   6.8083137e-01	  -9.5876230e-01	   2.2091953e+01	
   5.2711052e-01	  -9.1212799e-01	   2.1505061e+01	
   3.9213502e-01	  -8.7220669e-01	   2.0935139e+01	
   2.7346280e-01	  -8.3936474e-01	   2.0381448e+01	
   1.6885842e-01	  -8.1379042e-01	   1.9843332e+01	
   7.6287648e-02	  -7.9554792e-01	   1.9320204e+01	
  -6.0921034e-03	  -7.8462142e-01	   1.8811541e+01	
  -7.9944156e-02	  -7.8095056e-01	   1.8316867e+01	
  -1.4676682e-01	  -7.8445890e-01	   1.7835753e+01	
  -2.0790873e-01	  -7.9507662e-01	   1.7367804e+01	
  -2.6458456e-01	  -8.1275841e-01	   1.6912661e+01	
  -3.1789089e-01	  -8.3749770e-01	   1.6469991e+01	
  -3.6882164e-01	  -8.6933795e-01	   1.6039489e+01	
  -4.1828309e-01	  -9.0838168e-01	   1.5620875e+01	
  -4.6710818e-01	  -9.5479802e-01	   1.5213893e+01	
  -5.1607017e-01	  -1.0088291e+00	   1.4818314e+01	
  -5.6589555e-01	  -1.0707955e+00	   1.4433932e+01	
  -6.1727620e-01	  -1.1411022e+00	   1.4060569e+01	
  -6.7088097e-01	  -1.2202432e+00	   1.3698079e+01	
  -7.2736663e-01	  -1.3088078e+00	   1.3346346e+01	
  -7.8738835e-01	  -1.4074861e+00	   1.3005295e+01	
  -8.5160980e-01	  -1.5170757e+00	   1.2674892e+01	
  -9.2071283e-01	  -1.6384888e+00	   1.2355154e+01	
  -9.9540713e-01	  -1.7727604e+00	   1.2046157e+01	
  -1.0764396e+00	  -1.9210566e+00	   1.1748045e+01	
  -1.1646037e+00	  -2.0846843e+00	   1.1461043e+01	
  -1.2607492e+00	  -2.2651017e+00	   1.1185471e+01	
  -1.3657912e+00	  -2.4639283e+00	   1.0921765e+01	
  -1.4807203e+00	  -2.6829566e+00	   1.0670497e+01	
  -1.6066122e+00	  -2.9241625e+00	   1.0432401e+01	
  -1.7446374e+00	  -3.1897164e+00	   1.0208408e+01	
  -1.8960716e+00	  -3.4819915e+00	   9.9996823e+00	
  -2.0623048e+00	  -3.8035708e+00	   9.8076676e+00	
  -2.2448510e+00	  -4.1572499e+00	   9.6341449e+00	
  -2.4453561e+00	  -4.5460336e+00	   9.4812966e+00	
  -2.6656052e+00	  -4.9731242e+00	   9.3517854e+00	
  -2.9075269e+00	  -5.4418975e+00	   9.2488462e+00	
  -3.1731942e+00	  -5.9558620e+00	   9.1763924e+00	
  -3.4648209e+00	  -6.5185950e+00	   9.1391395e+00	
  -3.7847499e+00	  -7.1336474e+00	   9.1427441e+00	
  -4.1354327e+00	  -7.8044076e+00	   9.1939570e+00	
  -4.5193944e+00	  -8.5339121e+00	   9.3007888e+00	
  -4.9391820e+00	  -9.3245877e+00	   9.4726779e+00	
  -5.3972878e+00	  -1.0177908e+01	   9.7206503e+00	
  -5.8960435e+00	  -1.1093946e+01	   1.0057449e+01	
  -6.4374755e+00	  -1.2070803e+01	   1.0497603e+01	
  -7.0231133e+00	  -1.3103902e+01	   1.1057392e+01	
  -7.6537420e+00	  -1.4185138e+01	   1.1754645e+01	
  -8.3290904e+00	  -1.5301893e+01	   1.2608293e+01	
  -9.0474516e+00	  -1.6435976e+01	   1.3637580e+01	
  -9.8052369e+00	  -1.7562557e+01	   1.4860824e+01	
  -1.0596477e+01	  -1.8649262e+01	   1.6293637e+01	
  -1.1412303e+01	  -1.9655668e+01	   1.7946534e+01	
  -1.2240457e+01	  -2.0533496e+01	   1.9821955e+01	
  -1.3064920e+01	  -2.1227900e+01	   2.1910885e+01	
  -1.3865765e+01	  -2.1680201e+01	   2.4189433e+01	
  -1.4619365e+01	  -2.1832328e+01	   2.6616024e+01	
  -1.5299085e+01	  -2.1632906e+01	   2.9130026e+01	
  -1.5876548e+01	  -2.1044508e+01	   3.1652759e+01	
  -1.6323495e+01	  -2.0050989e+01	   3.4091599e+01	
  -1.6614094e+01	  -1.8663386e+01	   3.6347372e+01	
  -1.6727467e+01	  -1.6922701e+01	   3.8324352e+01	
  -1.6650028e+01	  -1.4898282e+01	   3.9941271e+01	
  -1.6377216e+01	  -1.2681490e+01	   4.1141107e+01	
  -1.5914261e+01	  -1.0375587e+01	   4.1897455e+01	
  -1.5275825e+01	  -8.0838853e+00	   4.2216048e+01	
  -1.4484545e+01	  -5.8986232e+00	   4.2131317e+01	
  -1.3568798e+01	  -3.8927208e+00	   4.1699116e+01	
  -1.2560080e+01	  -2.1155452e+00	   4.0987569e+01	
  -1.1490422e+01	  -5.9269086e-01	   4.0068081e+01	
  -1.0390201e+01	   6.7112990e-01	   3.9008025e+01	
  -9.2865294e+00	   1.6874013e+00	   3.7865887e+01	
  -8.2022721e+00	   2.4785928e+00	   3.6688870e+01	
  -7.1556469e+00	   3.0733567e+00	   3.5512517e+01	
  -6.1602731e+00	   3.5026552e+00	   3.4361704e+01	
  -5.2255327e+00	   3.7969767e+00	   3.3252361e+01	
  -4.3571113e+00	   3.9845667e+00	   3.2193432e+01	
  -3.5576154e+00	   4.0904779e+00	   3.1188752e+01	
  -2.8271901e+00	   4.1362148e+00	   3.0238653e+01	
  -2.1640912e+00	   4.1397682e+00	   2.9341257e+01	
  -1.5651888e+00	   4.1158791e+00	   2.8493435e+01	
  -1.0263899e+00	   4.0764153e+00	   2.7691491e+01	
  -5.4298418e-01	   4.0307856e+00	   2.6931623e+01	
  -1.0991638e-01	   3.9863456e+00	   2.6210206e+01	
   2.7800343e-01	   3.9487702e+00	   2.5523954e+01	
   6.2594359e-01	   3.9223829e+00	   2.4870001e+01	
   9.3893826e-01	   3.9104387e+00	   2.4245922e+01	
   1.2218104e+00	   3.9153620e+00	   2.3649723e+01	
   1.4791227e+00	   3.9389452e+00	   2.3079814e+01	
   1.7151505e+00	   3.9825111e+00	   2.2534975e+01	
   1.9338707e+00	   4.0470455e+00	   2.2014318e+01	
   2.1389636e+00	   4.1333031e+00	   2.1517260e+01	
   2.3338238e+00	   4.2418917e+00	   2.1043491e+01	
   2.5215758e+00	   4.3733380e+00	   2.0592960e+01	
   2.7050954e+00	   4.5281368e+00	   2.0165858e+01	
   2.8870317e+00	   4.7067869e+00	   1.9762611e+01	
   3.0698301e+00	   4.9098148e+00	   1.9383887e+01	
   3.2557556e+00	   5.1377869e+00	   1.9030595e+01	
   3.4469135e+00	   5.3913127e+00	   1.8703902e+01	
   3.6452687e+00	   5.6710370e+00	   1.8405249e+01	
   3.8526612e+00	   5.9776224e+00	   1.8136367e+01	
   4.0708191e+00	   6.3117215e+00	   1.7899310e+01	
   4.3013659e+00	   6.6739375e+00	   1.7696474e+01	
   4.5458237e+00	   7.0647714e+00	   1.7530627e+01	
   4.8056097e+00	   7.4845555e+00	   1.7404936e+01	
   5.0820265e+00	   7.9333706e+00	   1.7322989e+01	
   5.3762441e+00	   8.4109442e+00	   1.7288810e+01	
   5.6892736e+00	   8.9165297e+00	   1.7306866e+01	
   6.0219300e+00	   9.4487640e+00	   1.7382048e+01	
   6.3747847e+00	   1.0005503e+01	   1.7519639e+01	
   6.7481055e+00	   1.0583638e+01	   1.7725235e+01	
   7.1417843e+00	   1.1178894e+01	   1.8004633e+01	
   7.5552514e+00	   1.1785622e+01	   1.8363656e+01	
   7.9873789e+00	   1.2396588e+01	   1.8807907e+01	
   8.4363736e+00	   1.3002794e+01	   1.9342452e+01	
   8.8996656e+00	   1.3593337e+01	   1.9971404e+01	
   9.3737966e+00	   1.4155350e+01	   2.0697423e+01	
   9.8543205e+00	   1.4674065e+01	   2.1521135e+01	
   1.0335725e+01	   1.5133040e+01	   2.2440493e+01	
   1.0811393e+01	   1.5514591e+01	   2.3450117e+01	
   1.1273622e+01	   1.5800465e+01	   2.4540694e+01	
   1.1713712e+01	   1.5972764e+01	   2.5698511e+01	
   1.2122152e+01	   1.6015113e+01	   2.6905227e+01	
   1.2488906e+01	   1.5913990e+01	   2.8137990e+01	
   1.2803800e+01	   1.5660118e+01	   2.9369993e+01	
   1.3057003e+01	   1.5249753e+01	   3.0571510e+01	
   1.3239575e+01	   1.4685688e+01	   3.1711390e+01	
   1.3344029e+01	   1.3977763e+01	   3.2758916e+01	
   1.3364869e+01	   1.3142768e+01	   3.3685840e+01	
   1.3299025e+01	   1.2203648e+01	   3.4468346e+01	
   1.3146146e+01	   1.1188073e+01	   3.5088688e+01	
   1.2908699e+01	   1.0126525e+01	   3.5536274e+01	
   1.2591867e+01	   9.0501448e+00	   3.5808054e+01	
   1.2203249e+01	   7.9886204e+00	   3.5908185e+01	
   1.1752399e+01	   6.9683726e+00	   3.5847075e+01	
   1.1250263e+01	   6.0112306e+00	   3.5639976e+01	
   1.0708570e+01	   5.1336852e+00	   3.5305364e+01	
   1.0139232e+01	   4.3467140e+00	   3.4863319e+01	
   9.5538182e+00	   3.6560882e+00	   3.4334084e+01	
   8.9631177e+00	   3.0630290e+00	   3.3736929e+01	
   8.3768250e+00	   2.5650659e+00	   3.3089346e+01	
   7.8033350e+00	   2.1569617e+00	   3.2406591e+01	
   7.2496481e+00	   1.8316044e+00	   3.1701497e+01	
   6.7213633e+00	   1.5807937e+00	   3.0984516e+01	
   6.2227408e+00	   1.3958898e+00	   3.0263902e+01	
   5.7568125e+00	   1.2683127e+00	   2.9545985e+01	
   5.3255233e+00	   1.1899016e+00	   2.8835476e+01	
   4.9298867e+00	   1.1531524e+00	   2.8135773e+01	
   4.5701435e+00	   1.1513560e+00	   2.7449243e+01	
   4.2459140e+00	   1.1786603e+00	   2.6777470e+01	
   3.9563400e+00	   1.2300770e+00	   2.6121458e+01	
   3.7002107e+00	   1.3014504e+00	   2.5481801e+01	
   3.4760732e+00	   1.3894023e+00	   2.4858809e+01	
   3.2823264e+00	   1.4912637e+00	   2.4252611e+01	
   3.1172986e+00	   1.6050004e+00	   2.3663227e+01	
   2.9793116e+00	   1.7291391e+00	   2.3090621e+01	
   2.8667308e+00	   1.8626960e+00	   2.2534744e+01	
   2.7780045e+00	   2.0051116e+00	   2.1995557e+01	
   2.7116936e+00	   2.1561919e+00	   2.1473058e+01	
   2.6664932e+00	   2.3160566e+00	   2.0967291e+01	
   2.6412469e+00	   2.4850947e+00	   2.0478365e+01	
   2.6349573e+00	   2.6639267e+00	   2.0006460e+01	
   2.6467905e+00	   2.8533729e+00	   1.9551844e+01	
   2.6760789e+00	   3.0544271e+00	   1.9114879e+01	
   2.7223202e+00	   3.2682353e+00	   1.8696039e+01	
   2.7851759e+00	   3.4960768e+00	   1.8295923e+01	
   2.8644670e+00	   3.7393490e+00	   1.7915274e+01	
   2.9601697e+00	   3.9995535e+00	   1.7554999e+01	
   3.0724100e+00	   4.2782815e+00	   1.7216194e+01	
   3.2014569e+00	   4.5771997e+00	   1.6900171e+01	
   3.3477154e+00	   4.8980324e+00	   1.6608490e+01	
   3.5117181e+00	   5.2425401e+00	   1.6342995e+01	
   3.6941150e+00	   5.6124917e+00	   1.6105851e+01	
   3.8956615e+00	   6.0096290e+00	   1.5899590e+01	
   4.1172039e+00	   6.4356190e+00	   1.5727157e+01	
   4.3596605e+00	   6.8919934e+00	   1.5591961e+01	
   4.6239982e+00	   7.3800705e+00	   1.5497917e+01	
   4.9112034e+00	   7.9008556e+00	   1.5449503e+01	
   5.2222439e+00	   8.4549163e+00	   1.5451792e+01	
   5.5580224e+00	   9.0422295e+00	   1.5510487e+01	
   5.9193174e+00	   9.6619941e+00	   1.5631922e+01	
   6.3067106e+00	   1.0312410e+01	   1.5823045e+01	
   6.7204985e+00	   1.0990420e+01	   1.6091352e+01	
   7.1605860e+00	   1.1691419e+01	   1.6444750e+01	
   7.6263613e+00	   1.2408940e+01	   1.6891360e+01	
   8.1165521e+00	   1.3134329e+01	   1.7439194e+01	
   8.6290654e+00	   1.3856441e+01	   1.8095728e+01	
   9.1608158e+00	   1.4561387e+01	   1.8867316e+01	
   9.7075507e+00	   1.5232396e+01	   1.9758466e+01	
   1.0263687e+01	   1.5849846e+01	   2.0770961e+01	
   1.0822180e+01	   1.6391561e+01	   2.1902875e+01	
   1.1374442e+01	   1.6833425e+01	   2.3147543e+01	
   1.1910357e+01	   1.7150406e+01	   2.4492597e+01	
   1.2418398e+01	   1.7317998e+01	   2.5919222e+01	
   1.2885904e+01	   1.7314067e+01	   2.7401808e+01	
   1.3299514e+01	   1.7120970e+01	   2.8908205e+01	
   1.3645761e+01	   1.6727742e+01	   3.0400711e+01	
   1.3911824e+01	   1.6132050e+01	   3.1837886e+01	
   1.4086355e+01	   1.5341570e+01	   3.3177107e+01	
   1.4160324e+01	   1.4374462e+01	   3.4377640e+01	
   1.4127774e+01	   1.3258721e+01	   3.5403857e+01	
   1.3986387e+01	   1.2030394e+01	   3.6228123e+01	
   1.3737777e+01	   1.0730819e+01	   3.6832906e+01	
   1.3387460e+01	   9.4033009e+00	   3.7211780e+01	
   1.2944505e+01	   8.0896916e+00	   3.7369200e+01	
   1.2420905e+01	   6.8273783e+00	   3.7319151e+01	
   1.1830761e+01	   5.6470544e+00	   3.7082979e+01	
   1.1189373e+01	   4.5714645e+00	   3.6686808e+01	
   1.0512350e+01	   3.6151246e+00	   3.6158942e+01	
   9.8148197e+00	   2.7848586e+00	   3.5527595e+01	
   9.1107889e+00	   2.0809051e+00	   3.4819144e+01	
   8.4126929e+00	   1.4983247e+00	   3.4056964e+01	
   7.7311226e+00	   1.0284769e+00	   3.3260839e+01	
   7.0747161e+00	   6.6039072e-01	   3.2446816e+01	
   6.4501809e+00	   3.8193033e-01	   3.1627396e+01	
   5.8624127e+00	   1.8070833e-01	   3.0811932e+01	
   5.3146785e+00	   4.4750240e-02	   3.0007122e+01	
   4.8088330e+00	  -3.7063742e-02	   2.9217520e+01	
   4.3455492e+00	  -7.4739023e-02	   2.8446023e+01	
   3.9245428e+00	  -7.7046346e-02	   2.7694287e+01	
   3.5447829e+00	  -5.1501606e-02	   2.6963086e+01	
   3.2046805e+00	  -4.4128256e-03	   2.6252581e+01	
   2.9022523e+00	   5.9031580e-02	   2.5562539e+01	
   2.6352599e+00	   1.3465240e-01	   2.4892487e+01	
   2.4013242e+00	   2.1916069e-01	   2.4241823e+01	
   2.1980178e+00	   3.1003929e-01	   2.3609894e+01	
   2.0229375e+00	   4.0543068e-01	   2.2996042e+01	
   1.8737598e+00	   5.0403438e-01	   2.2399638e+01	
   1.7482815e+00	   6.0501565e-01	   2.1820097e+01	
   1.6444492e+00	   7.0792592e-01	   2.1256886e+01	
   1.5603780e+00	   8.1263481e-01	   2.0709530e+01	
   1.4943630e+00	   9.1927311e-01	   2.0177608e+01	
   1.4448846e+00	   1.0281858e+00	   1.9660752e+01	
   1.4106097e+00	   1.1398943e+00	   1.9158650e+01	
   1.3903886e+00	   1.2550663e+00	   1.8671037e+01	
   1.3832510e+00	   1.3744932e+00	   1.8197699e+01	
   1.3883994e+00	   1.4990732e+00	   1.7738472e+01	
   1.4052023e+00	   1.6298000e+00	   1.7293245e+01	
   1.4331872e+00	   1.7677552e+00	   1.6861961e+01	
   1.4720337e+00	   1.9141057e+00	   1.6444623e+01	
   1.5215670e+00	   2.0701025e+00	   1.6041302e+01	
   1.5817520e+00	   2.2370836e+00	   1.5652145e+01	
   1.6526887e+00	   2.4164776e+00	   1.5277385e+01	
   1.7346083e+00	   2.6098095e+00	   1.4917354e+01	
   1.8278698e+00	   2.8187071e+00	   1.4572504e+01	
   1.9329583e+00	   3.0449077e+00	   1.4243419e+01	
   2.0504836e+00	   3.2902646e+00	   1.3930846e+01	
   2.1811798e+00	   3.5567528e+00	   1.3635719e+01	
   2.3259050e+00	   3.8464722e+00	   1.3359191e+01	
   2.4856415e+00	   4.1616486e+00	   1.3102678e+01	
   2.6614959e+00	   4.5046292e+00	   1.2867898e+01	
   2.8546987e+00	   4.8778732e+00	   1.2656929e+01	
   3.0666014e+00	   5.2839320e+00	   1.2472268e+01	
   3.2986735e+00	   5.7254195e+00	   1.2316900e+01	
   3.5524944e+00	   6.2049658e+00	   1.2194380e+01	
   3.8297418e+00	   6.7251515e+00	   1.2108917e+01	
   4.1321732e+00	   7.2884160e+00	   1.2065472e+01	
   4.4615994e+00	   7.8969331e+00	   1.2069854e+01	
   4.8198464e+00	   8.5524453e+00	   1.2128827e+01	
   5.2087028e+00	   9.2560487e+00	   1.2250198e+01	
   5.6298493e+00	   1.0007917e+01	   1.2442891e+01	
   6.0847648e+00	   1.0806959e+01	   1.2716994e+01	
   6.5746056e+00	   1.1650392e+01	   1.3083733e+01	
   7.1000515e+00	   1.2533245e+01	   1.3555371e+01	
   7.6611156e+00	   1.3447776e+01	   1.4144965e+01	
   8.2569135e+00	   1.4382842e+01	   1.4865961e+01	
   8.8853935e+00	   1.5323246e+01	   1.5731540e+01	
   9.5430319e+00	   1.6249133e+01	   1.6753690e+01	
   1.0224507e+01	   1.7135542e+01	   1.7941951e+01	
   1.0922372e+01	   1.7952258e+01	   1.9301807e+01	
   1.1626773e+01	   1.8664130e+01	   2.0832794e+01	
   1.2325243e+01	   1.9232076e+01	   2.2526420e+01	
   1.3002668e+01	   1.9614935e+01	   2.4364152e+01	
   1.3641461e+01	   1.9772285e+01	   2.6315817e+01	
   1.4222046e+01	   1.9668162e+01	   2.8338857e+01	
   1.4723680e+01	   1.9275406e+01	   3.0378936e+01	
   1.5125612e+01	   1.8580096e+01	   3.2372261e+01	
   1.5408541e+01	   1.7585262e+01	   3.4249739e+01	
   1.5556203e+01	   1.6313036e+01	   3.5942697e+01	
   1.5556917e+01	   1.4804492e+01	   3.7389422e+01	
   1.5404836e+01	   1.3116848e+01	   3.8541441e+01	
   1.5100693e+01	   1.1318282e+01	   3.9368349e+01	
   1.4651902e+01	   9.4812076e+00	   3.9860248e+01	
   1.4071977e+01	   7.6752161e+00	   4.0027369e+01	
   1.3379381e+01	   5.9609430e+00	   3.9897135e+01	
   1.2595973e+01	   4.3857880e+00	   3.9509418e+01	
   1.1745312e+01	   2.9819122e+00	   3.8911060e+01	
   1.0851038e+01	   1.7663855e+00	   3.8150657e+01	
   9.9355035e+00	   7.4297808e-01	   3.7274326e+01	
   9.0187569e+00	  -9.5083277e-02	   3.6322827e+01	
   8.1179103e+00	  -7.6204018e-01	   3.5330026e+01	
   7.2468492e+00	  -1.2766999e+00	   3.4322501e+01	
   6.4162280e+00	  -1.6599991e+00	   3.3319952e+01	
   5.6336690e+00	  -1.9331530e+00	   3.2336103e+01	
   4.9040906e+00	  -2.1163803e+00	   3.1379794e+01	
   4.2301002e+00	  -2.2281229e+00	   3.0456108e+01	
   3.6124056e+00	  -2.2846524e+00	   2.9567373e+01	
   3.0502093e+00	  -2.2999506e+00	   2.8714017e+01	
   2.5415678e+00	  -2.2857737e+00	   2.7895234e+01	
   2.0837049e+00	  -2.2518226e+00	   2.7109490e+01	
   1.6732757e+00	  -2.2059700e+00	   2.6354885e+01	
   1.3065832e+00	  -2.1545063e+00	   2.5629396e+01	
   9.7974991e-01	  -2.1023826e+00	   2.4931038e+01	
   6.8885193e-01	  -2.0534380e+00	   2.4257953e+01	
   4.3001873e-01	  -2.0106046e+00	   2.3608463e+01	
   1.9950563e-01	  -1.9760873e+00	   2.2981082e+01	
  -6.2567961e-03	  -1.9515201e+00	   2.2374522e+01	
  -1.9063156e-01	  -1.9380978e+00	   2.1787679e+01	
  -3.5675871e-01	  -1.9366879e+00	   2.1219616e+01	
  -5.0755002e-01	  -1.9479234e+00	   2.0669546e+01	
  -6.4569225e-01	  -1.9722799e+00	   2.0136816e+01	
  -7.7365671e-01	  -2.0101387e+00	   1.9620892e+01	
  -8.9371339e-01	  -2.0618385e+00	   1.9121346e+01	
  -1.0079482e+00	  -2.1277177e+00	   1.8637847e+01	
  -1.1182821e+00	  -2.2081480e+00	   1.8170155e+01	
  -1.2264914e+00	  -2.3035624e+00	   1.7718123e+01	
  -1.3342285e+00	  -2.4144774e+00	   1.7281690e+01	
  -1.4430424e+00	  -2.5415108e+00	   1.6860890e+01	
  -1.5543990e+00	  -2.6853966e+00	   1.6455855e+01	
  -1.6697007e+00	  -2.8469966e+00	   1.6066828e+01	
  -1.7903050e+00	  -3.0273098e+00	   1.5694173e+01	
  -1.9175422e+00	  -3.2274799e+00	   1.5338394e+01	
  -2.0527322e+00	  -3.4487999e+00	   1.5000151e+01	
  -2.1971996e+00	  -3.6927155e+00	   1.4680290e+01	
  -2.3522877e+00	  -3.9608248e+00	   1.4379866e+01	
  -2.5193717e+00	  -4.2548751e+00	   1.4100183e+01	
  -2.6998689e+00	  -4.5767553e+00	   1.3842831e+01	
  -2.8952477e+00	  -4.9284815e+00	   1.3609734e+01	
  -3.1070343e+00	  -5.3121756e+00	   1.3403203e+01	
  -3.3368150e+00	  -5.7300330e+00	   1.3226000e+01	
  -3.5862362e+00	  -6.1842770e+00	   1.3081404e+01	
  -3.8569978e+00	  -6.6770950e+00	   1.2973289e+01	
  -4.1508412e+00	  -7.2105528e+00	   1.2906204e+01	
  -4.4695281e+00	  -7.7864798e+00	   1.2885462e+01	
  -4.8148094e+00	  -8.4063195e+00	   1.2917220e+01	
  -5.1883805e+00	  -9.0709371e+00	   1.3008562e+01	
  -5.5918201e+00	  -9.7803757e+00	   1.3167558e+01	
  -6.0265093e+00	  -1.0533554e+01	   1.3403292e+01	
  -6.4935255e+00	  -1.1327902e+01	   1.3725846e+01	
  -6.9935100e+00	  -1.2158921e+01	   1.4146201e+01	
  -7.5265017e+00	  -1.3019694e+01	   1.4676030e+01	
  -8.0917388e+00	  -1.3900340e+01	   1.5327348e+01	
  -8.6874256e+00	  -1.4787453e+01	   1.6111962e+01	
  -9.3104695e+00	  -1.5663584e+01	   1.7040686e+01	
  -9.9561997e+00	  -1.6506846e+01	   1.8122288e+01	
  -1.0618084e+01	  -1.7290746e+01	   1.9362148e+01	
  -1.1287476e+01	  -1.7984413e+01	   2.0760658e+01	
  -1.1953429e+01	  -1.8553355e+01	   2.2311463e+01	
  -1.2602637e+01	  -1.8960915e+01	   2.3999709e+01	
  -1.3219557e+01	  -1.9170524e+01	   2.5800589e+01	
  -1.3786765e+01	  -1.9148724e+01	   2.7678516e+01	
  -1.4285611e+01	  -1.8868794e+01	   2.9587347e+01	
  -1.4697154e+01	  -1.8314560e+01	   3.1471963e+01	
  -1.5003370e+01	  -1.7483817e+01	   3.3271396e+01	
  -1.5188516e+01	  -1.6390636e+01	   3.4923355e+01	
  -1.5240503e+01	  -1.5065911e+01	   3.6369671e+01	
  -1.5152090e+01	  -1.3555757e+01	   3.7561840e+01	
  -1.4921708e+01	  -1.1917783e+01	   3.8465708e+01	
  -1.4553762e+01	  -1.0215764e+01	   3.9064422e+01	
  -1.4058364e+01	  -8.5136181e+00	   3.9359112e+01	
  -1.3450518e+01	  -6.8697147e+00	   3.9367293e+01	
  -1.2748900e+01	  -5.3324369e+00	   3.9119436e+01	
  -1.1974416e+01	  -3.9375237e+00	   3.8654508e+01	
  -1.1148731e+01	  -2.7073040e+00	   3.8015332e+01	
  -1.0292958e+01	  -1.6515441e+00	   3.7244492e+01	
  -9.4265954e+00	  -7.6940660e-01	   3.6381239e+01	
  -8.5667947e+00	  -5.1966653e-02	   3.5459536e+01	
  -7.7279411e+00	   5.1519369e-01	   3.4507173e+01	
  -6.9215088e+00	   9.4964763e-01	   3.3545715e+01	
  -6.1561340e+00	   1.2702227e+00	   3.2591021e+01	
  -5.4378378e+00	   1.4955912e+00	   3.1654077e+01	
  -4.7703389e+00	   1.6433208e+00	   3.0741940e+01	
  -4.1554077e+00	   1.7293111e+00	   2.9858657e+01	
  -3.5932258e+00	   1.7675235e+00	   2.9006084e+01	
  -3.0827257e+00	   1.7699212e+00	   2.8184563e+01	
  -2.6218971e+00	   1.7465443e+00	   2.7393450e+01	
  -2.2080524e+00	   1.7056664e+00	   2.6631519e+01	
  -1.8380500e+00	   1.6539913e+00	   2.5897241e+01	
  -1.5084769e+00	   1.5968627e+00	   2.5188982e+01	
  -1.2157935e+00	   1.5384714e+00	   2.4505125e+01	
  -9.5644636e-01	   1.4820470e+00	   2.3844144e+01	
  -7.2695218e-01	   1.4300326e+00	   2.3204646e+01	
  -5.2395837e-01	   1.3842380e+00	   2.2585380e+01	
  -3.4428442e-01	   1.3459719e+00	   2.1985242e+01	
  -1.8494748e-01	   1.3161553e+00	   2.1403265e+01	
  -4.3175752e-02	   1.2954171e+00	   2.0838604e+01	
   8.3587765e-02	   1.2841733e+00	   2.0290526e+01	
   1.9768876e-01	   1.2826930e+00	   1.9758391e+01	
   3.0127044e-01	   1.2911530e+00	   1.9241644e+01	
   3.9628621e-01	   1.3096811e+00	   1.8739800e+01	
   4.8451489e-01	   1.3383926e+00	   1.8252438e+01	
   5.6757758e-01	   1.3774191e+00	   1.7779193e+01	
   6.4695537e-01	   1.4269320e+00	   1.7319754e+01	
   7.2400744e-01	   1.4871615e+00	   1.6873856e+01	
   7.9998904e-01	   1.5584123e+00	   1.6441286e+01	
   8.7606908e-01	   1.6410766e+00	   1.6021875e+01	
   9.5334724e-01	   1.7356451e+00	   1.5615510e+01	
   1.0328704e+00	   1.8427167e+00	   1.5222131e+01	
   1.1156485e+00	   1.9630074e+00	   1.4841740e+01	
   1.2026693e+00	   2.0973585e+00	   1.4474408e+01	
   1.2949132e+00	   2.2467443e+00	   1.4120285e+01	
   1.3933667e+00	   2.4122802e+00	   1.3779610e+01	
   1.4990357e+00	   2.5952298e+00	   1.3452731e+01	
   1.6129581e+00	   2.7970130e+00	   1.3140117e+01	
   1.7362159e+00	   3.0192123e+00	   1.2842386e+01	
   1.8699470e+00	   3.2635792e+00	   1.2560324e+01	
   2.0153561e+00	   3.5320394e+00	   1.2294924e+01	
   2.1737248e+00	   3.8266951e+00	   1.2047416e+01	
   2.3464216e+00	   4.1498245e+00	   1.1819316e+01	
   2.5349097e+00	   4.5038765e+00	   1.1612476e+01	
   2.7407540e+00	   4.8914585e+00	   1.1429145e+01	
   2.9656255e+00	   5.3153146e+00	   1.1272039e+01	
   3.2113024e+00	   5.7782907e+00	   1.1144423e+01	
   3.4796675e+00	   6.2832828e+00	   1.1050206e+01	
   3.7726996e+00	   6.8331612e+00	   1.0994040e+01	
   4.0924569e+00	   7.4306656e+00	   1.0981439e+01	
   4.4410504e+00	   8.0782607e+00	   1.1018898e+01	
   4.8206040e+00	   8.7779436e+00	   1.1114013e+01	
   5.2331968e+00	   9.5309901e+00	   1.1275603e+01	
   5.6807839e+00	   1.0337628e+01	   1.1513803e+01	
   6.1650889e+00	   1.1196627e+01	   1.1840115e+01	
   6.6874634e+00	   1.2104787e+01	   1.2267398e+01	
   7.2487069e+00	   1.3056334e+01	   1.2809739e+01	
   7.8488403e+00	   1.4042216e+01	   1.3482168e+01	
   8.4868316e+00	   1.5049330e+01	   1.4300150e+01	
   9.1602721e+00	   1.6059730e+01	   1.5278784e+01	
   9.8650102e+00	   1.7049905e+01	   1.6431635e+01	
   1.0594761e+01	   1.7990267e+01	   1.7769160e+01	
   1.1340721e+01	   1.8845032e+01	   1.9296699e+01	
   1.2091238e+01	   1.9572743e+01	   2.1012115e+01	
   1.2831600e+01	   2.0127684e+01	   2.2903254e+01	
   1.3544039e+01	   2.0462406e+01	   2.4945559e+01	
   1.4208023e+01	   2.0531462e+01	   2.7100342e+01	
   1.4800938e+01	   2.0296216e+01	   2.9314297e+01	
   1.5299192e+01	   1.9730268e+01	   3.1520861e+01	
   1.5679734e+01	   1.8824669e+01	   3.3643841e+01	
   1.5921864e+01	   1.7591862e+01	   3.5603271e+01	
   1.6009150e+01	   1.6067243e+01	   3.7322942e+01	
   1.5931147e+01	   1.4307562e+01	   3.8738426e+01	
   1.5684654e+01	   1.2386068e+01	   3.9804093e+01	
   1.5274251e+01	   1.0385070e+01	   4.0497671e+01	
   1.4712003e+01	   8.3872996e+00	   4.0821422e+01	
   1.4016384e+01	   6.4677346e+00	   4.0799848e+01	
   1.3210606e+01	   4.6873145e+00	   4.0474650e+01	
   1.2320637e+01	   3.0894005e+00	   3.9898193e+01	
   1.1373211e+01	   1.6990749e+00	   3.9126866e+01	
   1.0394080e+01	   5.2477179e-01	   3.8215419e+01	
   9.4066639e+00	  -4.3860171e-01	   3.7212923e+01	
   8.4311670e+00	  -1.2059266e+00	   3.6160455e+01	
   7.4841300e+00	  -1.7982192e+00	   3.5090335e+01	
   6.5783519e+00	  -2.2395088e+00	   3.4026461e+01	
   5.7230813e+00	  -2.5544422e+00	   3.2985350e+01	
   4.9243811e+00	  -2.7666274e+00	   3.1977487e+01	
   4.1855838e+00	  -2.8976216e+00	   3.1008713e+01	
   3.5077752e+00	  -2.9664190e+00	   3.0081501e+01	
   2.8902614e+00	  -2.9892970e+00	   2.9196020e+01	
   2.3309943e+00	  -2.9798938e+00	   2.8350978e+01	
   1.8269424e+00	  -2.9494217e+00	   2.7544248e+01	
   1.3744020e+00	  -2.9069474e+00	   2.6773313e+01	
   9.6925028e-01	  -2.8596938e+00	   2.6035569e+01	
   6.0714693e-01	  -2.8133342e+00	   2.5328508e+01	
   2.8368844e-01	  -2.7722657e+00	   2.4649828e+01	
  -5.4762688e-03	  -2.7398522e+00	   2.3997487e+01	
  -2.6456310e-01	  -2.7186370e+00	   2.3369719e+01	
  -4.9759650e-01	  -2.7105237e+00	   2.2765032e+01	
  -7.0837447e-01	  -2.7169295e+00	   2.2182187e+01	
  -9.0045018e-01	  -2.7389134e+00	   2.1620176e+01	
  -1.0771265e+00	  -2.7772814e+00	   2.1078203e+01	
  -1.2414599e+00	  -2.8326742e+00	   2.0555662e+01	
  -1.3962721e+00	  -2.9056370e+00	   2.0052116e+01	
  -1.5441659e+00	  -2.9966774e+00	   1.9567290e+01	
  -1.6875445e+00	  -3.1063104e+00	   1.9101057e+01	
  -1.8286335e+00	  -3.2350950e+00	   1.8653439e+01	
  -1.9695032e+00	  -3.3836616e+00	   1.8224605e+01	
  -2.1120912e+00	  -3.5527334e+00	   1.7814877e+01	
  -2.2582244e+00	  -3.7431411e+00	   1.7424743e+01	
  -2.4096410e+00	  -3.9558328e+00	   1.7054868e+01	
  -2.5680093e+00	  -4.1918782e+00	   1.6706116e+01	
  -2.7349471e+00	  -4.4524678e+00	   1.6379572e+01	
  -2.9120366e+00	  -4.7389071e+00	   1.6076575e+01	
  -3.1008392e+00	  -5.0526031e+00	   1.5798744e+01	
  -3.3029054e+00	  -5.3950451e+00	   1.5548028e+01	
  -3.5197830e+00	  -5.7677751e+00	   1.5326741e+01	
  -3.7530200e+00	  -6.1723474e+00	   1.5137614e+01	
  -4.0041635e+00	  -6.6102747e+00	   1.4983852e+01	
  -4.2747527e+00	  -7.0829569e+00	   1.4869185e+01	
  -4.5663042e+00	  -7.5915886e+00	   1.4797928e+01	
  -4.8802896e+00	  -8.1370421e+00	   1.4775035e+01	
  -5.2181019e+00	  -8.7197199e+00	   1.4806147e+01	
  -5.5810099e+00	  -9.3393726e+00	   1.4897623e+01	
  -5.9700978e+00	  -9.9948777e+00	   1.5056552e+01	
  -6.3861869e+00	  -1.0683976e+01	   1.5290722e+01	
  -6.8297382e+00	  -1.1402967e+01	   1.5608536e+01	
  -7.3007331e+00	  -1.2146362e+01	   1.6018862e+01	
  -7.7985311e+00	  -1.2906515e+01	   1.6530768e+01	
  -8.3217052e+00	  -1.3673241e+01	   1.7153144e+01	
  -8.8678578e+00	  -1.4433466e+01	   1.7894169e+01	
  -9.4334240e+00	  -1.5170954e+01	   1.8760599e+01	
  -1.0013474e+01	  -1.5866172e+01	   1.9756881e+01	
  -1.0601532e+01	  -1.6496399e+01	   2.0884093e+01	
  -1.1189437e+01	  -1.7036148e+01	   2.2138772e+01	
  -1.1767279e+01	  -1.7458017e+01	   2.3511718e+01	
  -1.2323442e+01	  -1.7734033e+01	   2.4986920e+01	
  -1.2844800e+01	  -1.7837497e+01	   2.6540814e+01	
  -1.3317087e+01	  -1.7745276e+01	   2.8142097e+01	
  -1.3725469e+01	  -1.7440348e+01	   2.9752325e+01	
  -1.4055300e+01	  -1.6914299e+01	   3.1327448e+01	
  -1.4293032e+01	  -1.6169379e+01	   3.2820314e+01	
  -1.4427186e+01	  -1.5219691e+01	   3.4183972e+01	
  -1.4449298e+01	  -1.4091153e+01	   3.5375414e+01	
  -1.4354693e+01	  -1.2820082e+01	   3.6359217e+01	
  -1.4142995e+01	  -1.1450472e+01	   3.7110525e+01	
  -1.3818276e+01	  -1.0030343e+01	   3.7616858e+01	
  -1.3388824e+01	  -8.6076964e+00	   3.7878484e+01	
  -1.2866545e+01	  -7.2267221e+00	   3.7907347e+01	
  -1.2266110e+01	  -5.9247774e+00	   3.7724848e+01	
  -1.1603936e+01	  -4.7304761e+00	   3.7358923e+01	
  -1.0897142e+01	  -3.6629744e+00	   3.6840948e+01	
  -1.0162597e+01	  -2.7323195e+00	   3.6202906e+01	
  -9.4161204e+00	  -1.9405819e+00	   3.5475132e+01	
  -8.6719032e+00	  -1.2834420e+00	   3.4684756e+01	
  -7.9421349e+00	  -7.5192723e-01	   3.3854844e+01	
  -7.2368338e+00	  -3.3406558e-01	   3.3004129e+01	
  -6.5638394e+00	  -1.6309751e-02	   3.2147171e+01	
  -5.9289263e+00	   2.1533545e-01	   3.1294796e+01	
  -5.3360009e+00	   3.7448952e-01	   3.0454672e+01	
  -4.7873430e+00	   4.7384653e-01	   2.9631925e+01	
  -4.2838660e+00	   5.2485080e-01	   2.8829714e+01	
  -3.8253745e+00	   5.3754496e-01	   2.8049744e+01	
  -3.4108056e+00	   5.2054140e-01	   2.7292690e+01	
  -3.0384450e+00	   4.8107587e-01	   2.6558528e+01	
  -2.7061155e+00	   4.2511114e-01	   2.5846792e+01	
  -2.4113360e+00	   3.5746708e-01	   2.5156754e+01	
  -2.1514527e+00	   2.8196063e-01	   2.4487562e+01	
  -1.9237437e+00	   2.0154482e-01	   2.3838319e+01	
  -1.7255018e+00	   1.1844000e-01	   2.3208143e+01	
  -1.5540965e+00	   3.4253600e-02	   2.2596195e+01	
  -1.4070199e+00	  -4.9913499e-02	   2.2001700e+01	
  -1.2819189e+00	  -1.3337431e-01	   2.1423951e+01	
  -1.1766157e+00	  -2.1577654e-01	   2.0862306e+01	
  -1.0891194e+00	  -2.9703593e-01	   2.0316190e+01	
  -1.0176316e+00	  -3.7728108e-01	   1.9785082e+01	
  -9.6054542e-01	  -4.5680843e-01	   1.9268516e+01	
  -9.1644189e-01	  -5.3604636e-01	   1.8766070e+01	
  -8.8408302e-01	  -6.1552704e-01	   1.8277364e+01	
  -8.6240340e-01	  -6.9586502e-01	   1.7802052e+01	
  -8.5050084e-01	  -7.7774165e-01	   1.7339825e+01	
  -8.4762660e-01	  -8.6189427e-01	   1.6890403e+01	
  -8.5317579e-01	  -9.4910960e-01	   1.6453537e+01	
  -8.6667820e-01	  -1.0402205e+00	   1.6029008e+01	
  -8.8778984e-01	  -1.1361058e+00	   1.5616630e+01	
  -9.1628538e-01	  -1.2376923e+00	   1.5216249e+01	
  -9.5205159e-01	  -1.3459588e+00	   1.4827746e+01	
  -9.9508196e-01	  -1.4619425e+00	   1.4451045e+01	
  -1.0454724e+00	  -1.5867456e+00	   1.4086116e+01	
  -1.1034180e+00	  -1.7215445e+00	   1.3732981e+01	
  -1.1692113e+00	  -1.8675993e+00	   1.3391721e+01	
  -1.2432413e+00	  -2.0262640e+00	   1.3062493e+01	
  -1.3259940e+00	  -2.1989977e+00	   1.2745533e+01	
  -1.4180533e+00	  -2.3873767e+00	   1.2441178e+01	
  -1.5201039e+00	  -2.5931059e+00	   1.2149885e+01	
  -1.6329342e+00	  -2.8180308e+00	   1.1872244e+01	
  -1.7574404e+00	  -3.0641488e+00	   1.1609015e+01	
  -1.8946314e+00	  -3.3336192e+00	   1.1361152e+01	
  -2.0456336e+00	  -3.6287716e+00	   1.1129846e+01	
  -2.2116965e+00	  -3.9521114e+00	   1.0916564e+01	
  -2.3941976e+00	  -4.3063198e+00	   1.0723108e+01	
  -2.5946467e+00	  -4.6942488e+00	   1.0551674e+01	
  -2.8146892e+00	  -5.1189059e+00	   1.0404925e+01	
  -3.0561064e+00	  -5.5834268e+00	   1.0286082e+01	
  -3.3208131e+00	  -6.0910309e+00	   1.0199015e+01	
  -3.6108498e+00	  -6.6449536e+00	   1.0148363e+01	
  -3.9283673e+00	  -7.2483489e+00	   1.0139652e+01	
  -4.2756029e+00	  -7.9041520e+00	   1.0179434e+01	
  -4.6548423e+00	  -8.6148917e+00	   1.0275431e+01	
  -5.0683646e+00	  -9.3824399e+00	   1.0436672e+01	
  -5.5183658e+00	  -1.0207682e+01	   1.0673619e+01	
  -6.0068524e+00	  -1.1090094e+01	   1.0998263e+01	
  -6.5355013e+00	  -1.2027214e+01	   1.1424146e+01	
  -7.1054756e+00	  -1.3013994e+01	   1.1966288e+01	
  -7.7171924e+00	  -1.4042036e+01	   1.2640944e+01	
  -8.3700329e+00	  -1.5098733e+01	   1.3465145e+01	
  -9.0619970e+00	  -1.6166348e+01	   1.4455912e+01	
  -9.7893028e+00	  -1.7221141e+01	   1.5629087e+01	
  -1.0545949e+01	  -1.8232660e+01	   1.6997690e+01	
  -1.1323268e+01	  -1.9163425e+01	   1.8569761e+01	
  -1.2109521e+01	  -1.9969266e+01	   2.0345754e+01	
  -1.2889606e+01	  -2.0600611e+01	   2.2315626e+01	
  -1.3644977e+01	  -2.1005040e+01	   2.4455981e+01	
  -1.4353883e+01	  -2.1131246e+01	   2.6727814e+01	
  -1.4992023e+01	  -2.0934342e+01	   2.9075542e+01	
  -1.5533695e+01	  -2.0382051e+01	   3.1428075e+01	
  -1.5953438e+01	  -1.9460882e+01	   3.3702488e+01	
  -1.6228042e+01	  -1.8181037e+01	   3.5810395e+01	
  -1.6338730e+01	  -1.6578702e+01	   3.7666446e+01	
  -1.6273175e+01	  -1.4714687e+01	   3.9197647e+01	
  -1.6027001e+01	  -1.2669178e+01	   4.0351690e+01	
  -1.5604485e+01	  -1.0533313e+01	   4.1102537e+01	
  -1.5018298e+01	  -8.3992021e+00	   4.1452034e+01	
  -1.4288325e+01	  -6.3503768e+00	   4.1427401e+01	
  -1.3439784e+01	  -4.4544518e+00	   4.1075417e+01	
  -1.2500975e+01	  -2.7590240e+00	   4.0454829e+01	
  -1.1501029e+01	  -1.2909381e+00	   3.9628636e+01	
  -1.0467924e+01	  -5.8287621e-02	   3.8657591e+01	
  -9.4269869e+00	   9.4587405e-01	   3.7595626e+01	
  -8.3999211e+00	   1.7391659e+00	   3.6487350e+01	
  -7.4043442e+00	   2.3456822e+00	   3.5367325e+01	
  -6.4537370e+00	   2.7924698e+00	   3.4260611e+01	
  -5.5576910e+00	   3.1068857e+00	   3.3184063e+01	
  -4.7223416e+00	   3.3148215e+00	   3.2147938e+01	
  -3.9508921e+00	   3.4396634e+00	   3.1157513e+01	
  -3.2441577e+00	   3.5018107e+00	   3.0214527e+01	
  -2.6010842e+00	   3.5185801e+00	   2.9318368e+01	
  -2.0192139e+00	   3.5043520e+00	   2.8466993e+01	
  -1.4950854e+00	   3.4708503e+00	   2.7657599e+01	
  -1.0245661e+00	   3.4274809e+00	   2.6887091e+01	
  -6.0311927e-01	   3.3816811e+00	   2.6152383e+01	
  -2.2601403e-01	   3.3392535e+00	   2.5450589e+01	
   1.1151588e-01	   3.3046673e+00	   2.4779116e+01	
   4.1415477e-01	   3.2813235e+00	   2.4135714e+01	
   6.8642257e-01	   3.2717830e+00	   2.3518480e+01	
   9.3262001e-01	   3.2779590e+00	   2.2925841e+01	
   1.1567959e+00	   3.3012774e+00	   2.2356538e+01	
   1.3627314e+00	   3.3428099e+00	   2.1809588e+01	
   1.5539371e+00	   3.4033823e+00	   2.1284264e+01	
   1.7336600e+00	   3.4836628e+00	   2.0780071e+01	
   1.9048966e+00	   3.5842322e+00	   2.0296723e+01	
   2.0704121e+00	   3.7056396e+00	   1.9834135e+01	
   2.2327607e+00	   3.8484459e+00	   1.9392413e+01	
   2.3943090e+00	   4.0132558e+00	   1.8971857e+01	
   2.5572590e+00	   4.2007409e+00	   1.8572958e+01	
   2.7236707e+00	   4.4116544e+00	   1.8196415e+01	
   2.8954844e+00	   4.6468381e+00	   1.7843145e+01	
   3.0745399e+00	   4.9072220e+00	   1.7514306e+01	
   3.2625944e+00	   5.1938160e+00	   1.7211318e+01	
   3.4613373e+00	   5.5076939e+00	   1.6935899e+01	
   3.6724015e+00	   5.8499679e+00	   1.6690089e+01	
   3.8973708e+00	   6.2217530e+00	   1.6476296e+01	
   4.1377826e+00	   6.6241190e+00	   1.6297332e+01	
   4.3951253e+00	   7.0580278e+00	   1.6156453e+01	
   4.6708285e+00	   7.5242533e+00	   1.6057406e+01	
   4.9662468e+00	   8.0232812e+00	   1.6004463e+01	
   5.2826328e+00	   8.5551854e+00	   1.6002451e+01	
   5.6211014e+00	   9.1194766e+00	   1.6056774e+01	
   5.9825802e+00	   9.7149230e+00	   1.6173404e+01	
   6.3677470e+00	   1.0339338e+01	   1.6358852e+01	
   6.7769513e+00	   1.0989341e+01	   1.6620086e+01	
   7.2101190e+00	   1.1660087e+01	   1.6964398e+01	
   7.6666396e+00	   1.2344981e+01	   1.7399189e+01	
   8.1452371e+00	   1.3035396e+01	   1.7931662e+01	
   8.6438266e+00	   1.3720406e+01	   1.8568403e+01	
   9.1593621e+00	   1.4386584e+01	   1.9314832e+01	
   9.6876847e+00	   1.5017916e+01	   2.0174526e+01	
   1.0223384e+01	   1.5595865e+01	   2.1148419e+01	
   1.0759690e+01	   1.6099695e+01	   2.2233917e+01	
   1.1288421e+01	   1.6507071e+01	   2.3423996e+01	
   1.1800009e+01	   1.6795033e+01	   2.4706370e+01	
   1.2283632e+01	   1.6941323e+01	   2.6062884e+01	
   1.2727482e+01	   1.6926053e+01	   2.7469271e+01	
   1.3119172e+01	   1.6733594e+01	   2.8895452e+01	
   1.3446289e+01	   1.6354490e+01	   3.0306482e+01	
   1.3697073e+01	   1.5787152e+01	   3.1664210e+01	
   1.3861160e+01	   1.5039020e+01	   3.2929569e+01	
   1.3930337e+01	   1.4126934e+01	   3.4065300e+01	
   1.3899208e+01	   1.3076533e+01	   3.5038781e+01	
   1.3765698e+01	   1.1920666e+01	   3.5824561e+01	
   1.3531306e+01	   1.0696971e+01	   3.6406223e+01	
   1.3201086e+01	   9.4449565e+00	   3.6777295e+01	
   1.2783339e+01	   8.2029868e+00	   3.6941095e+01	
   1.2289061e+01	   7.0056040e+00	   3.6909604e+01	
   1.1731219e+01	   5.8815050e+00	   3.6701604e+01	
   1.1123940e+01	   4.8523538e+00	   3.6340433e+01	
   1.0481715e+01	   3.9324410e+00	   3.5851686e+01	
   9.8186698e+00	   3.1290702e+00	   3.5261181e+01	
   9.1479794e+00	   2.4434680e+00	   3.4593336e+01	
   8.4814356e+00	   1.8719907e+00	   3.3870072e+01	
   7.8291784e+00	   1.4074227e+00	   3.3110193e+01	
   7.1995739e+00	   1.0402091e+00	   3.2329187e+01	
   6.5992136e+00	   7.5952626e-01	   3.1539335e+01	
   6.0330059e+00	   5.5414004e-01	   3.0750017e+01	
   5.5043302e+00	   4.1304693e-01	   2.9968124e+01	
   5.0152266e+00	   3.2591540e-01	   2.9198509e+01	
   4.5666022e+00	   2.8335958e-01	   2.8444414e+01	
   4.1584366e+00	   2.7708126e-01	   2.7707857e+01	
   3.7899762e+00	   2.9991479e-01	   2.6989959e+01	
   3.4599114e+00	   3.4580458e-01	   2.6291205e+01	
   3.1665321e+00	   4.0973938e-01	   2.5611655e+01	
   2.9078610e+00	   4.8766151e-01	   2.4951095e+01	
   2.6817649e+00	   5.7636449e-01	   2.4309149e+01	
   2.4860451e+00	   6.7338812e-01	   2.3685361e+01	
   2.3185103e+00	   7.7691722e-01	   2.3079249e+01	
   2.1770322e+00	   8.8568765e-01	   2.2490339e+01	
   2.0595881e+00	   9.9890167e-01	   2.1918187e+01	
   1.9642911e+00	   1.1161536e+00	   2.1362390e+01	
   1.8894119e+00	   1.2373656e+00	   2.0822600e+01	
   1.8333917e+00	   1.3627338e+00	   2.0298520e+01	
   1.7948504e+00	   1.4926835e+00	   1.9789911e+01	
   1.7725890e+00	   1.6278328e+00	   1.9296591e+01	
   1.7655898e+00	   1.7689639e+00	   1.8818439e+01	
   1.7730133e+00	   1.9170009e+00	   1.8355398e+01	
   1.7941940e+00	   2.0729936e+00	   1.7907477e+01	
   1.8286353e+00	   2.2381060e+00	   1.7474760e+01	
   1.8760037e+00	   2.4136088e+00	   1.7057413e+01	
   1.9361234e+00	   2.6008751e+00	   1.6655692e+01	
   2.0089711e+00	   2.8013790e+00	   1.6269961e+01	
   2.0946704e+00	   3.0166957e+00	   1.5900702e+01	
   2.1934885e+00	   3.2485022e+00	   1.5548536e+01	
   2.3058314e+00	   3.4985794e+00	   1.5214248e+01	
   2.4322411e+00	   3.7688120e+00	   1.4898811e+01	
   2.5733923e+00	   4.0611876e+00	   1.4603416e+01	
   2.7300896e+00	   4.3777928e+00	   1.4329512e+01	
   2.9032640e+00	   4.7208042e+00	   1.4078847e+01	
   3.0939687e+00	   5.0924734e+00	   1.3853517e+01	
   3.3033737e+00	   5.4951034e+00	   1.3656018e+01	
   3.5327581e+00	   5.9310132e+00	   1.3489316e+01	
   3.7834985e+00	   6.4024875e+00	   1.3356907e+01	
   4.0570538e+00	   6.9117068e+00	   1.3262902e+01	
   4.3549427e+00	   7.4606537e+00	   1.3212098e+01	
   4.6787134e+00	   8.0509876e+00	   1.3210064e+01	
   5.0299030e+00	   8.6838832e+00	   1.3263213e+01	
   5.4099822e+00	   9.3598241e+00	   1.3378873e+01	
   5.8202844e+00	   1.0078344e+01	   1.3565324e+01	
   6.2619130e+00	   1.0837711e+01	   1.3831801e+01	
   6.7356254e+00	   1.1634549e+01	   1.4188442e+01	
   7.2416883e+00	   1.2463394e+01	   1.4646139e+01	
   7.7797030e+00	   1.3316210e+01	   1.5216275e+01	
   8.3483977e+00	   1.4181861e+01	   1.5910299e+01	
   8.9453917e+00	   1.5045601e+01	   1.6739099e+01	
   9.5669343e+00	   1.5888639e+01	   1.7712134e+01	
   1.0207636e+01	   1.6687860e+01	   1.8836308e+01	
   1.0860211e+01	   1.7415842e+01	   2.0114579e+01	
   1.1515263e+01	   1.8041294e+01	   2.1544377e+01	
   1.2161165e+01	   1.8530069e+01	   2.3115928e+01	
   1.2784074e+01	   1.8846882e+01	   2.4810706e+01	
   1.3368150e+01	   1.8957766e+01	   2.6600304e+01	
   1.3896013e+01	   1.8833201e+01	   2.8446066e+01	
   1.4349488e+01	   1.8451641e+01	   3.0299836e+01	
   1.4710606e+01	   1.7803008e+01	   3.2106070e+01	
   1.4962822e+01	   1.6891524e+01	   3.3805367e+01	
   1.5092330e+01	   1.5737247e+01	   3.5339143e+01	
   1.5089307e+01	   1.4375775e+01	   3.6654874e+01	
   1.4948919e+01	   1.2855918e+01	   3.7711075e+01	
   1.4671912e+01	   1.1235540e+01	   3.8481135e+01	
   1.4264694e+01	   9.5762082e+00	   3.8955296e+01	
   1.3738871e+01	   7.9375576e+00	   3.9140478e+01	
   1.3110318e+01	   6.3723121e+00	   3.9058086e+01	
   1.2397933e+01	   4.9226827e+00	   3.8740376e+01	
   1.1622241e+01	   3.6185018e+00	   3.8226133e+01	
   1.0804039e+01	   2.4770542e+00	   3.7556444e+01	
   9.9632279e+00	   1.5042649e+00	   3.6771143e+01	
   9.1179105e+00	   6.9674954e-01	   3.5906249e+01	
   8.2837910e+00	   4.4231596e-02	   3.4992464e+01	
   7.4738653e+00	  -4.6807710e-01	   3.4054594e+01	
   6.6983529e+00	  -8.5739554e-01	   3.3111688e+01	
   5.9648131e+00	  -1.1417215e+00	   3.2177612e+01	
   5.2783857e+00	  -1.3386326e+00	   3.1261877e+01	
   4.6421023e+00	  -1.4644978e+00	   3.0370514e+01	
   4.0572263e+00	  -1.5340249e+00	   2.9506918e+01	
   3.5235904e+00	  -1.5600607e+00	   2.8672576e+01	
   3.0399122e+00	  -1.5535678e+00	   2.7867666e+01	
   2.6040759e+00	  -1.5237152e+00	   2.7091523e+01	
   2.2133750e+00	  -1.4780345e+00	   2.6342985e+01	
   1.8647158e+00	  -1.4226083e+00	   2.5620641e+01	
   1.5547820e+00	  -1.3622668e+00	   2.4922995e+01	
   1.2801660e+00	  -1.3007797e+00	   2.4248574e+01	
   1.0374701e+00	  -1.2410341e+00	   2.3595989e+01	
   8.2338096e-01	  -1.1851941e+00	   2.2963968e+01	
   6.3472408e-01	  -1.1348418e+00	   2.2351367e+01	
   4.6849955e-01	  -1.0910987e+00	   2.1757171e+01	
   3.2190428e-01	  -1.0547290e+00	   2.1180481e+01	
   1.9234286e-01	  -1.0262269e+00	   2.0620508e+01	
   7.7429978e-02	  -1.0058890e+00	   2.0076555e+01	
  -2.5013872e-02	  -9.9387417e-01	   1.9548008e+01	
  -1.1697125e-01	  -9.9025274e-01	   1.9034321e+01	
  -2.0024010e-01	  -9.9504607e-01	   1.8535008e+01	
  -2.7644826e-01	  -1.0082587e+00	   1.8049635e+01	
  -3.4706934e-01	  -1.0299044e+00	   1.7577812e+01	
  -4.1343932e-01	  -1.0600262e+00	   1.7119190e+01	
  -4.7677327e-01	  -1.0987139e+00	   1.6673455e+01	
  -5.3818195e-01	  -1.1461167e+00	   1.6240328e+01	
  -5.9868798e-01	  -1.2024546e+00	   1.5819564e+01	
  -6.5924136e-01	  -1.2680274e+00	   1.5410951e+01	
  -7.2073446e-01	  -1.3432232e+00	   1.5014313e+01	
  -7.8401621e-01	  -1.4285253e+00	   1.4629511e+01	
  -8.4990561e-01	  -1.5245192e+00	   1.4256447e+01	
  -9.1920469e-01	  -1.6318998e+00	   1.3895072e+01	
  -9.9271085e-01	  -1.7514779e+00	   1.3545388e+01	
  -1.0712287e+00	  -1.8841881e+00	   1.3207458e+01	
  -1.1555814e+00	  -2.0310960e+00	   1.2881416e+01	
  -1.2466220e+00	  -2.1934072e+00	   1.2567478e+01	
  -1.3452441e+00	  -2.3724751e+00	   1.2265960e+01	
  -1.4523928e+00	  -2.5698110e+00	   1.1977289e+01	
  -1.5690747e+00	  -2.7870921e+00	   1.1702032e+01	
  -1.6963690e+00	  -3.0261714e+00	   1.1440917e+01	
  -1.8354371e+00	  -3.2890851e+00	   1.1194863e+01	
  -1.9875329e+00	  -3.5780594e+00	   1.0965021e+01	
  -2.1540122e+00	  -3.8955148e+00	   1.0752817e+01	
  -2.3363415e+00	  -4.2440654e+00	   1.0560002e+01	
  -2.5361057e+00	  -4.6265137e+00	   1.0388714e+01	
  -2.7550141e+00	  -5.0458355e+00	   1.0241555e+01	
  -2.9949039e+00	  -5.5051542e+00	   1.0121674e+01	
  -3.2577402e+00	  -6.0076975e+00	   1.0032864e+01	
  -3.5456108e+00	  -6.5567331e+00	   9.9796738e+00	
  -3.8607140e+00	  -7.1554745e+00	   9.9675387e+00	
  -4.2053371e+00	  -7.8069488e+00	   1.0002913e+01	
  -4.5818214e+00	  -8.5138148e+00	   1.0093416e+01	
  -4.9925111e+00	  -9.2781186e+00	   1.0247983e+01	
  -5.4396799e+00	  -1.0100972e+01	   1.0476992e+01	
  -5.9254290e+00	  -1.0982138e+01	   1.0792373e+01	
  -6.4515515e+00	  -1.1919505e+01	   1.1207649e+01	
  -7.0193525e+00	  -1.2908448e+01	   1.1737880e+01	
  -7.6294208e+00	  -1.3941061e+01	   1.2399458e+01	
  -8.2813432e+00	  -1.5005285e+01	   1.3209670e+01	
  -8.9733595e+00	  -1.6083972e+01	   1.4185965e+01	
  -9.7019615e+00	  -1.7153965e+01	   1.5344817e+01	
  -1.0461448e+01	  -1.8185329e+01	   1.6700124e+01	
  -1.1243466e+01	  -1.9140944e+01	   1.8261072e+01	
  -1.2036582e+01	  -1.9976717e+01	   2.0029518e+01	
  -1.2825960e+01	  -2.0642749e+01	   2.1997024e+01	
  -1.3593238e+01	  -2.1085745e+01	   2.4141881e+01	
  -1.4316716e+01	  -2.1252876e+01	   2.6426647e+01	
  -1.4971964e+01	  -2.1097069e+01	   2.8796923e+01	
  -1.5532927e+01	  -2.0583297e+01	   3.1182120e+01	
  -1.5973541e+01	  -1.9695008e+01	   3.3498864e+01	
  -1.6269765e+01	  -1.8439428e+01	   3.5657217e+01	
  -1.6401807e+01	  -1.6850320e+01	   3.7569212e+01	
  -1.6356236e+01	  -1.4987077e+01	   3.9158440e+01	
  -1.6127604e+01	  -1.2929760e+01	   4.0368848e+01	
  -1.5719273e+01	  -1.0770719e+01	   4.1170879e+01	
  -1.5143257e+01	  -8.6043946e+00	   4.1563608e+01	
  -1.4419105e+01	  -6.5173391e+00	   4.1572566e+01	
  -1.3572031e+01	  -4.5803693e+00	   4.1244030e+01	
  -1.2630629e+01	  -2.8440064e+00	   4.0637294e+01	
  -1.1624543e+01	  -1.3374231e+00	   3.9816670e+01	
  -1.0582404e+01	  -7.0301594e-02	   3.8844637e+01	
  -9.5302439e+00	   9.6344385e-01	   3.7776961e+01	
  -8.4904568e+00	   1.7811838e+00	   3.6659950e+01	
  -7.4812844e+00	   2.4072139e+00	   3.5529593e+01	
  -6.5167381e+00	   2.8690680e+00	   3.4412052e+01	
  -5.6068356e+00	   3.1947355e+00	   3.3324963e+01	
  -4.7580349e+00	   3.4107821e+00	   3.2279087e+01	
  -3.9737678e+00	   3.5412423e+00	   3.1279984e+01	
  -3.2549974e+00	   3.6070993e+00	   3.0329516e+01	
  -2.6007521e+00	   3.6261724e+00	   2.9427083e+01	
  -2.0086046e+00	   3.6132607e+00	   2.8570584e+01	
  -1.4750854e+00	   3.5804280e+00	   2.7757123e+01	
  -9.9602536e-01	   3.5373509e+00	   2.6983492e+01	
  -5.6683228e-01	   3.4916791e+00	   2.6246497e+01	
  -1.8270689e-01	   3.4493790e+00	   2.5543145e+01	
   1.6119243e-01	   3.4150452e+00	   2.4870755e+01	
   4.6962859e-01	   3.3921731e+00	   2.4226999e+01	
   7.4720039e-01	   3.3833938e+00	   2.3609914e+01	
   9.9828568e-01	   3.3906720e+00	   2.3017882e+01	
   1.2270072e+00	   3.4154705e+00	   2.2449610e+01	
   1.4372160e+00	   3.4588867e+00	   2.1904099e+01	
   1.6324878e+00	   3.5217635e+00	   2.1380612e+01	
   1.8161299e+00	   3.6047792e+00	   2.0878658e+01	
   1.9911942e+00	   3.7085194e+00	   2.0397963e+01	
   2.1604959e+00	   3.8335332e+00	   1.9938466e+01	
   2.3266345e+00	   3.9803772e+00	   1.9500304e+01	
   2.4920169e+00	   4.1496472e+00	   1.9083814e+01	
   2.6588804e+00	   4.3420013e+00	   1.8689536e+01	
   2.8293157e+00	   4.5581735e+00	   1.8318224e+01	
   3.0052883e+00	   4.7989794e+00	   1.7970861e+01	
   3.1886581e+00	   5.0653138e+00	   1.7648678e+01	
   3.3811968e+00	   5.3581409e+00	   1.7353179e+01	
   3.5846015e+00	   5.6784748e+00	   1.7086170e+01	
   3.8005061e+00	   6.0273513e+00	   1.6849791e+01	
   4.0304867e+00	   6.4057879e+00	   1.6646557e+01	
   4.2760634e+00	   6.8147310e+00	   1.6479391e+01	
   4.5386957e+00	   7.2549885e+00	   1.6351664e+01	
   4.8197708e+00	   7.7271433e+00	   1.6267237e+01	
   5.1205842e+00	   8.2314466e+00	   1.6230488e+01	
   5.4423112e+00	   8.7676878e+00	   1.6246339e+01	
   5.7859662e+00	   9.3350370e+00	   1.6320261e+01	
   6.1523509e+00	   9.9318589e+00	   1.6458255e+01	
   6.5419877e+00	   1.0555499e+01	   1.6666806e+01	
   6.9550373e+00	   1.1202040e+01	   1.6952775e+01	
   7.3912010e+00	   1.1866040e+01	   1.7323245e+01	
   7.8496058e+00	   1.2540260e+01	   1.7785272e+01	
   8.3286752e+00	   1.3215398e+01	   1.8345548e+01	
   8.8259882e+00	   1.3879865e+01	   1.9009946e+01	
   9.3381343e+00	   1.4519633e+01	   1.9782951e+01	
   9.8605730e+00	   1.5118212e+01	   2.0666955e+01	
   1.0387513e+01	   1.5656814e+01	   2.1661469e+01	
   1.0911832e+01	   1.6114760e+01	   2.2762265e+01	
   1.1425051e+01	   1.6470200e+01	   2.3960537e+01	
   1.1917405e+01	   1.6701166e+01	   2.5242190e+01	
   1.2378018e+01	   1.6786974e+01	   2.6587388e+01	
   1.2795209e+01	   1.6709897e+01	   2.7970514e+01	
   1.3156936e+01	   1.6456984e+01	   2.9360680e+01	
   1.3451378e+01	   1.6021822e+01	   3.0722890e+01	
   1.3667602e+01	   1.5405976e+01	   3.2019839e+01	
   1.3796287e+01	   1.4619840e+01	   3.3214266e+01	
   1.3830423e+01	   1.3682664e+01	   3.4271595e+01	
   1.3765893e+01	   1.2621652e+01	   3.5162558e+01	
   1.3601875e+01	   1.1470166e+01	   3.5865406e+01	
   1.3341001e+01	   1.0265241e+01	   3.6367388e+01	
   1.2989239e+01	   9.0447523e+00	   3.6665285e+01	
   1.2555522e+01	   7.8446352e+00	   3.6764953e+01	
   1.2051159e+01	   6.6965207e+00	   3.6680016e+01	
   1.1489114e+01	   5.6260566e+00	   3.6429962e+01	
   1.0883231e+01	   4.6520265e+00	   3.6037980e+01	
   1.0247484e+01	   3.7862421e+00	   3.5528843e+01	
   9.5953218e+00	   3.0340654e+00	   3.4927077e+01	
   8.9391516e+00	   2.3953642e+00	   3.4255571e+01	
   8.2899673e+00	   1.8656893e+00	   3.3534654e+01	
   7.6571340e+00	   1.4374956e+00	   3.2781626e+01	
   7.0483044e+00	   1.1012746e+00	   3.2010647e+01	
   6.4694430e+00	   8.4651925e-01	   3.1232888e+01	
   5.9249302e+00	   6.6248708e-01	   3.0456851e+01	
   5.4177191e+00	   5.3876208e-01	   2.9688768e+01	
   4.9495227e+00	   4.6563552e-01	   2.8933020e+01	
   4.5210110e+00	   4.3433671e-01	   2.8192538e+01	
   4.1320060e+00	   4.3714720e-01	   2.7469149e+01	
   3.7816644e+00	   4.6742968e-01	   2.6763875e+01	
   3.4686431e+00	   5.1959829e-01	   2.6077173e+01	
   3.1912430e+00	   5.8905170e-01	   2.5409114e+01	
   2.9475334e+00	   6.7208503e-01	   2.4759530e+01	
   2.7354540e+00	   7.6579254e-01	   2.4128106e+01	
   2.5528986e+00	   8.6796890e-01	   2.3514459e+01	
   2.3977819e+00	   9.7701453e-01	   2.2918183e+01	
   2.2680902e+00	   1.0918482e+00	   2.2338881e+01	
   2.1619207e+00	   1.2118284e+00	   2.1776189e+01	
   2.0775089e+00	   1.3366848e+00	   2.1229783e+01	
   2.0132480e+00	   1.4664591e+00	   2.0699392e+01	
   1.9677013e+00	   1.6014550e+00	   2.0184800e+01	
   1.9396085e+00	   1.7421980e+00	   1.9685851e+01	
   1.9278888e+00	   1.8894013e+00	   1.9202451e+01	
   1.9316399e+00	   2.0439405e+00	   1.8734574e+01	
   1.9501359e+00	   2.2068330e+00	   1.8282265e+01	
   1.9828230e+00	   2.3792235e+00	   1.7845648e+01	
   2.0293146e+00	   2.5623733e+00	   1.7424935e+01	
   2.0893864e+00	   2.7576535e+00	   1.7020436e+01	
   2.1629712e+00	   2.9665407e+00	   1.6632575e+01	
   2.2501534e+00	   3.1906145e+00	   1.6261904e+01	
   2.3511647e+00	   3.4315560e+00	   1.5909122e+01	
   2.4663798e+00	   3.6911466e+00	   1.5575103e+01	
   2.5963119e+00	   3.9712658e+00	   1.5260919e+01	
   2.7416086e+00	   4.2738864e+00	   1.4967877e+01	
   2.9030481e+00	   4.6010670e+00	   1.4697553e+01	
   3.0815339e+00	   4.9549386e+00	   1.4451837e+01	
   3.2780893e+00	   5.3376846e+00	   1.4232982e+01	
   3.4938490e+00	   5.7515103e+00	   1.4043659e+01	
   3.7300492e+00	   6.1986009e+00	   1.3887023e+01	
   3.9880131e+00	   6.6810616e+00	   1.3766772e+01	
   4.2691313e+00	   7.2008379e+00	   1.3687229e+01	
   4.5748352e+00	   7.7596099e+00	   1.3653407e+01	
   4.9065618e+00	   8.3586536e+00	   1.3671086e+01	
   5.2657060e+00	   8.9986658e+00	   1.3746873e+01	
   5.6535599e+00	   9.6795422e+00	   1.3888248e+01	
   6.0712327e+00	   1.0400106e+01	   1.4103581e+01	
   6.5195514e+00	   1.1157779e+01	   1.4402098e+01	
   6.9989362e+00	   1.1948202e+01	   1.4793781e+01	
   7.5092482e+00	   1.2764796e+01	   1.5289167e+01	
   8.0496102e+00	   1.3598298e+01	   1.5899020e+01	
   8.6181969e+00	   1.4436278e+01	   1.6633827e+01	
   9.2120036e+00	   1.5262711e+01	   1.7503099e+01	
   9.8265984e+00	   1.6057651e+01	   1.8514438e+01	
   1.0455878e+01	   1.6797117e+01	   1.9672366e+01	
   1.1091849e+01	   1.7453310e+01	   2.0976945e+01	
   1.1724474e+01	   1.7995292e+01	   2.2422267e+01	
   1.2341625e+01	   1.8390241e+01	   2.3994958e+01	
   1.2929185e+01	   1.8605381e+01	   2.5672936e+01	
   1.3471370e+01	   1.8610554e+01	   2.7424688e+01	
   1.3951274e+01	   1.8381298e+01	   2.9209417e+01	
   1.4351681e+01	   1.7902114e+01	   3.0978308e+01	
   1.4656096e+01	   1.7169432e+01	   3.2677086e+01	
   1.4849921e+01	   1.6193725e+01	   3.4249758e+01	
   1.4921655e+01	   1.5000204e+01	   3.5643196e+01	
   1.4863973e+01	   1.3627743e+01	   3.6811908e+01	
   1.4674492e+01	   1.2126008e+01	   3.7722236e+01	
   1.4356138e+01	   1.0551137e+01	   3.8355214e+01	
   1.3917007e+01	   8.9606559e+00	   3.8707615e+01	
   1.3369761e+01	   7.4084808e+00	   3.8791052e+01	
   1.2730643e+01	   5.9407844e+00	   3.8629428e+01	
   1.2018252e+01	   4.5932594e+00	   3.8255324e+01	
   1.1252252e+01	   3.3899664e+00	   3.7706028e+01	
   1.0452172e+01	   2.3436277e+00	   3.7019841e+01	
   9.6363970e+00	   1.4570038e+00	   3.6233111e+01	
   8.8214216e+00	   7.2490373e-01	   3.5378194e+01	
   8.0213834e+00	   1.3640633e-01	   3.4482348e+01	
   7.2478440e+00	  -3.2303047e-01	   3.3567400e+01	
   6.5097802e+00	  -6.6977014e-01	   3.2649997e+01	
   5.8137276e+00	  -9.2059565e-01	   3.1742194e+01	
   5.1640242e+00	  -1.0917087e+00	   3.0852226e+01	
   4.5631091e+00	  -1.1980835e+00	   2.9985298e+01	
   4.0118392e+00	  -1.2531066e+00	   2.9144330e+01	
   3.5097993e+00	  -1.2684294e+00	   2.8330593e+01	
   3.0555893e+00	  -1.2539675e+00	   2.7544229e+01	
   2.6470793e+00	  -1.2179952e+00	   2.6784652e+01	
   2.2816282e+00	  -1.1672934e+00	   2.6050845e+01	
   1.9562662e+00	  -1.1073226e+00	   2.5341575e+01	
   1.6678430e+00	  -1.0424028e+00	   2.4655532e+01	
   1.4131452e+00	  -9.7588657e-01	   2.3991420e+01	
   1.1889864e+00	  -9.1032030e-01	   2.3348014e+01	
   9.9227411e-01	  -8.4758824e-01	   2.2724186e+01	
   8.2005769e-01	  -7.8903950e-01	   2.2118914e+01	
   6.6956033e-01	  -7.3559758e-01	   2.1531282e+01	
   5.3819829e-01	  -6.8785350e-01	   2.0960472e+01	
   4.2359037e-01	  -6.4614410e-01	   2.0405757e+01	
   3.2355950e-01	  -6.1061705e-01	   1.9866486e+01	
   2.3612870e-01	  -5.8128424e-01	   1.9342075e+01	
   1.5951276e-01	  -5.5806522e-01	   1.8831996e+01	
   9.2107054e-02	  -5.4082213e-01	   1.8335768e+01	
   3.2474377e-02	  -5.2938751e-01	   1.7852951e+01	
  -2.0669233e-02	  -5.2358618e-01	   1.7383136e+01	
  -6.8469218e-02	  -5.2325238e-01	   1.6925944e+01	
  -1.1194725e-01	  -5.2824292e-01	   1.6481021e+01	
  -1.5201565e-01	  -5.3844737e-01	   1.6048031e+01	
  -1.8949133e-01	  -5.5379578e-01	   1.5626661e+01	
  -2.2510902e-01	  -5.7426469e-01	   1.5216612e+01	
  -2.5953371e-01	  -5.9988176e-01	   1.4817602e+01	
  -2.9337240e-01	  -6.3072962e-01	   1.4429367e+01	
  -3.2718497e-01	  -6.6694910e-01	   1.4051656e+01	
  -3.6149435e-01	  -7.0874227e-01	   1.3684235e+01	
  -3.9679604e-01	  -7.5637541e-01	   1.3326885e+01	
  -4.3356695e-01	  -8.1018226e-01	   1.2979406e+01	
  -4.7227377e-01	  -8.7056755e-01	   1.2641618e+01	
  -5.1338089e-01	  -9.3801099e-01	   1.2313360e+01	
  -5.5735796e-01	  -1.0130720e+00	   1.1994495e+01	
  -6.0468727e-01	  -1.0963950e+00	   1.1684915e+01	
  -6.5587088e-01	  -1.1887157e+00	   1.1384539e+01	
  -7.1143776e-01	  -1.2908677e+00	   1.1093324e+01	
  -7.7195096e-01	  -1.4037911e+00	   1.0811269e+01	
  -8.3801489e-01	  -1.5285408e+00	   1.0538421e+01	
  -9.1028280e-01	  -1.6662968e+00	   1.0274885e+01	
  -9.8946453e-01	  -1.8183746e+00	   1.0020834e+01	
  -1.0763346e+00	  -1.9862379e+00	   9.7765250e+00	
  -1.1717408e+00	  -2.1715104e+00	   9.5423128e+00	
  -1.2766131e+00	  -2.3759898e+00	   9.3186703e+00	
  -1.3919729e+00	  -2.6016617e+00	   9.1062132e+00	
  -1.5189431e+00	  -2.8507135e+00	   8.9057290e+00	
  -1.6587581e+00	  -3.1255477e+00	   8.7182127e+00	
  -1.8127746e+00	  -3.4287947e+00	   8.5449100e+00	
  -1.9824817e+00	  -3.7633218e+00	   8.3873692e+00	
  -2.1695114e+00	  -4.1322393e+00	   8.2475038e+00	
  -2.3756483e+00	  -4.5388994e+00	   8.1276676e+00	
  -2.6028374e+00	  -4.9868862e+00	   8.0307443e+00	
  -2.8531899e+00	  -5.4799912e+00	   7.9602531e+00	
  -3.1289855e+00	  -6.0221707e+00	   7.9204733e+00	
  -3.4326684e+00	  -6.6174757e+00	   7.9165875e+00	
  -3.7668366e+00	  -7.2699465e+00	   7.9548465e+00	
  -4.1342185e+00	  -7.9834581e+00	   8.0427513e+00	
  -4.5376353e+00	  -8.7615036e+00	   8.1892521e+00	
  -4.9799418e+00	  -9.6068941e+00	   8.4049513e+00	
  -5.4639400e+00	  -1.0521356e+01	   8.7022996e+00	
  -5.9922561e+00	  -1.1505002e+01	   9.0957569e+00	
  -6.5671720e+00	  -1.2555648e+01	   9.6018818e+00	
  -7.1904001e+00	  -1.3667963e+01	   1.0239292e+01	
  -7.8627893e+00	  -1.4832442e+01	   1.1028419e+01	
  -8.5839535e+00	  -1.6034216e+01	   1.1990957e+01	
  -9.3518171e+00	  -1.7251760e+01	   1.3148877e+01	
  -1.0162080e+01	  -1.8455624e+01	   1.4522877e+01	
  -1.1007620e+01	  -1.9607378e+01	   1.6130141e+01	
  -1.1877879e+01	  -2.0659104e+01	   1.7981334e+01	
  -1.2758297e+01	  -2.1553843e+01	   2.0076899e+01	
  -1.3629910e+01	  -2.2227475e+01	   2.2402914e+01	
  -1.4469258e+01	  -2.2612510e+01	   2.4927044e+01	
  -1.5248756e+01	  -2.2644004e+01	   2.7595505e+01	
  -1.5937701e+01	  -2.2267443e+01	   3.0332130e+01	
  -1.6503990e+01	  -2.1447715e+01	   3.3040723e+01	
  -1.6916525e+01	  -2.0177623e+01	   3.5611444e+01	
  -1.7148087e+01	  -1.8483829e+01	   3.7931112e+01	
  -1.7178299e+01	  -1.6428195e+01	   3.9896108e+01	
  -1.6996158e+01	  -1.4103303e+01	   4.1425428e+01	
  -1.6601613e+01	  -1.1622421e+01	   4.2470923e+01	
  -1.6005856e+01	  -9.1058359e+00	   4.3022264e+01	
  -1.5230213e+01	  -6.6665620e+00	   4.3105570e+01	
  -1.4303890e+01	  -4.3984905e+00	   4.2776411e+01	
  -1.3261009e+01	  -2.3691059e+00	   4.2109328e+01	
  -1.2137481e+01	  -6.1737875e-01	   4.1186535e+01	
  -1.0968213e+01	   8.4392562e-01	   4.0088113e+01	
  -9.7849365e+00	   2.0230908e+00	   3.8885031e+01	
  -8.6148100e+00	   2.9431541e+00	   3.7635343e+01	
  -7.4797521e+00	   3.6358329e+00	   3.6383118e+01	
  -6.3963655e+00	   4.1364933e+00	   3.5159319e+01	
  -5.3762852e+00	   4.4804733e+00	   3.3983773e+01	
  -4.4267777e+00	   4.7007157e+00	   3.2867563e+01	
  -3.5514550e+00	   4.8264793e+00	   3.1815362e+01	
  -2.7510016e+00	   4.8828362e+00	   3.0827470e+01	
  -2.0238547e+00	   4.8906856e+00	   2.9901437e+01	
  -1.3668010e+00	   4.8670671e+00	   2.9033281e+01	
  -7.7548020e-01	   4.8256204e+00	   2.8218352e+01	
  -2.4479275e-01	   4.7770911e+00	   2.7451900e+01	
   2.3077815e-01	   4.7298226e+00	   2.6729431e+01	
   6.5692046e-01	   4.6902042e+00	   2.6046901e+01	
   1.0393104e+00	   4.6630625e+00	   2.5400813e+01	
   1.3834814e+00	   4.6519930e+00	   2.4788235e+01	
   1.6947342e+00	   4.6596364e+00	   2.4206788e+01	
   1.9780798e+00	   4.6879060e+00	   2.3654602e+01	
   2.2382066e+00	   4.7381706e+00	   2.3130275e+01	
   2.4794670e+00	   4.8114019e+00	   2.2632825e+01	
   2.7058770e+00	   4.9082904e+00	   2.2161642e+01	
   2.9211267e+00	   5.0293358e+00	   2.1716459e+01	
   3.1285957e+00	   5.1749145e+00	   2.1297322e+01	
   3.3313744e+00	   5.3453293e+00	   2.0904566e+01	
   3.5322853e+00	   5.5408415e+00	   2.0538809e+01	
   3.7339063e+00	   5.7616904e+00	   2.0200942e+01	
   3.9385917e+00	   6.0080975e+00	   1.9892133e+01	
   4.1484920e+00	   6.2802603e+00	   1.9613827e+01	
   4.3655697e+00	   6.5783333e+00	   1.9367762e+01	
   4.5916122e+00	   6.9023971e+00	   1.9155973e+01	
   4.8282390e+00	   7.2524156e+00	   1.8980808e+01	
   5.0769045e+00	   7.6281804e+00	   1.8844935e+01	
   5.3388934e+00	   8.0292417e+00	   1.8751349e+01	
   5.6153108e+00	   8.4548254e+00	   1.8703368e+01	
   5.9070631e+00	   8.9037349e+00	   1.8704625e+01	
   6.2148316e+00	   9.3742401e+00	   1.8759035e+01	
   6.5390376e+00	   9.8639513e+00	   1.8870745e+01	
   6.8797972e+00	   1.0369683e+01	   1.9044061e+01	
   7.2368684e+00	   1.0887313e+01	   1.9283331e+01	
   7.6095885e+00	   1.1411636e+01	   1.9592793e+01	
   7.9968048e+00	   1.1936235e+01	   1.9976371e+01	
   8.3968006e+00	   1.2453372e+01	   2.0437413e+01	
   8.8072195e+00	   1.2953924e+01	   2.0978382e+01	
   9.2249939e+00	   1.3427385e+01	   2.1600477e+01	
   9.6462845e+00	   1.3861956e+01	   2.2303226e+01	
   1.0066440e+01	   1.4244755e+01	   2.3084039e+01	
   1.0479988e+01	   1.4562171e+01	   2.3937779e+01	
   1.0880664e+01	   1.4800365e+01	   2.4856374e+01	
   1.1261500e+01	   1.4945945e+01	   2.5828550e+01	
   1.1614970e+01	   1.4986773e+01	   2.6839715e+01	
   1.1933207e+01	   1.4912871e+01	   2.7872090e+01	
   1.2208284e+01	   1.4717353e+01	   2.8905115e+01	
   1.2432558e+01	   1.4397280e+01	   2.9916160e+01	
   1.2599054e+01	   1.3954330e+01	   3.0881528e+01	
   1.2701859e+01	   1.3395168e+01	   3.1777691e+01	
   1.2736499e+01	   1.2731429e+01	   3.2582645e+01	
   1.2700258e+01	   1.1979268e+01	   3.3277248e+01	
   1.2592401e+01	   1.1158499e+01	   3.3846384e+01	
   1.2414276e+01	   1.0291396e+01	   3.4279809e+01	
   1.2169289e+01	   9.4012938e+00	   3.4572581e+01	
   1.1862732e+01	   8.5111464e+00	   3.4725039e+01	
   1.1501506e+01	   7.6422100e+00	   3.4742344e+01	
   1.1093752e+01	   6.8129814e+00	   3.4633694e+01	
   1.0648433e+01	   6.0384772e+00	   3.4411314e+01	
   1.0174902e+01	   5.3298803e+00	   3.4089366e+01	
   9.6825025e+00	   4.6945310e+00	   3.3682906e+01	
   9.1802079e+00	   4.1361976e+00	   3.3206974e+01	
   8.6763440e+00	   3.6555455e+00	   3.2675882e+01	
   8.1783801e+00	   3.2507173e+00	   3.2102715e+01	
   7.6928008e+00	   2.9179475e+00	   3.1499030e+01	
   7.2250474e+00	   2.6521529e+00	   3.0874737e+01	
   6.7795171e+00	   2.4474593e+00	   3.0238111e+01	
   6.3596099e+00	   2.2976419e+00	   2.9595900e+01	
   5.9678071e+00	   2.1964727e+00	   2.8953493e+01	
   5.6057720e+00	   2.1379794e+00	   2.8315108e+01	
   5.2744611e+00	   2.1166244e+00	   2.7683995e+01	
   4.9742388e+00	   2.1274172e+00	   2.7062618e+01	
   4.7049888e+00	   2.1659742e+00	   2.6452831e+01	
   4.4662191e+00	   2.2285377e+00	   2.5856014e+01	
   4.2571569e+00	   2.3119671e+00	   2.5273204e+01	
   4.0768329e+00	   2.4137095e+00	   2.4705188e+01	
   3.9241537e+00	   2.5317586e+00	   2.4152585e+01	
   3.7979637e+00	   2.6646069e+00	   2.3615909e+01	
   3.6970958e+00	   2.8111955e+00	   2.3095619e+01	
   3.6204131e+00	   2.9708636e+00	   2.2592156e+01	
   3.5668410e+00	   3.1433012e+00	   2.2105977e+01	
   3.5353930e+00	   3.3285037e+00	   2.1637579e+01	
   3.5251891e+00	   3.5267313e+00	   2.1187524e+01	
   3.5354690e+00	   3.7384713e+00	   2.0756456e+01	
   3.5656009e+00	   3.9644042e+00	   2.0345126e+01	
   3.6150857e+00	   4.2053725e+00	   1.9954406e+01	
   3.6835590e+00	   4.4623512e+00	   1.9585312e+01	
   3.7707887e+00	   4.7364198e+00	   1.9239027e+01	
   3.8766717e+00	   5.0287331e+00	   1.8916923e+01	
   4.0012269e+00	   5.3404919e+00	   1.8620587e+01	
   4.1445866e+00	   5.6729093e+00	   1.8351848e+01	
   4.3069852e+00	   6.0271733e+00	   1.8112807e+01	
   4.4887446e+00	   6.4044019e+00	   1.7905864e+01	
   4.6902571e+00	   6.8055906e+00	   1.7733750e+01	
   4.9119641e+00	   7.2315484e+00	   1.7599556e+01	
   5.1543296e+00	   7.6828211e+00	   1.7506753e+01	
   5.4178092e+00	   8.1595989e+00	   1.7459218e+01	
   5.7028117e+00	   8.6616067e+00	   1.7461234e+01	
   6.0096530e+00	   9.1879759e+00	   1.7517490e+01	
   6.3385018e+00	   9.7370952e+00	   1.7633043e+01	
   6.6893147e+00	   1.0306443e+01	   1.7813267e+01	
   7.0617612e+00	   1.0892405e+01	   1.8063747e+01	
   7.4551372e+00	   1.1490075e+01	   1.8390133e+01	
   7.8682687e+00	   1.2093065e+01	   1.8797925e+01	
   8.2994065e+00	   1.2693324e+01	   1.9292190e+01	
   8.7461149e+00	   1.3280994e+01	   1.9877196e+01	
   9.2051612e+00	   1.3844335e+01	   2.0555962e+01	
   9.6724126e+00	   1.4369748e+01	   2.1329723e+01	
   1.0142752e+01	   1.4841943e+01	   2.2197343e+01	
   1.0610025e+01	   1.5244288e+01	   2.3154690e+01	
   1.1067037e+01	   1.5559374e+01	   2.4194046e+01	
   1.1505616e+01	   1.5769820e+01	   2.5303613e+01	
   1.1916757e+01	   1.5859303e+01	   2.6467217e+01	
   1.2290856e+01	   1.5813779e+01	   2.7664298e+01	
   1.2618051e+01	   1.5622794e+01	   2.8870297e+01	
   1.2888650e+01	   1.5280757e+01	   3.0057467e+01	
   1.3093630e+01	   1.4788001e+01	   3.1196147e+01	
   1.3225173e+01	   1.4151457e+01	   3.2256408e+01	
   1.3277195e+01	   1.3384783e+01	   3.3209942e+01	
   1.3245794e+01	   1.2507866e+01	   3.4031969e+01	
   1.3129593e+01	   1.1545687e+01	   3.4702933e+01	
   1.2929903e+01	   1.0526676e+01	   3.5209755e+01	
   1.2650703e+01	   9.4807304e+00	   3.5546474e+01	
   1.2298429e+01	   8.4371824e+00	   3.5714205e+01	
   1.1881589e+01	   7.4229358e+00	   3.5720469e+01	
   1.1410265e+01	   6.4610047e+00	   3.5578022e+01	
   1.0895540e+01	   5.5695662e+00	   3.5303389e+01	
   1.0348920e+01	   4.7615627e+00	   3.4915307e+01	
   9.7817977e+00	   4.0447996e+00	   3.4433276e+01	
   9.2049931e+00	   3.4224305e+00	   3.3876347e+01	
   8.6284013e+00	   2.8936944e+00	   3.3262208e+01	
   8.0607485e+00	   2.4547737e+00	   3.2606608e+01	
   7.5094546e+00	   2.0996605e+00	   3.1923052e+01	
   6.9805883e+00	   1.8209545e+00	   3.1222751e+01	
   6.4788973e+00	   1.6105436e+00	   3.0514729e+01	
   6.0078936e+00	   1.4601469e+00	   2.9806042e+01	
   5.5699758e+00	   1.3617212e+00	   2.9102058e+01	
   5.1665721e+00	   1.3077438e+00	   2.8406745e+01	
   4.7982919e+00	   1.2913903e+00	   2.7722951e+01	
   4.4650747e+00	   1.3066304e+00	   2.7052654e+01	
   4.1663322e+00	   1.3482605e+00	   2.6397178e+01	
   3.9010764e+00	   1.4118931e+00	   2.5757368e+01	
   3.6680337e+00	   1.4939159e+00	   2.5133736e+01	
   3.4657434e+00	   1.5914337e+00	   2.4526563e+01	
   3.2926399e+00	   1.7022006e+00	   2.3935992e+01	
   3.1471216e+00	   1.8245498e+00	   2.3362084e+01	
   3.0276058e+00	   1.9573239e+00	   2.2804863e+01	
   2.9325725e+00	   2.0998102e+00	   2.2264355e+01	
   2.8605973e+00	   2.2516809e+00	   2.1740610e+01	
   2.8103769e+00	   2.4129403e+00	   2.1233718e+01	
   2.7807462e+00	   2.5838781e+00	   2.0743831e+01	
   2.7706911e+00	   2.7650299e+00	   2.0271170e+01	
   2.7793554e+00	   2.9571430e+00	   1.9816040e+01	
   2.8060442e+00	   3.1611479e+00	   1.9378846e+01	
   2.8502257e+00	   3.3781344e+00	   1.8960100e+01	
   2.9115290e+00	   3.6093310e+00	   1.8560446e+01	
   2.9897412e+00	   3.8560866e+00	   1.8180672e+01	
   3.0848035e+00	   4.1198544e+00	   1.7821733e+01	
   3.1968052e+00	   4.4021752e+00	   1.7484775e+01	
   3.3259774e+00	   4.7046603e+00	   1.7171164e+01	
   3.4726849e+00	   5.0289712e+00	   1.6882515e+01	
   3.6374177e+00	   5.3767953e+00	   1.6620729e+01	
   3.8207795e+00	   5.7498150e+00	   1.6388029e+01	
   4.0234750e+00	   6.1496688e+00	   1.6187004e+01	
   4.2462937e+00	   6.5779004e+00	   1.6020655e+01	
   4.4900895e+00	   7.0358946e+00	   1.5892435e+01	
   4.7557562e+00	   7.5247950e+00	   1.5806301e+01	
   5.0441955e+00	   8.0454013e+00	   1.5766747e+01	
   5.3562777e+00	   8.5980415e+00	   1.5778848e+01	
   5.6927924e+00	   9.1824161e+00	   1.5848267e+01	
   6.0543880e+00	   9.7974110e+00	   1.5981260e+01	
   6.4414967e+00	   1.0440877e+01	   1.6184634e+01	
   6.8542452e+00	   1.1109379e+01	   1.6465668e+01	
   7.2923477e+00	   1.1797914e+01	   1.6831961e+01	
   7.7549814e+00	   1.2499616e+01	   1.7291204e+01	
   8.2406465e+00	   1.3205454e+01	   1.7850853e+01	
   8.7470106e+00	   1.3903968e+01	   1.8517674e+01	
   9.2707467e+00	   1.4581064e+01	   1.9297156e+01	
   9.8073716e+00	   1.5219931e+01	   2.0192787e+01	
   1.0351101e+01	   1.5801147e+01	   2.1205203e+01	
   1.0894740e+01	   1.6303037e+01	   2.2331250e+01	
   1.1429632e+01	   1.6702363e+01	   2.3563040e+01	
   1.1945701e+01	   1.6975381e+01	   2.4887098e+01	
   1.2431600e+01	   1.7099302e+01	   2.6283765e+01	
   1.2875013e+01	   1.7054079e+01	   2.7727012e+01	
   1.3263102e+01	   1.6824413e+01	   2.9184849e+01	
   1.3583103e+01	   1.6401757e+01	   3.0620439e+01	
   1.3823056e+01	   1.5786019e+01	   3.1993953e+01	
   1.3972582e+01	   1.4986668e+01	   3.3265082e+01	
   1.4023668e+01	   1.4022948e+01	   3.4395944e+01	
   1.3971341e+01	   1.2923053e+01	   3.5354034e+01	
   1.3814143e+01	   1.1722269e+01	   3.6114787e+01	
   1.3554349e+01	   1.0460291e+01	   3.6663354e+01	
   1.3197885e+01	   9.1780890e+00	   3.6995325e+01	
   1.2753944e+01	   7.9147841e+00	   3.7116340e+01	
   1.2234366e+01	   6.7049529e+00	   3.7040698e+01	
   1.1652854e+01	   5.5766922e+00	   3.6789268e+01	
   1.1024122e+01	   4.5505834e+00	   3.6387084e+01	
   1.0363067e+01	   3.6395382e+00	   3.5860965e+01	
   9.6840492e+00	   2.8493656e+00	   3.5237468e+01	
   9.0003123e+00	   2.1798346e+00	   3.4541320e+01	
   8.3235781e+00	   1.6259891e+00	   3.3794399e+01	
   7.6638082e+00	   1.1795100e+00	   3.3015221e+01	
   7.0291132e+00	   8.2997351e-01	   3.2218824e+01	
   6.4257823e+00	   5.6591517e-01	   3.1416967e+01	
   5.8583996e+00	   3.7566544e-01	   3.0618486e+01	
   5.3300178e+00	   2.4795698e-01	   2.9829760e+01	
   4.8423635e+00	   1.7232992e-01	   2.9055174e+01	
   4.3960529e+00	   1.3937108e-01	   2.8297570e+01	
   3.9908034e+00	   1.4082591e-01	   2.7558626e+01	
   3.6256309e+00	   1.6961853e-01	   2.6839186e+01	
   3.2990270e+00	   2.1980980e-01	   2.6139515e+01	
   3.0091137e+00	   2.8651686e-01	   2.5459495e+01	
   2.7537738e+00	   3.6581180e-01	   2.4798773e+01	
   2.5307597e+00	   4.5461191e-01	   2.4156866e+01	
   2.3377810e+00	   5.5057004e-01	   2.3533233e+01	
   2.1725728e+00	   6.5197039e-01	   2.2927321e+01	
   2.0329494e+00	   7.5763305e-01	   2.2338600e+01	
   1.9168431e+00	   8.6682878e-01	   2.1766577e+01	
   1.8223325e+00	   9.7920479e-01	   2.1210808e+01	
   1.7476609e+00	   1.0947212e+00	   2.0670901e+01	
   1.6912479e+00	   1.2135978e+00	   2.0146521e+01	
   1.6516954e+00	   1.3362702e+00	   1.9637386e+01	
   1.6277885e+00	   1.4633547e+00	   1.9143270e+01	
   1.6184943e+00	   1.5956203e+00	   1.8664005e+01	
   1.6229579e+00	   1.7339680e+00	   1.8199479e+01	
   1.6404972e+00	   1.8794150e+00	   1.7749643e+01	
   1.6705969e+00	   2.0330846e+00	   1.7314512e+01	
   1.7129028e+00	   2.1962000e+00	   1.6894174e+01	
   1.7672151e+00	   2.3700805e+00	   1.6488798e+01	
   1.8334834e+00	   2.5561418e+00	   1.6098644e+01	
   1.9118016e+00	   2.7558975e+00	   1.5724077e+01	
   2.0024034e+00	   2.9709616e+00	   1.5365585e+01	
   2.1056590e+00	   3.2030527e+00	   1.5023795e+01	
   2.2220720e+00	   3.4539967e+00	   1.4699501e+01	
   2.3522772e+00	   3.7257300e+00	   1.4393686e+01	
   2.4970386e+00	   4.0202991e+00	   1.4107561e+01	
   2.6572475e+00	   4.3398587e+00	   1.3842599e+01	
   2.8339203e+00	   4.6866634e+00	   1.3600581e+01	
   3.0281956e+00	   5.0630542e+00	   1.3383646e+01	
   3.2413298e+00	   5.4714346e+00	   1.3194353e+01	
   3.4746899e+00	   5.9142357e+00	   1.3035743e+01	
   3.7297436e+00	   6.3938651e+00	   1.2911417e+01	
   4.0080442e+00	   6.9126356e+00	   1.2825612e+01	
   4.3112089e+00	   7.4726679e+00	   1.2783291e+01	
   4.6408881e+00	   8.0757612e+00	   1.2790230e+01	
   4.9987246e+00	   8.7232240e+00	   1.2853101e+01	
   5.3862968e+00	   9.4156574e+00	   1.2979547e+01	
   5.8050451e+00	   1.0152682e+01	   1.3178229e+01	
   6.2561761e+00	   1.0932602e+01	   1.3458843e+01	
   6.7405403e+00	   1.1752000e+01	   1.3832059e+01	
   7.2584800e+00	   1.2605267e+01	   1.4309381e+01	
   7.8096439e+00	   1.3484069e+01	   1.4902869e+01	
   8.3927665e+00	   1.4376784e+01	   1.5624693e+01	
   9.0054147e+00	   1.5267944e+01	   1.6486466e+01	
   9.6437089e+00	   1.6137748e+01	   1.7498314e+01	
   1.0302032e+01	   1.6961763e+01	   1.8667660e+01	
   1.0972749e+01	   1.7710922e+01	   1.9997723e+01	
   1.1645981e+01	   1.8352003e+01	   2.1485790e+01	
   1.2309465e+01	   1.8848729e+01	   2.3121399e+01	
   1.2948582e+01	   1.9163651e+01	   2.4884658e+01	
   1.3546585e+01	   1.9260842e+01	   2.6745035e+01	
   1.4085115e+01	   1.9109323e+01	   2.8660990e+01	
   1.4545005e+01	   1.8686923e+01	   3.0580871e+01	
   1.4907384e+01	   1.7984048e+01	   3.2445310e+01	
   1.5154998e+01	   1.7006691e+01	   3.4191173e+01	
   1.5273628e+01	   1.5777936e+01	   3.5756741e+01	
   1.5253419e+01	   1.4337428e+01	   3.7087435e+01	
   1.5089924e+01	   1.2738577e+01	   3.8141139e+01	
   1.4784681e+01	   1.1043821e+01	   3.8892160e+01	
   1.4345223e+01	   9.3186912e+00	   3.9333067e+01	
   1.3784503e+01	   7.6257112e+00	   3.9474138e+01	
   1.3119828e+01	   6.0191717e+00	   3.9340658e+01	
   1.2371474e+01	   4.5415225e+00	   3.8968756e+01	
   1.1561178e+01	   3.2217044e+00	   3.8400644e+01	
   1.0710711e+01	   2.0753024e+00	   3.7680111e+01	
   9.8406639e+00	   1.1060923e+00	   3.6848854e+01	
   8.9695540e+00	   3.0841579e-01	   3.5943946e+01	
   8.1132476e+00	  -3.3015700e-01	   3.4996460e+01	
   7.2846949e+00	  -8.2629103e-01	   3.4031063e+01	
   6.4939119e+00	  -1.1987326e+00	   3.3066320e+01	
   5.7481460e+00	  -1.4666468e+00	   3.2115433e+01	
   5.0521603e+00	  -1.6484486e+00	   3.1187170e+01	
   4.4085795e+00	  -1.7610651e+00	   3.0286836e+01	
   3.8182569e+00	  -1.8195413e+00	   2.9417156e+01	
   3.2806306e+00	  -1.8368955e+00	   2.8579035e+01	
   2.7940507e+00	  -1.8241447e+00	   2.7772162e+01	
   2.3560678e+00	  -1.7904352e+00	   2.6995476e+01	
   1.9636782e+00	  -1.7432291e+00	   2.6247501e+01	
   1.6135270e+00	  -1.6885165e+00	   2.5526583e+01	
   1.3020709e+00	  -1.6310284e+00	   2.4831041e+01	
   1.0257065e+00	  -1.5744402e+00	   2.4159268e+01	
   7.8086661e-01	  -1.5215577e+00	   2.3509777e+01	
   5.6409212e-01	  -1.4744816e+00	   2.2881230e+01	
   3.7208127e-01	  -1.4347516e+00	   2.2272439e+01	
   2.0172209e-01	  -1.4034696e+00	   2.1682366e+01	
   5.0110771e-02	  -1.3814040e+00	   2.1110103e+01	
  -8.5440758e-02	  -1.3690773e+00	   2.0554866e+01	
  -2.0740558e-01	  -1.3668387e+00	   2.0015973e+01	
  -3.1804874e-01	  -1.3749240e+00	   1.9492835e+01	
  -4.1943874e-01	  -1.3935047e+00	   1.8984943e+01	
  -5.1346204e-01	  -1.4227276e+00	   1.8491859e+01	
  -6.0183972e-01	  -1.4627472e+00	   1.8013206e+01	
  -6.8614525e-01	  -1.5137525e+00	   1.7548664e+01	
  -7.6782287e-01	  -1.5759873e+00	   1.7097970e+01	
  -8.4820596e-01	  -1.6497685e+00	   1.6660912e+01	
  -9.2853531e-01	  -1.7355000e+00	   1.6237332e+01	
  -1.0099768e+00	  -1.8336849e+00	   1.5827126e+01	
  -1.0936383e+00	  -1.9449363e+00	   1.5430255e+01	
  -1.1805866e+00	  -2.0699861e+00	   1.5046741e+01	
  -1.2718624e+00	  -2.2096941e+00	   1.4676684e+01	
  -1.3684960e+00	  -2.3650559e+00	   1.4320270e+01	
  -1.4715210e+00	  -2.5372104e+00	   1.3977780e+01	
  -1.5819884e+00	  -2.7274472e+00	   1.3649612e+01	
  -1.7009795e+00	  -2.9372137e+00	   1.3336298e+01	
  -1.8296182e+00	  -3.1681210e+00	   1.3038524e+01	
  -1.9690830e+00	  -3.4219490e+00	   1.2757164e+01	
  -2.1206180e+00	  -3.7006498e+00	   1.2493308e+01	
  -2.2855429e+00	  -4.0063483e+00	   1.2248304e+01	
  -2.4652623e+00	  -4.3413386e+00	   1.2023805e+01	
  -2.6612733e+00	  -4.7080752e+00	   1.1821821e+01	
  -2.8751712e+00	  -5.1091556e+00	   1.1644786e+01	
  -3.1086526e+00	  -5.5472927e+00	   1.1495627e+01	
  -3.3635147e+00	  -6.0252721e+00	   1.1377853e+01	
  -3.6416498e+00	  -6.5458900e+00	   1.1295647e+01	
  -3.9450333e+00	  -7.1118650e+00	   1.1253970e+01	
  -4.2757030e+00	  -7.7257182e+00	   1.1258678e+01	
  -4.6357264e+00	  -8.3896094e+00	   1.1316633e+01	
  -5.0271543e+00	  -9.1051231e+00	   1.1435823e+01	
  -5.4519540e+00	  -9.8729883e+00	   1.1625463e+01	
  -5.9119195e+00	  -1.0692725e+01	   1.1896065e+01	
  -6.4085527e+00	  -1.1562201e+01	   1.2259457e+01	
  -6.9429083e+00	  -1.2477099e+01	   1.2728722e+01	
  -7.5153989e+00	  -1.3430285e+01	   1.3317998e+01	
  -8.1255544e+00	  -1.4411100e+01	   1.4042109e+01	
  -8.7717342e+00	  -1.5404607e+01	   1.4915940e+01	
  -9.4507950e+00	  -1.6390852e+01	   1.5953505e+01	
  -1.0157726e+01	  -1.7344261e+01	   1.7166646e+01	
  -1.0885273e+01	  -1.8233305e+01	   1.8563324e+01	
  -1.1623587e+01	  -1.9020661e+01	   2.0145529e+01	
  -1.2359955e+01	  -1.9664078e+01	   2.1906912e+01	
  -1.3078687e+01	  -2.0118209e+01	   2.3830394e+01	
  -1.3761232e+01	  -2.0337551e+01	   2.5886109e+01	
  -1.4386631e+01	  -2.0280511e+01	   2.8030227e+01	
  -1.4932343e+01	  -1.9914318e+01	   3.0205219e+01	
  -1.5375495e+01	  -1.9220229e+01	   3.2342088e+01	
  -1.5694473e+01	  -1.8198094e+01	   3.4364773e+01	
  -1.5870734e+01	  -1.6869257e+01	   3.6196529e+01	
  -1.5890591e+01	  -1.5276830e+01	   3.7767456e+01	
  -1.5746714e+01	  -1.3482850e+01	   3.9021923e+01	
  -1.5439068e+01	  -1.1562524e+01	   3.9924447e+01	
  -1.4975104e+01	  -9.5965076e+00	   4.0462803e+01	
  -1.4369171e+01	  -7.6626639e+00	   4.0647810e+01	
  -1.3641225e+01	  -5.8288365e+00	   4.0510012e+01	
  -1.2815081e+01	  -4.1478080e+00	   4.0094188e+01	
  -1.1916478e+01	  -2.6549618e+00	   3.9452949e+01	
  -1.0971228e+01	  -1.3685069e+00	   3.8640663e+01	
  -1.0003673e+01	  -2.9163688e-01	   3.7708578e+01	
  -9.0355460e+00	   5.8420354e-01	   3.6701566e+01	
  -8.0852733e+00	   1.2757265e+00	   3.5656459e+01	
  -7.1676811e+00	   1.8044608e+00	   3.4601727e+01	
  -6.2940168e+00	   2.1939979e+00	   3.3558058e+01	
  -5.4721982e+00	   2.4679445e+00	   3.2539475e+01	
  -4.7072003e+00	   2.6485515e+00	   3.1554650e+01	
  -4.0015075e+00	   2.7559111e+00	   3.0608201e+01	
  -3.3555761e+00	   2.8075852e+00	   2.9701848e+01	
  -2.7682743e+00	   2.8185329e+00	   2.8835359e+01	
  -2.2372761e+00	   2.8012292e+00	   2.8007289e+01	
  -1.7594008e+00	   2.7658903e+00	   2.7215520e+01	
  -1.3308966e+00	   2.7207500e+00	   2.6457646e+01	
  -9.4766933e-01	   2.6723462e+00	   2.5731222e+01	
  -6.0546299e-01	   2.6257983e+00	   2.5033919e+01	
  -2.9999776e-01	   2.5850606e+00	   2.4363615e+01	
  -2.7071872e-02	   2.5531477e+00	   2.3718433e+01	
   2.1736600e-01	   2.5323298e+00	   2.3096751e+01	
   4.3716856e-01	   2.5243002e+00	   2.2497197e+01	
   6.3596090e-01	   2.5303156e+00	   2.1918627e+01	
   8.1712646e-01	   2.5513141e+00	   2.1360109e+01	
   9.8380455e-01	   2.5880124e+00	   2.0820898e+01	
   1.1388965e+00	   2.6409856e+00	   2.0300418e+01	
   1.2850783e+00	   2.7107324e+00	   1.9798249e+01	
   1.4248169e+00	   2.7977277e+00	   1.9314111e+01	
   1.5603904e+00	   2.9024650e+00	   1.8847862e+01	
   1.6939096e+00	   3.0254900e+00	   1.8399490e+01	
   1.8273396e+00	   3.1674264e+00	   1.7969118e+01	
   1.9625227e+00	   3.3289969e+00	   1.7557008e+01	
   2.1012001e+00	   3.5110374e+00	   1.7163572e+01	
   2.2450325e+00	   3.7145074e+00	   1.6789386e+01	
   2.3956203e+00	   3.9404959e+00	   1.6435207e+01	
   2.5545216e+00	   4.1902228e+00	   1.6101998e+01	
   2.7232684e+00	   4.4650352e+00	   1.5790955e+01	
   2.9033810e+00	   4.7663995e+00	   1.5503539e+01	
   3.0963799e+00	   5.0958857e+00	   1.5241516e+01	
   3.3037941e+00	   5.4551451e+00	   1.5007001e+01	
   3.5271672e+00	   5.8458773e+00	   1.4802505e+01	
   3.7680581e+00	   6.2697860e+00	   1.4630991e+01	
   4.0280374e+00	   6.7285181e+00	   1.4495933e+01	
   4.3086770e+00	   7.2235851e+00	   1.4401380e+01	
   4.6115325e+00	   7.7562602e+00	   1.4352015e+01	
   4.9381158e+00	   8.3274468e+00	   1.4353219e+01	
   5.2898568e+00	   8.9375138e+00	   1.4411119e+01	
   5.6680500e+00	   9.5860914e+00	   1.4532624e+01	
   6.0737865e+00	   1.0271822e+01	   1.4725429e+01	
   6.5078643e+00	   1.0992067e+01	   1.4997977e+01	
   6.9706789e+00	   1.1742559e+01	   1.5359357e+01	
   7.4620883e+00	   1.2517026e+01	   1.5819115e+01	
   7.9812528e+00	   1.3306772e+01	   1.6386952e+01	
   8.5264517e+00	   1.4100269e+01	   1.7072266e+01	
   9.0948785e+00	   1.4882785e+01	   1.7883532e+01	
   9.6824249e+00	   1.5636108e+01	   1.8827475e+01	
   1.0283468e+01	   1.6338464e+01	   1.9908049e+01	
   1.0890682e+01	   1.6964705e+01	   2.1125236e+01	
   1.1494904e+01	   1.7486904e+01	   2.2473734e+01	
   1.2085092e+01	   1.7875431e+01	   2.3941668e+01	
   1.2648418e+01	   1.8100600e+01	   2.5509492e+01	
   1.3170533e+01	   1.8134867e+01	   2.7149342e+01	
   1.3636041e+01	   1.7955465e+01	   2.8825087e+01	
   1.4029191e+01	   1.7547228e+01	   3.0493325e+01	
   1.4334763e+01	   1.6905219e+01	   3.2105460e+01	
   1.4539094e+01	   1.6036682e+01	   3.3610809e+01	
   1.4631138e+01	   1.4961873e+01	   3.4960477e+01	
   1.4603437e+01	   1.3713420e+01	   3.6111506e+01	
   1.4452867e+01	   1.2334146e+01	   3.7030652e+01	
   1.4181028e+01	   1.0873569e+01	   3.7697167e+01	
   1.3794235e+01	   9.3836182e+00	   3.8104114e+01	
   1.3303079e+01	   7.9142221e+00	   3.8258028e+01	
   1.2721640e+01	   6.5094711e+00	   3.8177093e+01	
   1.2066454e+01	   5.2048518e+00	   3.7888244e+01	
   1.1355380e+01	   4.0258031e+00	   3.7423790e+01	
   1.0606502e+01	   2.9875583e+00	   3.6818091e+01	
   9.8371705e+00	   2.0960265e+00	   3.6104746e+01	
   9.0632587e+00	   1.3493551e+00	   3.5314508e+01	
   8.2986523e+00	   7.3980725e-01	   3.4474010e+01	
   7.5549717e+00	   2.5564826e-01	   3.3605205e+01	
   6.8414909e+00	  -1.1716618e-01	   3.2725369e+01	
   6.1652101e+00	  -3.9361260e-01	   3.1847488e+01	
   5.5310362e+00	  -5.8856526e-01	   3.0980850e+01	
   4.9420288e+00	  -7.1608410e-01	   3.0131723e+01	
   4.3996763e+00	  -7.8897581e-01	   2.9304020e+01	
   3.9041771e+00	  -8.1856825e-01	   2.8499895e+01	
   3.4547077e+00	  -8.1464030e-01	   2.7720242e+01	
   3.0496662e+00	  -7.8545703e-01	   2.6965099e+01	
   2.6868859e+00	  -7.3787070e-01	   2.6233959e+01	
   2.3638172e+00	  -6.7745794e-01	   2.5525990e+01	
   2.0776778e+00	  -6.0867235e-01	   2.4840199e+01	
   1.8255746e+00	  -5.3499874e-01	   2.4175536e+01	
   1.6045990e+00	  -4.5910026e-01	   2.3530965e+01	
   1.4119000e+00	  -3.8295362e-01	   2.2905501e+01	
   1.2447380e+00	  -3.0796987e-01	   2.2298234e+01	
   1.1005229e+00	  -2.3510003e-01	   2.1708332e+01	
   9.7683906e-01	  -1.6492591e-01	   2.1135044e+01	
   8.7146017e-01	  -9.7736929e-02	   2.0577693e+01	
   7.8235565e-01	  -3.3594249e-02	   2.0035671e+01	
   7.0769120e-01	   2.7616516e-02	   1.9508424e+01	
   6.4582472e-01	   8.6142540e-02	   1.8995453e+01	
   5.9529890e-01	   1.4232969e-01	   1.8496300e+01	
   5.5483169e-01	   1.9659586e-01	   1.8010543e+01	
   5.2330545e-01	   2.4941055e-01	   1.7537794e+01	
   4.9975545e-01	   3.0127980e-01	   1.7077688e+01	
   4.8335823e-01	   3.5273542e-01	   1.6629885e+01	
   4.7342027e-01	   4.0432802e-01	   1.6194067e+01	
   4.6936714e-01	   4.5662286e-01	   1.5769933e+01	
   4.7073355e-01	   5.1019836e-01	   1.5357199e+01	
   4.7715414e-01	   5.6564643e-01	   1.4955600e+01	
   4.8835540e-01	   6.2357465e-01	   1.4564885e+01	
   5.0414854e-01	   6.8460964e-01	   1.4184821e+01	
   5.2442351e-01	   7.4940175e-01	   1.3815195e+01	
   5.4914394e-01	   8.1863053e-01	   1.3455809e+01	
   5.7834329e-01	   8.9301129e-01	   1.3106488e+01	
   6.1212192e-01	   9.7330222e-01	   1.2767079e+01	
   6.5064517e-01	   1.0603123e+00	   1.2437455e+01	
   6.9414247e-01	   1.1549102e+00	   1.2117518e+01	
   7.4290729e-01	   1.2580331e+00	   1.1807206e+01	
   7.9729812e-01	   1.3706974e+00	   1.1506492e+01	
   8.5774030e-01	   1.4940087e+00	   1.1215399e+01	
   9.2472869e-01	   1.6291741e+00	   1.0934002e+01	
   9.9883133e-01	   1.7775138e+00	   1.0662441e+01	
   1.0806938e+00	   1.9404743e+00	   1.0400933e+01	
   1.1710447e+00	   2.1196419e+00	   1.0149785e+01	
   1.2707012e+00	   2.3167566e+00	   9.9094145e+00	
   1.3805769e+00	   2.5337270e+00	   9.6803684e+00	
   1.5016882e+00	   2.7726442e+00	   9.4633528e+00	
   1.6351636e+00	   3.0357961e+00	   9.2592630e+00	
   1.7822519e+00	   3.3256803e+00	   9.0692231e+00	
   1.9443312e+00	   3.6450143e+00	   8.8946329e+00	
   2.1229180e+00	   3.9967432e+00	   8.7372239e+00	
   2.3196761e+00	   4.3840412e+00	   8.5991273e+00	
   2.5364235e+00	   4.8103052e+00	   8.4829542e+00	
   2.7751390e+00	   5.2791369e+00	   8.3918911e+00	
   3.0379642e+00	   5.7943079e+00	   8.3298116e+00	
   3.3272017e+00	   6.3597036e+00	   8.3014066e+00	
   3.6453070e+00	   6.9792341e+00	   8.3123331e+00	
   3.9948703e+00	   7.6567059e+00	   8.3693813e+00	
   4.3785851e+00	   8.3956377e+00	   8.4806574e+00	
   4.7991997e+00	   9.1990060e+00	   8.6557749e+00	
   5.2594442e+00	   1.0068901e+01	   8.9060440e+00	
   5.7619274e+00	   1.1006072e+01	   9.2446378e+00	
   6.3089926e+00	   1.2009336e+01	   9.6867054e+00	
   6.9025250e+00	   1.3074838e+01	   1.0249387e+01	
   7.5436980e+00	   1.4195143e+01	   1.0951664e+01	
   8.2326502e+00	   1.5358167e+01	   1.1813964e+01	
   8.9680843e+00	   1.6545989e+01	   1.2857404e+01	
   9.7467889e+00	   1.7733624e+01	   1.4102559e+01	
   1.0563093e+01	   1.8887920e+01	   1.5567626e+01	
   1.1408284e+01	   1.9966814e+01	   1.7265894e+01	
   1.2270039e+01	   2.0919321e+01	   1.9202517e+01	
   1.3131963e+01	   2.1686654e+01	   2.1370741e+01	
   1.3973356e+01	   2.2204959e+01	   2.3747960e+01	
   1.4769344e+01	   2.2409974e+01	   2.6292309e+01	
   1.5491546e+01	   2.2243661e+01	   2.8940718e+01	
   1.6109386e+01	   2.1662328e+01	   3.1609562e+01	
   1.6592078e+01	   2.0645083e+01	   3.4198807e+01	
   1.6911176e+01	   1.9200872e+01	   3.6600009e+01	
   1.7043400e+01	   1.7372101e+01	   3.8707482e+01	
   1.6973306e+01	   1.5233248e+01	   4.0430867e+01	
   1.6695300e+01	   1.2883961e+01	   4.1706479e+01	
   1.6214573e+01	   1.0437657e+01	   4.2504801e+01	
   1.5546733e+01	   8.0079966e+00	   4.2832376e+01	
   1.4716208e+01	   5.6961580e+00	   4.2727896e+01	
   1.3753727e+01	   3.5814624e+00	   4.2253829e+01	
   1.2693378e+01	   1.7166931e+00	   4.1485911e+01	
   1.1569728e+01	   1.2806772e-01	   4.0502910e+01	
   1.0415395e+01	  -1.1812461e+00	   3.9378436e+01	
   9.2592967e+00	  -2.2256496e+00	   3.8175639e+01	
   8.1256226e+00	  -3.0311494e+00	   3.6944760e+01	
   7.0334448e+00	  -3.6299728e+00	   3.5722953e+01	
   5.9968299e+00	  -4.0563192e+00	   3.4535604e+01	
   5.0252810e+00	  -4.3433883e+00	   3.3398390e+01	
   4.1243637e+00	  -4.5215602e+00	   3.2319547e+01	
   3.2963989e+00	  -4.6174801e+00	   3.1301978e+01	
   2.5411449e+00	  -4.6537828e+00	   3.0345027e+01	
   1.8564191e+00	  -4.6492192e+00	   2.9445868e+01	
   1.2386362e+00	  -4.6190100e+00	   2.8600527e+01	
   6.8325632e-01	  -4.5752986e+00	   2.7804590e+01	
   1.8514553e-01	  -4.5276276e+00	   2.7053667e+01	
  -2.6114224e-01	  -4.4833910e+00	   2.6343668e+01	
  -6.6115122e-01	  -4.4482419e+00	   2.5670959e+01	
  -1.0203663e+00	  -4.4264452e+00	   2.5032418e+01	
  -1.3441013e+00	  -4.4211770e+00	   2.4425449e+01	
  -1.6374243e+00	  -4.4347731e+00	   2.3847960e+01	
  -1.9051112e+00	  -4.4689326e+00	   2.3298320e+01	
  -2.1516209e+00	  -4.5248840e+00	   2.2775322e+01	
  -2.3810878e+00	  -4.6035170e+00	   2.2278136e+01	
  -2.5973254e+00	  -4.7054875e+00	   2.1806273e+01	
  -2.8038388e+00	  -4.8312988e+00	   2.1359559e+01	
  -3.0038426e+00	  -4.9813631e+00	   2.0938105e+01	
  -3.2002821e+00	  -5.1560451e+00	   2.0542298e+01	
  -3.3958560e+00	  -5.3556918e+00	   2.0172793e+01	
  -3.5930390e+00	  -5.5806480e+00	   1.9830510e+01	
  -3.7941034e+00	  -5.8312602e+00	   1.9516639e+01	
  -4.0011378e+00	  -6.1078687e+00	   1.9232649e+01	
  -4.2160634e+00	  -6.4107884e+00	   1.8980304e+01	
  -4.4406464e+00	  -6.7402781e+00	   1.8761675e+01	
  -4.6765049e+00	  -7.0964970e+00	   1.8579160e+01	
  -4.9251111e+00	  -7.4794493e+00	   1.8435493e+01	
  -5.1877874e+00	  -7.8889141e+00	   1.8333765e+01	
  -5.4656950e+00	  -8.3243603e+00	   1.8277421e+01	
  -5.7598151e+00	  -8.7848464e+00	   1.8270261e+01	
  -6.0709212e+00	  -9.2689027e+00	   1.8316419e+01	
  -6.3995428e+00	  -9.7743989e+00	   1.8420320e+01	
  -6.7459181e+00	  -1.0298396e+01	   1.8586614e+01	
  -7.1099377e+00	  -1.0836991e+01	   1.8820074e+01	
  -7.4910777e+00	  -1.1385149e+01	   1.9125442e+01	
  -7.8883242e+00	  -1.1936553e+01	   1.9507234e+01	
  -8.3000907e+00	  -1.2483463e+01	   1.9969473e+01	
  -8.7241320e+00	  -1.3016620e+01	   2.0515368e+01	
  -9.1574604e+00	  -1.3525207e+01	   2.1146915e+01	
  -9.5962697e+00	  -1.3996911e+01	   2.1864451e+01	
  -1.0035878e+01	  -1.4418100e+01	   2.2666160e+01	
  -1.0470702e+01	  -1.4774152e+01	   2.3547575e+01	
  -1.0894268e+01	  -1.5049967e+01	   2.4501117e+01	
  -1.1299287e+01	  -1.5230664e+01	   2.5515724e+01	
  -1.1677794e+01	  -1.5302443e+01	   2.6576663e+01	
  -1.2021357e+01	  -1.5253594e+01	   2.7665579e+01	
  -1.2321381e+01	  -1.5075550e+01	   2.8760853e+01	
  -1.2569464e+01	  -1.4763902e+01	   2.9838311e+01	
  -1.2757821e+01	  -1.4319228e+01	   3.0872283e+01	
  -1.2879724e+01	  -1.3747603e+01	   3.1836948e+01	
  -1.2929939e+01	  -1.3060695e+01	   3.2707854e+01	
  -1.2905094e+01	  -1.2275349e+01	   3.3463460e+01	
  -1.2803956e+01	  -1.1412697e+01	   3.4086505e+01	
  -1.2627578e+01	  -1.0496849e+01	   3.4565044e+01	
  -1.2379287e+01	  -9.5533230e+00	   3.4893011e+01	
  -1.2064525e+01	  -8.6073997e+00	   3.5070255e+01	
  -1.1690545e+01	  -7.6826003e+00	   3.5102081e+01	
  -1.1266014e+01	  -6.7994434e+00	   3.4998369e+01	
  -1.0800544e+01	  -5.9745921e+00	   3.4772445e+01	
  -1.0304214e+01	  -5.2204290e+00	   3.4439835e+01	
  -9.7871095e+00	  -4.5450309e+00	   3.4017070e+01	
  -9.2589315e+00	  -3.9524732e+00	   3.3520650e+01	
  -8.7286710e+00	  -3.4433636e+00	   3.2966227e+01	
  -8.2043805e+00	  -3.0155052e+00	   3.2368042e+01	
  -7.6930299e+00	  -2.6645965e+00	   3.1738597e+01	
  -7.2004419e+00	  -2.3849019e+00	   3.1088526e+01	
  -6.7312942e+00	  -2.1698433e+00	   3.0426626e+01	
  -6.2891732e+00	  -2.0124925e+00	   2.9759988e+01	
  -5.8766634e+00	  -1.9059547e+00	   2.9094197e+01	
  -5.4954609e+00	  -1.8436498e+00	   2.8433553e+01	
  -5.1464972e+00	  -1.8195036e+00	   2.7781302e+01	
  -4.8300666e+00	  -1.8280642e+00	   2.7139845e+01	
  -4.5459495e+00	  -1.8645599e+00	   2.6510927e+01	
  -4.2935264e+00	  -1.9249139e+00	   2.5895802e+01	
  -4.0718821e+00	  -2.0057271e+00	   2.5295359e+01	
  -3.8798961e+00	  -2.1042419e+00	   2.4710236e+01	
  -3.7163214e+00	  -2.2182925e+00	   2.4140899e+01	
  -3.5798499e+00	  -2.3462500e+00	   2.3587708e+01	
  -3.4691666e+00	  -2.4869657e+00	   2.3050970e+01	
  -3.3829935e+00	  -2.6397147e+00	   2.2530974e+01	
  -3.3201232e+00	  -2.8041443e+00	   2.2028027e+01	
  -3.2794461e+00	  -2.9802253e+00	   2.1542471e+01	
  -3.2599690e+00	  -3.1682085e+00	   2.1074711e+01	
  -3.2608292e+00	  -3.3685865e+00	   2.0625227e+01	
  -3.2813031e+00	  -3.5820588e+00	   2.0194597e+01	
  -3.3208115e+00	  -3.8095019e+00	   1.9783509e+01	
  -3.3789211e+00	  -4.0519413e+00	   1.9392787e+01	
  -3.4553434e+00	  -4.3105263e+00	   1.9023403e+01	
  -3.5499320e+00	  -4.5865056e+00	   1.8676506e+01	
  -3.6626769e+00	  -4.8812025e+00	   1.8353443e+01	
  -3.7936976e+00	  -5.1959882e+00	   1.8055786e+01	
  -3.9432339e+00	  -5.5322525e+00	   1.7785363e+01	
  -4.1116344e+00	  -5.8913682e+00	   1.7544289e+01	
  -4.2993428e+00	  -6.2746500e+00	   1.7334999e+01	
  -4.5068808e+00	  -6.6833026e+00	   1.7160286e+01	
  -4.7348273e+00	  -7.1183580e+00	   1.7023330e+01	
  -4.9837929e+00	  -7.5805984e+00	   1.6927733e+01	
  -5.2543886e+00	  -8.0704615e+00	   1.6877547e+01	
  -5.5471880e+00	  -8.5879268e+00	   1.6877288e+01	
  -5.8626802e+00	  -9.1323792e+00	   1.6931940e+01	
  -6.2012144e+00	  -9.7024495e+00	   1.7046938e+01	
  -6.5629324e+00	  -1.0295831e+01	   1.7228113e+01	
  -6.9476893e+00	  -1.0909074e+01	   1.7481608e+01	
  -7.3549617e+00	  -1.1537365e+01	   1.7813729e+01	
  -7.7837424e+00	  -1.2174295e+01	   1.8230732e+01	
  -8.2324243e+00	  -1.2811645e+01	   1.8738534e+01	
  -8.6986756e+00	  -1.3439193e+01	   1.9342324e+01	
  -9.1793113e+00	  -1.4044592e+01	   2.0046073e+01	
  -9.6701707e+00	  -1.4613352e+01	   2.0851952e+01	
  -1.0166011e+01	  -1.5128972e+01	   2.1759657e+01	
  -1.0660433e+01	  -1.5573271e+01	   2.2765692e+01	
  -1.1145858e+01	  -1.5926976e+01	   2.3862659e+01	
  -1.1613574e+01	  -1.6170580e+01	   2.5038636e+01	
  -1.2053879e+01	  -1.6285490e+01	   2.6276765e+01	
  -1.2456321e+01	  -1.6255402e+01	   2.7555157e+01	
  -1.2810064e+01	  -1.6067833e+01	   2.8847233e+01	
  -1.3104362e+01	  -1.5715627e+01	   3.0122587e+01	
  -1.3329122e+01	  -1.5198249e+01	   3.1348387e+01	
  -1.3475519e+01	  -1.4522653e+01	   3.2491254e+01	
  -1.3536602e+01	  -1.3703506e+01	   3.3519446e+01	
  -1.3507835e+01	  -1.2762676e+01	   3.4405104e+01	
  -1.3387492e+01	  -1.1727945e+01	   3.5126260e+01	
  -1.3176866e+01	  -1.0631102e+01	   3.5668330e+01	
  -1.2880255e+01	  -9.5056330e+00	   3.6024874e+01	
  -1.2504717e+01	  -8.3843237e+00	   3.6197545e+01	
  -1.2059637e+01	  -7.2970939e+00	   3.6195277e+01	
  -1.1556144e+01	  -6.2693070e+00	   3.6032886e+01	
  -1.1006456e+01	  -5.3207070e+00	   3.5729326e+01	
  -1.0423216e+01	  -4.4650124e+00	   3.5305863e+01	
  -9.8188829e+00	  -3.7100949e+00	   3.4784399e+01	
  -9.2052205e+00	  -3.0586021e+00	   3.4186090e+01	
  -8.5929080e+00	  -2.5088579e+00	   3.3530349e+01	
  -7.9912808e+00	  -2.0558813e+00	   3.2834224e+01	
  -7.4081929e+00	  -1.6923933e+00	   3.2112128e+01	
  -6.8499846e+00	  -1.4097242e+00	   3.1375821e+01	
  -6.3215314e+00	  -1.1985702e+00	   3.0634593e+01	
  -5.8263536e+00	  -1.0495846e+00	   2.9895550e+01	
  -5.3667630e+00	  -9.5380583e-01	   2.9163949e+01	
  -4.9440290e+00	  -9.0294529e-01	   2.8443552e+01	
  -4.5585516e+00	  -8.8955759e-01	   2.7736937e+01	
  -4.2100285e+00	  -9.0712136e-01	   2.7045787e+01	
  -3.8976109e+00	  -9.5005430e-01	   2.6371127e+01	
  -3.6200441e+00	  -1.0136831e+00	   2.5713509e+01	
  -3.3757896e+00	  -1.0941849e+00	   2.5073168e+01	
  -3.1631299e+00	  -1.1885122e+00	   2.4450132e+01	
  -2.9802549e+00	  -1.2943112e+00	   2.3844304e+01	
  -2.8253332e+00	  -1.4098395e+00	   2.3255524e+01	
  -2.6965679e+00	  -1.5338866e+00	   2.2683614e+01	
  -2.5922409e+00	  -1.6657009e+00	   2.2128403e+01	
  -2.5107456e+00	  -1.8049247e+00	   2.1589751e+01	
  -2.4506108e+00	  -1.9515360e+00	   2.1067561e+01	
  -2.4105176e+00	  -2.1057998e+00	   2.0561793e+01	
  -2.3893098e+00	  -2.2682257e+00	   2.0072473e+01	
  -2.3860002e+00	  -2.4395337e+00	   1.9599697e+01	
  -2.3997732e+00	  -2.6206261e+00	   1.9143645e+01	
  -2.4299844e+00	  -2.8125646e+00	   1.8704587e+01	
  -2.4761588e+00	  -3.0165520e+00	   1.8282900e+01	
  -2.5379873e+00	  -3.2339185e+00	   1.7879074e+01	
  -2.6153224e+00	  -3.4661093e+00	   1.7493735e+01	
  -2.7081734e+00	  -3.7146753e+00	   1.7127662e+01	
  -2.8167010e+00	  -3.9812634e+00	   1.6781809e+01	
  -2.9412117e+00	  -4.2676068e+00	   1.6457335e+01	
  -3.0821512e+00	  -4.5755133e+00	   1.6155629e+01	
  -3.2400982e+00	  -4.9068498e+00	   1.5878351e+01	
  -3.4157558e+00	  -5.2635222e+00	   1.5627469e+01	
  -3.6099425e+00	  -5.6474478e+00	   1.5405301e+01	
  -3.8235802e+00	  -6.0605174e+00	   1.5214571e+01	
  -4.0576800e+00	  -6.5045459e+00	   1.5058455e+01	
  -4.3133232e+00	  -6.9812053e+00	   1.4940641e+01	
  -4.5916370e+00	  -7.4919395e+00	   1.4865384e+01	
  -4.8937631e+00	  -8.0378531e+00	   1.4837561e+01	
  -5.2208182e+00	  -8.6195725e+00	   1.4862719e+01	
  -5.5738418e+00	  -9.2370718e+00	   1.4947110e+01	
  -5.9537326e+00	  -9.8894618e+00	   1.5097700e+01	
  -6.3611669e+00	  -1.0574737e+01	   1.5322145e+01	
  -6.7965003e+00	  -1.1289480e+01	   1.5628720e+01	
  -7.2596475e+00	  -1.2028528e+01	   1.6026164e+01	
  -7.7499414e+00	  -1.2784614e+01	   1.6523443e+01	
  -8.2659694e+00	  -1.3547991e+01	   1.7129388e+01	
  -8.8053919e+00	  -1.4306084e+01	   1.7852179e+01	
  -9.3647469e+00	  -1.5043216e+01	   1.8698669e+01	
  -9.9392530e+00	  -1.5740460e+01	   1.9673530e+01	
  -1.0522628e+01	  -1.6375714e+01	   2.0778224e+01	
  -1.1106943e+01	  -1.6924088e+01	   2.2009861e+01	
  -1.1682553e+01	  -1.7358687e+01	   2.3360018e+01	
  -1.2238122e+01	  -1.7651877e+01	   2.4813666e+01	
  -1.2760796e+01	  -1.7777055e+01	   2.6348390e+01	
  -1.3236551e+01	  -1.7710846e+01	   2.7934134e+01	
  -1.3650730e+01	  -1.7435598e+01	   2.9533692e+01	
  -1.3988769e+01	  -1.6941859e+01	   3.1104101e+01	
  -1.4237073e+01	  -1.6230470e+01	   3.2598992e+01	
  -1.4383977e+01	  -1.5313857e+01	   3.3971757e+01	
  -1.4420679e+01	  -1.4216166e+01	   3.5179189e+01	
  -1.4342034e+01	  -1.2972043e+01	   3.6185118e+01	
  -1.4147097e+01	  -1.1624113e+01	   3.6963445e+01	
  -1.3839313e+01	  -1.0219485e+01	   3.7500104e+01	
  -1.3426343e+01	  -8.8057972e+00	   3.7793617e+01	
  -1.2919520e+01	  -7.4274244e+00	   3.7854236e+01	
  -1.2333035e+01	  -6.1223731e+00	   3.7701892e+01	
  -1.1682950e+01	  -4.9202398e+00	   3.7363395e+01	
  -1.0986167e+01	  -3.8413409e+00	   3.6869391e+01	
  -1.0259472e+01	  -2.8969139e+00	   3.6251518e+01	
  -9.5187182e+00	  -2.0901335e+00	   3.5540090e+01	
  -8.7782250e+00	  -1.4176224e+00	   3.4762464e+01	
  -8.0503786e+00	  -8.7115085e-01	   3.3942091e+01	
  -7.3454358e+00	  -4.3928609e-01	   3.3098169e+01	
  -6.6714940e+00	  -1.0883379e-01	   3.2245745e+01	
  -6.0345873e+00	   1.3400462e-01	   3.1396106e+01	
  -5.4388688e+00	   3.0277424e-01	   3.0557332e+01	
  -4.8868446e+00	   4.1018392e-01	   2.9734897e+01	
  -4.3796281e+00	   4.6775299e-01	   2.8932245e+01	
  -3.9171959e+00	   4.8563582e-01	   2.8151309e+01	
  -3.4986288e+00	   4.7257530e-01	   2.7392934e+01	
  -3.1223299e+00	   4.3594336e-01	   2.6657225e+01	
  -2.7862155e+00	   3.8183575e-01	   2.5943809e+01	
  -2.4878768e+00	   3.1519630e-01	   2.5252026e+01	
  -2.2247141e+00	   2.3995359e-01	   2.4581067e+01	
  -1.9940445e+00	   1.5915821e-01	   2.3930068e+01	
  -1.7931875e+00	   7.5113602e-02	   2.3298167e+01	
  -1.6195296e+00	  -1.0504071e-02	   2.2684540e+01	
  -1.4705726e+00	  -9.6538745e-02	   2.2088420e+01	
  -1.3439672e+00	  -1.8226089e-01	   2.1509107e+01	
  -1.2375356e+00	  -2.6728724e-01	   2.0945966e+01	
  -1.1492848e+00	  -3.5151303e-01	   2.0398424e+01	
  -1.0774125e+00	  -4.3505580e-01	   1.9865968e+01	
  -1.0203083e+00	  -5.1820950e-01	   1.9348135e+01	
  -9.7654951e-01	  -6.0140766e-01	   1.8844511e+01	
  -9.4489610e-01	  -6.8519462e-01	   1.8354722e+01	
  -9.2428207e-01	  -7.7020354e-01	   1.7878435e+01	
  -9.1380680e-01	  -8.5714033e-01	   1.7415349e+01	
  -9.1272560e-01	  -9.4677256e-01	   1.6965199e+01	
  -9.2044036e-01	  -1.0399226e+00	   1.6527749e+01	
  -9.3649067e-01	  -1.1374643e+00	   1.6102801e+01	
  -9.6054556e-01	  -1.2403226e+00	   1.5690188e+01	
  -9.9239613e-01	  -1.3494759e+00	   1.5289783e+01	
  -1.0319492e+00	  -1.4659600e+00	   1.4901496e+01	
  -1.0792220e+00	  -1.5908743e+00	   1.4525286e+01	
  -1.1343382e+00	  -1.7253895e+00	   1.4161165e+01	
  -1.1975250e+00	  -1.8707560e+00	   1.3809202e+01	
  -1.2691109e+00	  -2.0283137e+00	   1.3469539e+01	
  -1.3495256e+00	  -2.1995028e+00	   1.3142399e+01	
  -1.4393004e+00	  -2.3858747e+00	   1.2828101e+01	
  -1.5390692e+00	  -2.5891033e+00	   1.2527079e+01	
  -1.6495715e+00	  -2.8109967e+00	   1.2239901e+01	
  -1.7716554e+00	  -3.0535077e+00	   1.1967296e+01	
  -1.9062814e+00	  -3.3187443e+00	   1.1710182e+01	
  -2.0545271e+00	  -3.6089771e+00	   1.1469705e+01	
  -2.2175919e+00	  -3.9266448e+00	   1.1247280e+01	
  -2.3968010e+00	  -4.2743553e+00	   1.1044641e+01	
  -2.5936099e+00	  -4.6548802e+00	   1.0863903e+01	
  -2.8096066e+00	  -5.0711415e+00	   1.0707630e+01	
  -3.0465126e+00	  -5.5261851e+00	   1.0578917e+01	
  -3.3061796e+00	  -6.0231399e+00	   1.0481488e+01	
  -3.5905823e+00	  -6.5651537e+00	   1.0419795e+01	
  -3.9018047e+00	  -7.1553019e+00	   1.0399143e+01	
  -4.2420162e+00	  -7.7964585e+00	   1.0425817e+01	
  -4.6134370e+00	  -8.4911201e+00	   1.0507220e+01	
  -5.0182858e+00	  -9.2411704e+00	   1.0652003e+01	
  -5.4587078e+00	  -1.0047571e+01	   1.0870191e+01	
  -5.9366752e+00	  -1.0909967e+01	   1.1173274e+01	
  -6.4538552e+00	  -1.1826185e+01	   1.1574238e+01	
  -7.0114379e+00	  -1.2791629e+01	   1.2087502e+01	
  -7.6099164e+00	  -1.3798559e+01	   1.2728710e+01	
  -8.2488158e+00	  -1.4835275e+01	   1.3514312e+01	
  -8.9263662e+00	  -1.5885244e+01	   1.4460854e+01	
  -9.6391237e+00	  -1.6926245e+01	   1.5583909e+01	
  -1.0381554e+01	  -1.7929670e+01	   1.6896559e+01	
  -1.1145599e+01	  -1.8860153e+01	   1.8407405e+01	
  -1.1920284e+01	  -1.9675786e+01	   2.0118118e+01	
  -1.2691411e+01	  -2.0329207e+01	   2.2020689e+01	
  -1.3441449e+01	  -2.0769835e+01	   2.4094656e+01	
  -1.4149705e+01	  -2.0947447e+01	   2.6304813e+01	
  -1.4792886e+01	  -2.0817054e+01	   2.8600030e+01	
  -1.5346120e+01	  -2.0344729e+01	   3.0913898e+01	
  -1.5784454e+01	  -1.9513593e+01	   3.3167766e+01	
  -1.6084738e+01	  -1.8328830e+01	   3.5276386e+01	
  -1.6227708e+01	  -1.6820449e+01	   3.7155718e+01	
  -1.6199984e+01	  -1.5042723e+01	   3.8731811e+01	
  -1.5995636e+01	  -1.3069909e+01	   3.9949115e+01	
  -1.5617040e+01	  -1.0988727e+01	   4.0776484e+01	
  -1.5074824e+01	  -8.8889966e+00	   4.1209603e+01	
  -1.4386919e+01	  -6.8542452e+00	   4.1269438e+01	
  -1.3576873e+01	  -4.9540958e+00	   4.0997293e+01	
  -1.2671744e+01	  -3.2395687e+00	   4.0447819e+01	
  -1.1699901e+01	  -1.7416281e+00	   3.9681541e+01	
  -1.0689033e+01	  -4.7252114e-01	   3.8758272e+01	
  -9.6645801e+00	   5.7099861e-01	   3.7732240e+01	
  -8.6486676e+00	   1.4035776e+00	   3.6649189e+01	
  -7.6595380e+00	   2.0471499e+00	   3.5545276e+01	
  -6.7114054e+00	   2.5273641e+00	   3.4447299e+01	
  -5.8146261e+00	   2.8708140e+00	   3.3373780e+01	
  -4.9760757e+00	   3.1031110e+00	   3.2336444e+01	
  -4.1996362e+00	   3.2476971e+00	   3.1341785e+01	
  -3.4867208e+00	   3.3252393e+00	   3.0392494e+01	
  -2.8367847e+00	   3.3534386e+00	   2.9488676e+01	
  -2.2477916e+00	   3.3471076e+00	   2.8628801e+01	
  -1.7166198e+00	   3.3184049e+00	   2.7810420e+01	
  -1.2394039e+00	   3.2771452e+00	   2.7030662e+01	
  -8.1181210e-01	   3.2311342e+00	   2.6286578e+01	
  -4.2926583e-01	   3.1864944e+00	   2.5575346e+01	
  -8.7108881e-02	   3.1479653e+00	   2.4894394e+01	
   2.1926701e-01	   3.1191709e+00	   2.4241460e+01	
   4.9433194e-01	   3.1028510e+00	   2.3614603e+01	
   7.4235668e-01	   3.1010579e+00	   2.3012202e+01	
   9.6737445e-01	   3.1153222e+00	   2.2432933e+01	
   1.1731607e+00	   3.1467903e+00	   2.1875744e+01	
   1.3632269e+00	   3.1963376e+00	   2.1339830e+01	
   1.5408242e+00	   3.2646604e+00	   2.0824607e+01	
   1.7089551e+00	   3.3523512e+00	   2.0329696e+01	
   1.8703902e+00	   3.4599577e+00	   1.9854904e+01	
   2.0276884e+00	   3.5880298e+00	   1.9400223e+01	
   2.1832190e+00	   3.7371559e+00	   1.8965819e+01	
   2.3391846e+00	   3.9079894e+00	   1.8552039e+01	
   2.4976447e+00	   4.1012678e+00	   1.8159417e+01	
   2.6605372e+00	   4.3178239e+00	   1.7788687e+01	
   2.8296998e+00	   4.5585906e+00	   1.7440797e+01	
   3.0068890e+00	   4.8245989e+00	   1.7116939e+01	
   3.1937964e+00	   5.1169684e+00	   1.6818567e+01	
   3.3920631e+00	   5.4368908e+00	   1.6547437e+01	
   3.6032896e+00	   5.7856039e+00	   1.6305639e+01	
   3.8290430e+00	   6.1643553e+00	   1.6095636e+01	
   4.0708583e+00	   6.5743540e+00	   1.5920312e+01	
   4.3302353e+00	   7.0167065e+00	   1.5783016e+01	
   4.6086282e+00	   7.4923355e+00	   1.5687607e+01	
   4.9074274e+00	   8.0018768e+00	   1.5638499e+01	
   5.2279328e+00	   8.5455512e+00	   1.5640696e+01	
   5.5713152e+00	   9.1230082e+00	   1.5699816e+01	
   5.9385656e+00	   9.7331371e+00	   1.5822095e+01	
   6.3304294e+00	   1.0373845e+01	   1.6014355e+01	
   6.7473239e+00	   1.1041801e+01	   1.6283934e+01	
   7.1892386e+00	   1.1732148e+01	   1.6638548e+01	
   7.6556153e+00	   1.2438195e+01	   1.7086075e+01	
   8.1452111e+00	   1.3151106e+01	   1.7634241e+01	
   8.6559446e+00	   1.3859608e+01	   1.8290179e+01	
   9.1847322e+00	   1.4549759e+01	   1.9059850e+01	
   9.7273221e+00	   1.5204829e+01	   1.9947326e+01	
   1.0278142e+01	   1.5805363e+01	   2.0953926e+01	
   1.0830179e+01	   1.6329492e+01	   2.2077265e+01	
   1.1374913e+01	   1.6753570e+01	   2.3310259e+01	
   1.1902337e+01	   1.7053201e+01	   2.4640215e+01	
   1.2401098e+01	   1.7204670e+01	   2.6048151e+01	
   1.2858769e+01	   1.7186747e+01	   2.7508509e+01	
   1.3262289e+01	   1.6982741e+01	   2.8989460e+01	
   1.3598555e+01	   1.6582595e+01	   3.0453926e+01	
   1.3855152e+01	   1.5984731e+01	   3.1861386e+01	
   1.4021163e+01	   1.5197316e+01	   3.3170382e+01	
   1.4087974e+01	   1.4238643e+01	   3.4341494e+01	
   1.4050000e+01	   1.3136438e+01	   3.5340424e+01	
   1.3905215e+01	   1.1926078e+01	   3.6140740e+01	
   1.3655415e+01	   1.0647903e+01	   3.6725851e+01	
   1.3306176e+01	   9.3440036e+00	   3.7089915e+01	
   1.2866498e+01	   8.0549412e+00	   3.7237573e+01	
   1.2348195e+01	   6.8168811e+00	   3.7182621e+01	
   1.1765094e+01	   5.6594764e+00	   3.6945904e+01	
   1.1132162e+01	   4.6046876e+00	   3.6552834e+01	
   1.0464647e+01	   3.6665308e+00	   3.6030899e+01	
   9.7773129e+00	   2.8516021e+00	   3.5407493e+01	
   9.0838293e+00	   2.1601429e+00	   3.4708234e+01	
   8.3963349e+00	   1.5873927e+00	   3.3955859e+01	
   7.7251755e+00	   1.1250055e+00	   3.3169643e+01	
   7.0787990e+00	   7.6236952e-01	   3.2365264e+01	
   6.4637760e+00	   4.8772878e-01	   3.1554977e+01	
   5.8849145e+00	   2.8906647e-01	   3.0747990e+01	
   5.3454360e+00	   1.5474948e-01	   2.9950938e+01	
   4.8471847e+00	   7.3959625e-02	   2.9168368e+01	
   4.3908507e+00	   3.6949529e-02	   2.8403211e+01	
   3.9761875e+00	   3.5163621e-02	   2.7657181e+01	
   3.6022170e+00	   6.1261875e-02	   2.6931122e+01	
   3.2674132e+00	   1.0907781e-01	   2.6225270e+01	
   2.9698616e+00	   1.7353572e-01	   2.5539466e+01	
   2.7073957e+00	   2.5054568e-01	   2.4873310e+01	
   2.4777092e+00	   3.3688965e-01	   2.4226264e+01	
   2.2784462e+00	   4.3010745e-01	   2.3597735e+01	
   2.1072733e+00	   5.2838844e-01	   2.2987119e+01	
   1.9619344e+00	   6.3047223e-01	   2.2393837e+01	
   1.8402909e+00	   7.3556007e-01	   2.1817348e+01	
   1.7403510e+00	   8.4323754e-01	   2.1257163e+01	
   1.6602887e+00	   9.5340845e-01	   2.0712847e+01	
   1.5984559e+00	   1.0662393e+00	   2.0184019e+01	
   1.5533880e+00	   1.1821137e+00	   1.9670353e+01	
   1.5238052e+00	   1.3015953e+00	   1.9171577e+01	
   1.5086105e+00	   1.4253987e+00	   1.8687473e+01	
   1.5068861e+00	   1.5543677e+00	   1.8217874e+01	
   1.5178868e+00	   1.6894587e+00	   1.7762671e+01	
   1.5410349e+00	   1.8317295e+00	   1.7321812e+01	
   1.5759126e+00	   1.9823329e+00	   1.6895311e+01	
   1.6222561e+00	   2.1425131e+00	   1.6483249e+01	
   1.6799495e+00	   2.3136055e+00	   1.6085786e+01	
   1.7490195e+00	   2.4970385e+00	   1.5703175e+01	
   1.8296308e+00	   2.6943374e+00	   1.5335768e+01	
   1.9220825e+00	   2.9071288e+00	   1.4984040e+01	
   2.0268052e+00	   3.1371458e+00	   1.4648604e+01	
   2.1443587e+00	   3.3862334e+00	   1.4330237e+01	
   2.2754306e+00	   3.6563516e+00	   1.4029908e+01	
   2.4208354e+00	   3.9495779e+00	   1.3748810e+01	
   2.5815134e+00	   4.2681058e+00	   1.3488398e+01	
   2.7585295e+00	   4.6142388e+00	   1.3250437e+01	
   2.9530713e+00	   4.9903779e+00	   1.3037052e+01	
   3.1664459e+00	   5.3989996e+00	   1.2850792e+01	
   3.4000738e+00	   5.8426233e+00	   1.2694691e+01	
   3.6554804e+00	   6.3237608e+00	   1.2572352e+01	
   3.9342820e+00	   6.8448478e+00	   1.2488028e+01	
   4.2381650e+00	   7.4081473e+00	   1.2446712e+01	
   4.5688578e+00	   8.0156213e+00	   1.2454233e+01	
   4.9280893e+00	   8.6687617e+00	   1.2517346e+01	
   5.3175350e+00	   9.3683715e+00	   1.2643813e+01	
   5.7387427e+00	   1.0114288e+01	   1.2842469e+01	
   6.1930373e+00	   1.0905042e+01	   1.3123236e+01	
   6.6813979e+00	   1.1737436e+01	   1.3497094e+01	
   7.2043034e+00	   1.2606061e+01	   1.3975939e+01	
   7.7615428e+00	   1.3502739e+01	   1.4572326e+01	
   8.3519891e+00	   1.4415924e+01	   1.5299025e+01	
   8.9733361e+00	   1.5330098e+01	   1.6168358e+01	
   9.6218064e+00	   1.6225239e+01	   1.7191251e+01	
   1.0291843e+01	   1.7076461e+01	   1.8375988e+01	
   1.0975810e+01	   1.7853954e+01	   1.9726647e+01	
   1.1663740e+01	   1.8523418e+01	   2.1241287e+01	
   1.2343171e+01	   1.9047148e+01	   2.2910005e+01	
   1.2999149e+01	   1.9385940e+01	   2.4713110e+01	
   1.3614449e+01	   1.9501878e+01	   2.6619759e+01	
   1.4170083e+01	   1.9361932e+01	   2.8587464e+01	
   1.4646126e+01	   1.8942052e+01	   3.0562908e+01	
   1.5022863e+01	   1.8231232e+01	   3.2484388e+01	
   1.5282177e+01	   1.7234796e+01	   3.4285920e+01	
   1.5409046e+01	   1.5976123e+01	   3.5902721e+01	
   1.5392971e+01	   1.4496185e+01	   3.7277309e+01	
   1.5229092e+01	   1.2850657e+01	   3.8365236e+01	
   1.4918826e+01	   1.1104901e+01	   3.9139367e+01	
   1.4469889e+01	   9.3276298e+00	   3.9591889e+01	
   1.3895699e+01	   7.5843948e+00	   3.9733743e+01	
   1.3214249e+01	   5.9319919e+00	   3.9591730e+01	
   1.2446638e+01	   4.4146282e+00	   3.9204042e+01	
   1.1615478e+01	   3.0621809e+00	   3.8615168e+01	
   1.0743379e+01	   1.8904151e+00	   3.7871087e+01	
   9.8516816e+00	   9.0268641e-01	   3.7015389e+01	
   8.9595183e+00	   9.2510786e-02	   3.6086626e+01	
   8.0832219e+00	  -5.5358341e-01	   3.5116911e+01	
   7.2360619e+00	  -1.0533635e+00	   3.4131548e+01	
   6.4282398e+00	  -1.4266280e+00	   3.3149408e+01	
   5.6670763e+00	  -1.6934774e+00	   3.2183747e+01	
   4.9573183e+00	  -1.8731144e+00	   3.1243224e+01	
   4.3015088e+00	  -1.9831016e+00	   3.0332931e+01	
   3.7003734e+00	  -2.0389777e+00	   2.9455330e+01	
   3.1531938e+00	  -2.0541329e+00	   2.8611053e+01	
   2.6581483e+00	  -2.0398559e+00	   2.7799526e+01	
   2.2126100e+00	  -2.0054858e+00	   2.7019451e+01	
   1.8133994e+00	  -1.9586189e+00	   2.6269144e+01	
   1.4569918e+00	  -1.9053362e+00	   2.5546779e+01	
   1.1396833e+00	  -1.8504305e+00	   2.4850533e+01	
   8.5772010e-01	  -1.7976202e+00	   2.4178688e+01	
   6.0739559e-01	  -1.7497429e+00	   2.3529670e+01	
   3.8512158e-01	  -1.7089270e+00	   2.2902078e+01	
   1.8747699e-01	  -1.6767404e+00	   2.2294681e+01	
   1.1238999e-02	  -1.6543169e+00	   2.1706411e+01	
  -1.4659983e-01	  -1.6424635e+00	   2.1136351e+01	
  -2.8882543e-01	  -1.6417501e+00	   2.0583714e+01	
  -4.1800443e-01	  -1.6525837e+00	   2.0047832e+01	
  -5.3649255e-01	  -1.6752693e+00	   1.9528139e+01	
  -6.4644754e-01	  -1.7100603e+00	   1.9024162e+01	
  -7.4984505e-01	  -1.7571987e+00	   1.8535509e+01	
  -8.4849664e-01	  -1.8169490e+00	   1.8061861e+01	
  -9.4406878e-01	  -1.8896242e+00	   1.7602972e+01	
  -1.0381024e+00	  -1.9756084e+00	   1.7158667e+01	
  -1.1320326e+00	  -2.0753742e+00	   1.6728838e+01	
  -1.2272076e+00	  -2.1894980e+00	   1.6313452e+01	
  -1.3249080e+00	  -2.3186719e+00	   1.5912556e+01	
  -1.4263640e+00	  -2.4637146e+00	   1.5526283e+01	
  -1.5327735e+00	  -2.6255804e+00	   1.5154865e+01	
  -1.6453181e+00	  -2.8053672e+00	   1.4798646e+01	
  -1.7651783e+00	  -3.0043233e+00	   1.4458099e+01	
  -1.8935490e+00	  -3.2238526e+00	   1.4133846e+01	
  -2.0316524e+00	  -3.4655194e+00	   1.3826682e+01	
  -2.1807512e+00	  -3.7310499e+00	   1.3537608e+01	
  -2.3421601e+00	  -4.0223319e+00	   1.3267863e+01	
  -2.5172558e+00	  -4.3414109e+00	   1.3018965e+01	
  -2.7074862e+00	  -4.6904800e+00	   1.2792763e+01	
  -2.9143764e+00	  -5.0718635e+00	   1.2591487e+01	
  -3.1395329e+00	  -5.4879907e+00	   1.2417818e+01	
  -3.3846442e+00	  -5.9413568e+00	   1.2274960e+01	
  -3.6514763e+00	  -6.4344664e+00	   1.2166720e+01	
  -3.9418632e+00	  -6.9697553e+00	   1.2097601e+01	
  -4.2576885e+00	  -7.5494843e+00	   1.2072899e+01	
  -4.6008576e+00	  -8.1755960e+00	   1.2098802e+01	
  -4.9732566e+00	  -8.8495284e+00	   1.2182492e+01	
  -5.3766954e+00	  -9.5719744e+00	   1.2332229e+01	
  -5.8128291e+00	  -1.0342576e+01	   1.2557413e+01	
  -6.2830557e+00	  -1.1159549e+01	   1.2868604e+01	
  -6.7883833e+00	  -1.2019226e+01	   1.3277472e+01	
  -7.3292622e+00	  -1.2915517e+01	   1.3796635e+01	
  -7.9053795e+00	  -1.3839314e+01	   1.4439363e+01	
  -8.5154127e+00	  -1.4777833e+01	   1.5219064e+01	
  -9.1567448e+00	  -1.5713979e+01	   1.6148533e+01	
  -9.8251498e+00	  -1.6625796e+01	   1.7238883e+01	
  -1.0514464e+01	  -1.7486119e+01	   1.8498145e+01	
  -1.1216272e+01	  -1.8262603e+01	   1.9929535e+01	
  -1.1919652e+01	  -1.8918302e+01	   2.1529462e+01	
  -1.2611034e+01	  -1.9413017e+01	   2.3285445e+01	
  -1.3274243e+01	  -1.9705536e+01	   2.5174229e+01	
  -1.3890799e+01	  -1.9756851e+01	   2.7160485e+01	
  -1.4440535e+01	  -1.9534184e+01	   2.9196583e+01	
  -1.4902567e+01	  -1.9015444e+01	   3.1223880e+01	
  -1.5256585e+01	  -1.8193456e+01	   3.3175815e+01	
  -1.5484386e+01	  -1.7079118e+01	   3.4982779e+01	
  -1.5571470e+01	  -1.5702650e+01	   3.6578281e+01	
  -1.5508487e+01	  -1.4112337e+01	   3.7905512e+01	
  -1.5292299e+01	  -1.2370669e+01	   3.8923152e+01	
  -1.4926467e+01	  -1.0548388e+01	   3.9609276e+01	
  -1.4421061e+01	  -8.7174816e+00	   3.9962621e+01	
  -1.3791823e+01	  -6.9443731e+00	   4.0001078e+01	
  -1.3058823e+01	  -5.2844914e+00	   3.9757885e+01	
  -1.2244819e+01	  -3.7789300e+00	   3.9276451e+01	
  -1.1373570e+01	  -2.4533863e+00	   3.8604887e+01	
  -1.0468303e+01	  -1.3190724e+00	   3.7791140e+01	
  -9.5504903e+00	  -3.7499029e-01	   3.6879312e+01	
  -8.6389948e+00	   3.8911157e-01	   3.5907357e+01	
  -7.7495838e+00	   9.8969140e-01	   3.4906061e+01	
  -6.8947705e+00	   1.4466855e+00	   3.3899025e+01	
  -6.0839029e+00	   1.7813137e+00	   3.2903316e+01	
  -5.3234252e+00	   2.0144769e+00	   3.1930473e+01	
  -4.6172394e+00	   2.1657026e+00	   3.0987637e+01	
  -3.9671101e+00	   2.2525397e+00	   3.0078628e+01	
  -3.3730718e+00	   2.2902927e+00	   2.9204892e+01	
  -2.8338097e+00	   2.2919883e+00	   2.8366274e+01	
  -2.3470006e+00	   2.2684914e+00	   2.7561619e+01	
  -1.9096048e+00	   2.2287043e+00	   2.6789207e+01	
  -1.5181105e+00	   2.1798043e+00	   2.6047067e+01	
  -1.1687303e+00	   2.1274904e+00	   2.5333180e+01	
  -8.5755689e-01	   2.0762203e+00	   2.4645611e+01	
  -5.8068151e-01	   2.0294292e+00	   2.3982573e+01	
  -3.3428215e-01	   1.9897234e+00	   2.3342472e+01	
  -1.1468552e-01	   1.9590509e+00	   2.2723905e+01	
   8.1591566e-02	   1.9388463e+00	   2.2125664e+01	
   2.5781759e-01	   1.9301541e+00	   2.1546717e+01	
   4.1703481e-01	   1.9337327e+00	   2.0986193e+01	
   5.6205780e-01	   1.9501395e+00	   2.0443361e+01	
   6.9547957e-01	   1.9798025e+00	   1.9917621e+01	
   8.1968321e-01	   2.0230780e+00	   1.9408481e+01	
   9.3685744e-01	   2.0802982e+00	   1.8915554e+01	
   1.0490147e+00	   2.1518099e+00	   1.8438548e+01	
   1.1580111e+00	   2.2380052e+00	   1.7977258e+01	
   1.2655663e+00	   2.3393470e+00	   1.7531570e+01	
   1.3732849e+00	   2.4563898e+00	   1.7101460e+01	
   1.4826767e+00	   2.5897953e+00	   1.6686999e+01	
   1.5951763e+00	   2.7403467e+00	   1.6288359e+01	
   1.7121630e+00	   2.9089589e+00	   1.5905829e+01	
   1.8349782e+00	   3.0966873e+00	   1.5539822e+01	
   1.9649436e+00	   3.3047340e+00	   1.5190898e+01	
   2.1033763e+00	   3.5344524e+00	   1.4859785e+01	
   2.2516047e+00	   3.7873489e+00	   1.4547404e+01	
   2.4109813e+00	   4.0650818e+00	   1.4254899e+01	
   2.5828949e+00	   4.3694564e+00	   1.3983676e+01	
   2.7687806e+00	   4.7024155e+00	   1.3735445e+01	
   2.9701280e+00	   5.0660223e+00	   1.3512270e+01	
   3.1884860e+00	   5.4624356e+00	   1.3316624e+01	
   3.4254647e+00	   5.8938726e+00	   1.3151457e+01	
   3.6827330e+00	   6.3625574e+00	   1.3020262e+01	
   3.9620098e+00	   6.8706493e+00	   1.2927161e+01	
   4.2650493e+00	   7.4201471e+00	   1.2876982e+01	
   4.5936161e+00	   8.0127622e+00	   1.2875350e+01	
   4.9494495e+00	   8.6497534e+00	   1.2928770e+01	
   5.3342125e+00	   9.3317164e+00	   1.3044696e+01	
   5.7494244e+00	   1.0058318e+01	   1.3231590e+01	
   6.1963700e+00	   1.0827972e+01	   1.3498930e+01	
   6.6759848e+00	   1.1637442e+01	   1.3857166e+01	
   7.1887092e+00	   1.2481388e+01	   1.4317592e+01	
   7.7343109e+00	   1.3351844e+01	   1.4892083e+01	
   8.3116722e+00	   1.4237664e+01	   1.5592678e+01	
   8.9185448e+00	   1.5123968e+01	   1.6430949e+01	
   9.5512775e+00	   1.5991656e+01	   1.7417110e+01	
   1.0204531e+01	   1.6817081e+01	   1.8558861e+01	
   1.0870999e+01	   1.7572010e+01	   1.9859934e+01	
   1.1541180e+01	   1.8224030e+01	   2.1318414e+01	
   1.2203223e+01	   1.8737554e+01	   2.2924956e+01	
   1.2842936e+01	   1.9075572e+01	   2.4661100e+01	
   1.3443986e+01	   1.9202207e+01	   2.6497996e+01	
   1.3988365e+01	   1.9086008e+01	   2.8395933e+01	
   1.4457152e+01	   1.8703716e+01	   3.0305031e+01	
   1.4831561e+01	   1.8044015e+01	   3.2167406e+01	
   1.5094229e+01	   1.7110633e+01	   3.3920869e+01	
   1.5230598e+01	   1.5924056e+01	   3.5503881e+01	
   1.5230261e+01	   1.4521301e+01	   3.6861168e+01	
   1.5088029e+01	   1.2953466e+01	   3.7949070e+01	
   1.4804580e+01	   1.1281309e+01	   3.8739674e+01	
   1.4386548e+01	   9.5695154e+00	   3.9222951e+01	
   1.3846035e+01	   7.8806617e+00	   3.9406551e+01	
   1.3199623e+01	   6.2698924e+00	   3.9313432e+01	
   1.2467043e+01	   4.7811018e+00	   3.8977919e+01	
   1.1669698e+01	   3.4449999e+00	   3.8441070e+01	
   1.0829224e+01	   2.2790065e+00	   3.7746152e+01	
   9.9662652e+00	   1.2885909e+00	   3.6934880e+01	
   9.0995313e+00	   4.6951338e-01	   3.6044743e+01	
   8.2451836e+00	  -1.8957085e-01	   3.5107476e+01	
   7.4165260e+00	  -7.0457661e-01	   3.4148514e+01	
   6.6239508e+00	  -1.0937970e+00	   3.3187199e+01	
   5.8750773e+00	  -1.3761842e+00	   3.2237444e+01	
   5.1750159e+00	  -1.5701188e+00	   3.1308634e+01	
   4.5267026e+00	  -1.6926167e+00	   3.0406574e+01	
   3.9312600e+00	  -1.7588869e+00	   2.9534383e+01	
   3.3883521e+00	  -1.7821518e+00	   2.8693261e+01	
   2.8965130e+00	  -1.7736465e+00	   2.7883109e+01	
   2.4534391e+00	  -1.7427314e+00	   2.7103012e+01	
   2.0562392e+00	  -1.6970689e+00	   2.6351592e+01	
   1.7016417e+00	  -1.6428284e+00	   2.5627253e+01	
   1.3861630e+00	  -1.5848972e+00	   2.4928350e+01	
   1.1062396e+00	  -1.5270829e+00	   2.4253287e+01	
   8.5832961e-01	  -1.4723003e+00	   2.3600583e+01	
   6.3898694e-01	  -1.4227375e+00	   2.2968892e+01	
   4.4491454e-01	  -1.3800014e+00	   2.2357018e+01	
   2.7299909e-01	  -1.3452436e+00	   2.1763910e+01	
   1.2033167e-01	  -1.3192662e+00	   2.1188646e+01	
  -1.5782946e-02	  -1.3026111e+00	   2.0630425e+01	
  -1.3782554e-01	  -1.2956345e+00	   2.0088551e+01	
  -2.4806827e-01	  -1.2985682e+00	   1.9562419e+01	
  -3.4858515e-01	  -1.3115695e+00	   1.9051502e+01	
  -4.4126588e-01	  -1.3347624e+00	   1.8555341e+01	
  -5.2783191e-01	  -1.3682704e+00	   1.8073540e+01	
  -6.0985370e-01	  -1.4122438e+00	   1.7605758e+01	
  -6.8876875e-01	  -1.4668810e+00	   1.7151703e+01	
  -7.6589969e-01	  -1.5324462e+00	   1.6711135e+01	
  -8.4247224e-01	  -1.6092845e+00	   1.6283861e+01	
  -9.1963271e-01	  -1.6978334e+00	   1.5869739e+01	
  -9.9846487e-01	  -1.7986340e+00	   1.5468683e+01	
  -1.0800062e+00	  -1.9123399e+00	   1.5080661e+01	
  -1.1652636e+00	  -2.0397259e+00	   1.4705711e+01	
  -1.2552278e+00	  -2.1816961e+00	   1.4343943e+01	
  -1.3508881e+00	  -2.3392919e+00	   1.3995552e+01	
  -1.4532456e+00	  -2.5136994e+00	   1.3660832e+01	
  -1.5633263e+00	  -2.7062568e+00	   1.3340192e+01	
  -1.6821936e+00	  -2.9184620e+00	   1.3034176e+01	
  -1.8109602e+00	  -3.1519786e+00	   1.2743488e+01	
  -1.9507996e+00	  -3.4086419e+00	   1.2469017e+01	
  -2.1029565e+00	  -3.6904620e+00	   1.2211877e+01	
  -2.2687572e+00	  -3.9996254e+00	   1.1973441e+01	
  -2.4496182e+00	  -4.3384916e+00	   1.1755395e+01	
  -2.6470536e+00	  -4.7095844e+00	   1.1559791e+01	
  -2.8626812e+00	  -5.1155747e+00	   1.1389111e+01	
  -3.0982247e+00	  -5.5592526e+00	   1.1246347e+01	
  -3.3555138e+00	  -6.0434835e+00	   1.1135086e+01	
  -3.6364774e+00	  -6.5711451e+00	   1.1059608e+01	
  -3.9431322e+00	  -7.1450366e+00	   1.1024996e+01	
  -4.2775605e+00	  -7.7677547e+00	   1.1037251e+01	
  -4.6418771e+00	  -8.4415251e+00	   1.1103417e+01	
  -5.0381809e+00	  -9.1679800e+00	   1.1231699e+01	
  -5.4684859e+00	  -9.9478687e+00	   1.1431570e+01	
  -5.9346288e+00	  -1.0780688e+01	   1.1713845e+01	
  -6.4381446e+00	  -1.1664225e+01	   1.2090703e+01	
  -6.9801069e+00	  -1.2593996e+01	   1.2575619e+01	
  -7.5609245e+00	  -1.3562593e+01	   1.3183157e+01	
  -8.1800912e+00	  -1.4558945e+01	   1.3928580e+01	
  -8.8358862e+00	  -1.5567530e+01	   1.4827193e+01	
  -9.5250293e+00	  -1.6567613e+01	   1.5893365e+01	
  -1.0242301e+01	  -1.7532622e+01	   1.7139157e+01	
  -1.0980151e+01	  -1.8429819e+01	   1.8572525e+01	
  -1.1728341e+01	  -1.9220494e+01	   2.0195128e+01	
  -1.2473669e+01	  -1.9860921e+01	   2.1999855e+01	
  -1.3199859e+01	  -2.0304326e+01	   2.3968343e+01	
  -1.3887709e+01	  -2.0504032e+01	   2.6068875e+01	
  -1.4515578e+01	  -2.0417764e+01	   2.8255245e+01	
  -1.5060279e+01	  -2.0012821e+01	   3.0467178e+01	
  -1.5498405e+01	  -1.9271477e+01	   3.2632832e+01	
  -1.5808006e+01	  -1.8195626e+01	   3.4673598e+01	
  -1.5970474e+01	  -1.6809584e+01	   3.6510893e+01	
  -1.5972383e+01	  -1.5160052e+01	   3.8074064e+01	
  -1.5806988e+01	  -1.3312807e+01	   3.9308021e+01	
  -1.5475127e+01	  -1.1346415e+01	   4.0179085e+01	
  -1.4985323e+01	  -9.3440291e+00	   4.0677832e+01	
  -1.4353076e+01	  -7.3848531e+00	   4.0818428e+01	
  -1.3599453e+01	  -5.5368552e+00	   4.0634815e+01	
  -1.2749233e+01	  -3.8518823e+00	   4.0174759e+01	
  -1.1828897e+01	  -2.3636309e+00	   3.9493165e+01	
  -1.0864750e+01	  -1.0882329e+00	   3.8645870e+01	
  -9.8813744e+00	  -2.6745667e-02	   3.7684811e+01	
  -8.9005248e+00	   8.3133709e-01	   3.6654903e+01	
  -7.9404783e+00	   1.5043478e+00	   3.5592572e+01	
  -7.0157890e+00	   2.0150509e+00	   3.4525604e+01	
  -6.1373593e+00	   2.3879007e+00	   3.3473891e+01	
  -5.3127288e+00	   2.6470438e+00	   3.2450655e+01	
  -4.5464919e+00	   2.8150157e+00	   3.1463832e+01	
  -3.8407709e+00	   2.9120051e+00	   3.0517409e+01	
  -3.1956923e+00	   2.9555420e+00	   2.9612588e+01	
  -2.6098328e+00	   2.9604744e+00	   2.8748731e+01	
  -2.0806155e+00	   2.9391224e+00	   2.7924084e+01	
  -1.6046487e+00	   2.9015305e+00	   2.7136305e+01	
  -1.1780060e+00	   2.8557601e+00	   2.6382830e+01	
  -7.9645094e-01	   2.8081887e+00	   2.5661108e+01	
  -4.5561369e-01	   2.7637919e+00	   2.4968744e+01	
  -1.5112381e-01	   2.7264013e+00	   2.4303581e+01	
   1.2129172e-01	   2.6989301e+00	   2.3663729e+01	
   3.6574014e-01	   2.6835690e+00	   2.3047568e+01	
   5.8611814e-01	   2.6819513e+00	   2.2453744e+01	
   7.8608582e-01	   2.6952932e+00	   2.1881140e+01	
   9.6905530e-01	   2.7245091e+00	   2.1328860e+01	
   1.1381903e+00	   2.7703072e+00	   2.0796202e+01	
   1.2964143e+00	   2.8332677e+00	   2.0282645e+01	
   1.4464239e+00	   2.9139062e+00	   1.9787829e+01	
   1.5907073e+00	   3.0127246e+00	   1.9311545e+01	
   1.7315649e+00	   3.1302517e+00	   1.8853730e+01	
   1.8711307e+00	   3.2670750e+00	   1.8414469e+01	
   2.0113957e+00	   3.4238652e+00	   1.7993990e+01	
   2.1542300e+00	   3.6013942e+00	   1.7592680e+01	
   2.3014045e+00	   3.8005476e+00	   1.7211092e+01	
   2.4546117e+00	   4.0223323e+00	   1.6849966e+01	
   2.6154849e+00	   4.2678783e+00	   1.6510244e+01	
   2.7856154e+00	   4.5384368e+00	   1.6193105e+01	
   2.9665675e+00	   4.8353708e+00	   1.5899986e+01	
   3.1598914e+00	   5.1601404e+00	   1.5632628e+01	
   3.3671324e+00	   5.5142798e+00	   1.5393110e+01	
   3.5898370e+00	   5.8993640e+00	   1.5183900e+01	
   3.8295546e+00	   6.3169643e+00	   1.5007905e+01	
   4.0878344e+00	   6.7685882e+00	   1.4868524e+01	
   4.3662152e+00	   7.2556007e+00	   1.4769709e+01	
   4.6662085e+00	   7.7791237e+00	   1.4716024e+01	
   4.9892718e+00	   8.3399076e+00	   1.4712692e+01	
   5.3367711e+00	   8.9381712e+00	   1.4765647e+01	
   5.7099296e+00	   9.5734046e+00	   1.4881556e+01	
   6.1097611e+00	   1.0244131e+01	   1.5067820e+01	
   6.5369841e+00	   1.0947625e+01	   1.5332526e+01	
   6.9919163e+00	   1.1679591e+01	   1.5684346e+01	
   7.4743456e+00	   1.2433797e+01	   1.6132343e+01	
   7.9833785e+00	   1.3201701e+01	   1.6685673e+01	
   8.5172658e+00	   1.3972063e+01	   1.7353150e+01	
   9.0732111e+00	   1.4730610e+01	   1.8142641e+01	
   9.6471689e+00	   1.5459803e+01	   1.9060291e+01	
   1.0233648e+01	   1.6138769e+01	   2.0109555e+01	
   1.0825540e+01	   1.6743512e+01	   2.1290078e+01	
   1.1413998e+01	   1.7247480e+01	   2.2596482e+01	
   1.1988408e+01	   1.7622602e+01	   2.4017177e+01	
   1.2536481e+01	   1.7840824e+01	   2.5533360e+01	
   1.3044509e+01	   1.7876164e+01	   2.7118438e+01	
   1.3497815e+01	   1.7707148e+01	   2.8738094e+01	
   1.3881399e+01	   1.7319427e+01	   3.0351220e+01	
   1.4180767e+01	   1.6708194e+01	   3.1911840e+01	
   1.4382884e+01	   1.5880004e+01	   3.3371966e+01	
   1.4477167e+01	   1.4853560e+01	   3.4685176e+01	
   1.4456393e+01	   1.3659173e+01	   3.5810433e+01	
   1.4317396e+01	   1.2336810e+01	   3.6715613e+01	
   1.4061458e+01	   1.0932927e+01	   3.7380131e+01	
   1.3694319e+01	   9.4965338e+00	   3.7796261e+01	
   1.3225790e+01	   8.0751222e+00	   3.7968942e+01	
   1.2669048e+01	   6.7110461e+00	   3.7914208e+01	
   1.2039685e+01	   5.4388583e+00	   3.7656598e+01	
   1.1354655e+01	   4.2838353e+00	   3.7226068e+01	
   1.0631239e+01	   3.2616929e+00	   3.6654897e+01	
   9.8861334e+00	   2.3792843e+00	   3.5975014e+01	
   9.1347206e+00	   1.6359692e+00	   3.5215969e+01	
   8.3905655e+00	   1.0253180e+00	   3.4403644e+01	
   7.6651210e+00	   5.3686623e-01	   3.3559626e+01	
   6.9676250e+00	   1.5771426e-01	   3.2701129e+01	
   6.3051459e+00	  -1.2614161e-01	   3.1841289e+01	
   5.6827360e+00	  -3.2878929e-01	   3.0989677e+01	
   5.1036522e+00	  -4.6368145e-01	   3.0152916e+01	
   4.5696115e+00	  -5.4317622e-01	   2.9335291e+01	
   4.0810553e+00	  -5.7828546e-01	   2.8539320e+01	
   3.6374046e+00	  -5.7857737e-01	   2.7766231e+01	
   3.2372948e+00	  -5.5218637e-01	   2.7016359e+01	
   2.8787834e+00	  -5.0589197e-01	   2.6289448e+01	
   2.5595284e+00	  -4.4523768e-01	   2.5584880e+01	
   2.2769373e+00	  -3.7466899e-01	   2.4901836e+01	
   2.0282889e+00	  -2.9767613e-01	   2.4239412e+01	
   1.8108290e+00	  -2.1693259e-01	   2.3596689e+01	
   1.6218457e+00	  -1.3442377e-01	   2.2972778e+01	
   1.4587244e+00	  -5.1562975e-02	   2.2366847e+01	
   1.3189887e+00	   3.0706447e-02	   2.1778132e+01	
   1.2003270e+00	   1.1182287e-01	   2.1205936e+01	
   1.1006095e+00	   1.9153147e-01	   2.0649634e+01	
   1.0178972e+00	   2.6982148e-01	   2.0108660e+01	
   9.5044448e-01	   3.4687469e-01	   1.9582504e+01	
   8.9669639e-01	   4.2302361e-01	   1.9070708e+01	
   8.5528370e-01	   4.9871831e-01	   1.8572855e+01	
   8.2501489e-01	   5.7450073e-01	   1.8088567e+01	
   8.0486702e-01	   6.5098520e-01	   1.7617501e+01	
   7.9397591e-01	   7.2884458e-01	   1.7159347e+01	
   7.9162605e-01	   8.0880080e-01	   1.6713821e+01	
   7.9724088e-01	   8.9161931e-01	   1.6280668e+01	
   8.1037353e-01	   9.7810671e-01	   1.5859664e+01	
   8.3069842e-01	   1.0691111e+00	   1.5450612e+01	
   8.5800376e-01	   1.1655248e+00	   1.5053344e+01	
   8.9218514e-01	   1.2682885e+00	   1.4667729e+01	
   9.3324020e-01	   1.3783977e+00	   1.4293671e+01	
   9.8126448e-01	   1.4969102e+00	   1.3931117e+01	
   1.0364484e+00	   1.6249543e+00	   1.3580062e+01	
   1.0990756e+00	   1.7637389e+00	   1.3240558e+01	
   1.1695218e+00	   1.9145639e+00	   1.2912720e+01	
   1.2482558e+00	   2.0788313e+00	   1.2596740e+01	
   1.3358405e+00	   2.2580570e+00	   1.2292903e+01	
   1.4329354e+00	   2.4538833e+00	   1.2001596e+01	
   1.5403004e+00	   2.6680907e+00	   1.1723338e+01	
   1.6587994e+00	   2.9026104e+00	   1.1458795e+01	
   1.7894057e+00	   3.1595349e+00	   1.1208815e+01	
   1.9332076e+00	   3.4411287e+00	   1.0974459e+01	
   2.0914135e+00	   3.7498353e+00	   1.0757045e+01	
   2.2653586e+00	   4.0882811e+00	   1.0558197e+01	
   2.4565094e+00	   4.4592742e+00	   1.0379899e+01	
   2.6664688e+00	   4.8657952e+00	   1.0224573e+01	
   2.8969784e+00	   5.3109778e+00	   1.0095151e+01	
   3.1499182e+00	   5.7980740e+00	   9.9951725e+00	
   3.4273025e+00	   6.3304001e+00	   9.9288934e+00	
   3.7312696e+00	   6.9112560e+00	   9.9014051e+00	
   4.0640626e+00	   7.5438092e+00	   9.9187705e+00	
   4.4280004e+00	   8.2309344e+00	   9.9881679e+00	
   4.8254316e+00	   8.9749945e+00	   1.0118039e+01	
   5.2586704e+00	   9.7775499e+00	   1.0318234e+01	
   5.7299051e+00	   1.0638980e+01	   1.0600128e+01	
   6.2410760e+00	   1.1558002e+01	   1.0976695e+01	
   6.7937121e+00	   1.2531067e+01	   1.1462503e+01	
   7.3887215e+00	   1.3551644e+01	   1.2073565e+01	
   8.0261258e+00	   1.4609372e+01	   1.2827010e+01	
   8.7047364e+00	   1.5689136e+01	   1.3740468e+01	
   9.4217707e+00	   1.6770116e+01	   1.4831096e+01	
   1.0172418e+01	   1.7824929e+01	   1.6114154e+01	
   1.0949377e+01	   1.8819042e+01	   1.7601064e+01	
   1.1742404e+01	   1.9710709e+01	   1.9296944e+01	
   1.2537934e+01	   2.0451727e+01	   2.1197719e+01	
   1.3318867e+01	   2.0989347e+01	   2.3287067e+01	
   1.4064617e+01	   2.1269598e+01	   2.5533652e+01	
   1.4751552e+01	   2.1242097e+01	   2.7889303e+01	
   1.5353910e+01	   2.0866097e+01	   3.0288926e+01	
   1.5845233e+01	   2.0117064e+01	   3.2652864e+01	
   1.6200280e+01	   1.8992642e+01	   3.4892116e+01	
   1.6397230e+01	   1.7516588e+01	   3.6916178e+01	
   1.6419903e+01	   1.5739356e+01	   3.8642529e+01	
   1.6259627e+01	   1.3734620e+01	   4.0006062e+01	
   1.5916405e+01	   1.1591957e+01	   4.0966504e+01	
   1.5399143e+01	   9.4069990e+00	   4.1512196e+01	
   1.4724865e+01	   7.2710094e+00	   4.1659485e+01	
   1.3917080e+01	   5.2619641e+00	   4.1448134e+01	
   1.3003582e+01	   3.4386300e+00	   4.0934047e+01	
   1.2014077e+01	   1.8382250e+00	   4.0181096e+01	
   1.0977966e+01	   4.7732355e-01	   3.9253634e+01	
   9.9225572e+00	  -6.4493445e-01	   3.8210772e+01	
   8.8718081e+00	  -1.5424709e+00	   3.7102837e+01	
   7.8456251e+00	  -2.2377328e+00	   3.5969856e+01	
   6.8596374e+00	  -2.7576761e+00	   3.4841630e+01	
   5.9253346e+00	  -3.1306131e+00	   3.3738814e+01	
   5.0504463e+00	  -3.3839967e+00	   3.2674508e+01	
   4.2394543e+00	  -3.5430428e+00	   3.1655973e+01	
   3.4941536e+00	  -3.6300157e+00	   3.0686220e+01	
   2.8142035e+00	  -3.6639894e+00	   2.9765372e+01	
   2.1976328e+00	  -3.6609166e+00	   2.8891727e+01	
   1.6412814e+00	  -3.6338787e+00	   2.8062557e+01	
   1.1411704e+00	  -3.5934219e+00	   2.7274677e+01	
   6.9280389e-01	  -3.5479225e+00	   2.6524817e+01	
   2.9140712e-01	  -3.5039417e+00	   2.5809862e+01	
  -6.7890176e-02	  -3.4665525e+00	   2.5126983e+01	
  -3.8991745e-01	  -3.4396297e+00	   2.4473699e+01	
  -6.7936557e-01	  -3.4260989e+00	   2.3847900e+01	
  -9.4072026e-01	  -3.4281493e+00	   2.3247837e+01	
  -1.1782204e+00	  -3.4474106e+00	   2.2672096e+01	
  -1.3958354e+00	  -3.4850996e+00	   2.2119575e+01	
  -1.5972579e+00	  -3.5421404e+00	   2.1589447e+01	
  -1.7859069e+00	  -3.6192616e+00	   2.1081141e+01	
  -1.9649389e+00	  -3.7170748e+00	   2.0594316e+01	
  -2.1372656e+00	  -3.8361357e+00	   2.0128847e+01	
  -2.3055732e+00	  -3.9769923e+00	   1.9684815e+01	
  -2.4723460e+00	  -4.1402208e+00	   1.9262503e+01	
  -2.6398890e+00	  -4.3264510e+00	   1.8862400e+01	
  -2.8103509e+00	  -4.5363828e+00	   1.8485206e+01	
  -2.9857466e+00	  -4.7707941e+00	   1.8131847e+01	
  -3.1679769e+00	  -5.0305407e+00	   1.7803495e+01	
  -3.3588466e+00	  -5.3165478e+00	   1.7501587e+01	
  -3.5600796e+00	  -5.6297934e+00	   1.7227856e+01	
  -3.7733301e+00	  -5.9712815e+00	   1.6984362e+01	
  -4.0001907e+00	  -6.3420052e+00	   1.6773527e+01	
  -4.2421939e+00	  -6.7428968e+00	   1.6598169e+01	
  -4.5008101e+00	  -7.1747634e+00	   1.6461547e+01	
  -4.7774370e+00	  -7.6382054e+00	   1.6367391e+01	
  -5.0733824e+00	  -8.1335147e+00	   1.6319940e+01	
  -5.3898378e+00	  -8.6605500e+00	   1.6323963e+01	
  -5.7278406e+00	  -9.2185871e+00	   1.6384767e+01	
  -6.0882257e+00	  -9.8061406e+00	   1.6508190e+01	
  -6.4715617e+00	  -1.0420758e+01	   1.6700550e+01	
  -6.8780738e+00	  -1.1058784e+01	   1.6968555e+01	
  -7.3075496e+00	  -1.1715111e+01	   1.7319162e+01	
  -7.7592297e+00	  -1.2382906e+01	   1.7759341e+01	
  -8.2316824e+00	  -1.3053351e+01	   1.8295770e+01	
  -8.7226679e+00	  -1.3715416e+01	   1.8934402e+01	
  -9.2289958e+00	  -1.4355692e+01	   1.9679926e+01	
  -9.7463855e+00	  -1.4958344e+01	   2.0535104e+01	
  -1.0269344e+01	  -1.5505237e+01	   2.1500009e+01	
  -1.0791077e+01	  -1.5976287e+01	   2.2571187e+01	
  -1.1303456e+01	  -1.6350106e+01	   2.3740833e+01	
  -1.1797065e+01	  -1.6604977e+01	   2.4996059e+01	
  -1.2261355e+01	  -1.6720162e+01	   2.6318394e+01	
  -1.2684917e+01	  -1.6677498e+01	   2.7683656e+01	
  -1.3055895e+01	  -1.6463166e+01	   2.9062345e+01	
  -1.3362529e+01	  -1.6069443e+01	   3.0420646e+01	
  -1.3593798e+01	  -1.5496199e+01	   3.1722079e+01	
  -1.3740129e+01	  -1.4751860e+01	   3.2929704e+01	
  -1.3794087e+01	  -1.3853619e+01	   3.4008677e+01	
  -1.3750980e+01	  -1.2826739e+01	   3.4928847e+01	
  -1.3609294e+01	  -1.1702967e+01	   3.5667036e+01	
  -1.3370907e+01	  -1.0518223e+01	   3.6208665e+01	
  -1.3041025e+01	  -9.3098671e+00	   3.6548483e+01	
  -1.2627872e+01	  -8.1139363e+00	   3.6690325e+01	
  -1.2142155e+01	  -6.9627107e+00	   3.6646007e+01	
  -1.1596375e+01	  -5.8829054e+00	   3.6433562e+01	
  -1.1004071e+01	  -4.8946275e+00	   3.6075153e+01	
  -1.0379075e+01	  -4.0111037e+00	   3.5594972e+01	
  -9.7348395e+00	  -3.2390636e+00	   3.5017364e+01	
  -9.0838987e+00	  -2.5795917e+00	   3.4365354e+01	
  -8.4374672e+00	  -2.0292452e+00	   3.3659641e+01	
  -7.8051947e+00	  -1.5812518e+00	   3.2918031e+01	
  -7.1950534e+00	  -1.2266488e+00	   3.2155250e+01	
  -6.6133391e+00	  -9.5527252e-01	   3.1383040e+01	
  -6.0647559e+00	  -7.5655678e-01	   3.0610434e+01	
  -5.5525606e+00	  -6.2013192e-01	   2.9844136e+01	
  -5.0787400e+00	  -5.3624110e-01	   2.9088928e+01	
  -4.6442042e+00	  -4.9600171e-01	   2.8348064e+01	
  -4.2489799e+00	  -4.9154455e-01	   2.7623635e+01	
  -3.8923933e+00	  -5.1606192e-01	   2.6916866e+01	
  -3.5732381e+00	  -5.6379200e-01	   2.6228365e+01	
  -3.2899228e+00	  -6.2996168e-01	   2.5558319e+01	
  -3.0405976e+00	  -7.1070490e-01	   2.4906642e+01	
  -2.8232611e+00	  -8.0296901e-01	   2.4273081e+01	
  -2.6358472e+00	  -9.0441799e-01	   2.3657296e+01	
  -2.4762951e+00	  -1.0133383e+00	   2.3058910e+01	
  -2.3426032e+00	  -1.1285510e+00	   2.2477552e+01	
  -2.2328713e+00	  -1.2493327e+00	   2.1912872e+01	
  -2.1453300e+00	  -1.3753449e+00	   2.1364562e+01	
  -2.0783623e+00	  -1.5065740e+00	   2.0832363e+01	
  -2.0305174e+00	  -1.6432801e+00	   2.0316069e+01	
  -2.0005189e+00	  -1.7859541e+00	   1.9815535e+01	
  -1.9872681e+00	  -1.9352835e+00	   1.9330681e+01	
  -1.9898448e+00	  -2.0921250e+00	   1.8861491e+01	
  -2.0075052e+00	  -2.2574829e+00	   1.8408027e+01	
  -2.0396784e+00	  -2.4324935e+00	   1.7970429e+01	
  -2.0859616e+00	  -2.6184130e+00	   1.7548927e+01	
  -2.1461156e+00	  -2.8166103e+00	   1.7143853e+01	
  -2.2200594e+00	  -3.0285611e+00	   1.6755654e+01	
  -2.3078651e+00	  -3.2558449e+00	   1.6384907e+01	
  -2.4097531e+00	  -3.5001425e+00	   1.6032344e+01	
  -2.5260879e+00	  -3.7632334e+00	   1.5698873e+01	
  -2.6573729e+00	  -4.0469929e+00	   1.5385604e+01	
  -2.8042467e+00	  -4.3533858e+00	   1.5093887e+01	
  -2.9674781e+00	  -4.6844576e+00	   1.4825348e+01	
  -3.1479607e+00	  -5.0423191e+00	   1.4581929e+01	
  -3.3467060e+00	  -5.4291248e+00	   1.4365943e+01	
  -3.5648354e+00	  -5.8470397e+00	   1.4180128e+01	
  -3.8035683e+00	  -6.2981942e+00	   1.4027706e+01	
  -4.0642064e+00	  -6.7846212e+00	   1.3912453e+01	
  -4.3481134e+00	  -7.3081728e+00	   1.3838767e+01	
  -4.6566861e+00	  -7.8704091e+00	   1.3811741e+01	
  -4.9913171e+00	  -8.4724562e+00	   1.3837226e+01	
  -5.3533455e+00	  -9.1148244e+00	   1.3921895e+01	
  -5.7439929e+00	  -9.7971823e+00	   1.4073275e+01	
  -6.1642813e+00	  -1.0518080e+01	   1.4299756e+01	
  -6.6149302e+00	  -1.1274620e+01	   1.4610545e+01	
  -7.0962297e+00	  -1.2062070e+01	   1.5015543e+01	
  -7.6078858e+00	  -1.2873439e+01	   1.5525129e+01	
  -8.1488395e+00	  -1.3699011e+01	   1.6149803e+01	
  -8.7170577e+00	  -1.4525895e+01	   1.6899659e+01	
  -9.3093034e+00	  -1.5337618e+01	   1.7783660e+01	
  -9.9208952e+00	  -1.6113848e+01	   1.8808681e+01	
  -1.0545472e+01	  -1.6830347e+01	   1.9978333e+01	
  -1.1174793e+01	  -1.7459256e+01	   2.1291588e+01	
  -1.1798605e+01	  -1.7969864e+01	   2.2741309e+01	
  -1.2404618e+01	  -1.8329948e+01	   2.4312835e+01	
  -1.2978656e+01	  -1.8507763e+01	   2.5982849e+01	
  -1.3504991e+01	  -1.8474643e+01	   2.7718819e+01	
  -1.3966939e+01	  -1.8208039e+01	   2.9479324e+01	
  -1.4347680e+01	  -1.7694664e+01	   3.1215500e+01	
  -1.4631292e+01	  -1.6933257e+01	   3.2873727e+01	
  -1.4803912e+01	  -1.5936430e+01	   3.4399428e+01	
  -1.4854889e+01	  -1.4731064e+01	   3.5741573e+01	
  -1.4777787e+01	  -1.3356987e+01	   3.6857258e+01	
  -1.4571083e+01	  -1.1863942e+01	   3.7715606e+01	
  -1.4238440e+01	  -1.0307249e+01	   3.8300287e+01	
  -1.3788507e+01	  -8.7428509e+00	   3.8610248e+01	
  -1.3234269e+01	  -7.2225586e+00	   3.8658596e+01	
  -1.2592044e+01	  -5.7902171e+00	   3.8469949e+01	
  -1.1880281e+01	  -4.4792616e+00	   3.8076867e+01	
  -1.1118309e+01	  -3.3117950e+00	   3.7516015e+01	
  -1.0325183e+01	  -2.2990224e+00	   3.6824662e+01	
  -9.5187408e+00	  -1.4426764e+00	   3.6037914e+01	
  -8.7149085e+00	  -7.3700178e-01	   3.5186853e+01	
  -7.9272729e+00	  -1.7090252e-01	   3.4297551e+01	
  -7.1668965e+00	   2.7004310e-01	   3.3390822e+01	
  -6.4423261e+00	   6.0187931e-01	   3.2482499e+01	
  -5.7597447e+00	   8.4095451e-01	   3.1584029e+01	
  -5.1232158e+00	   1.0029861e+00	   3.0703216e+01	
  -4.5349764e+00	   1.1024614e+00	   2.9844991e+01	
  -3.9957457e+00	   1.1523071e+00	   2.9012114e+01	
  -3.5050257e+00	   1.1637588e+00	   2.8205785e+01	
  -3.0613786e+00	   1.1463681e+00	   2.7426132e+01	
  -2.6626722e+00	   1.1080977e+00	   2.6672598e+01	
  -2.3062907e+00	   1.0554661e+00	   2.5944216e+01	
  -1.9893100e+00	   9.9371602e-01	   2.5239812e+01	
  -1.7086400e+00	   9.2698783e-01	   2.4558139e+01	
  -1.4611372e+00	   8.5848682e-01	   2.3897964e+01	
  -1.2436910e+00	   7.9063817e-01	   2.3258118e+01	
  -1.0532883e+00	   7.2522595e-01	   2.2637521e+01	
  -8.8705873e-01	   6.6351521e-01	   2.2035196e+01	
  -7.4230569e-01	   6.0635734e-01	   2.1450262e+01	
  -6.1652435e-01	   5.5427963e-01	   2.0881932e+01	
  -5.0741071e-01	   5.0756043e-01	   2.0329503e+01	
  -4.1286299e-01	   4.6629151e-01	   1.9792342e+01	
  -3.3097763e-01	   4.3042911e-01	   1.9269880e+01	
  -2.6004120e-01	   3.9983538e-01	   1.8761601e+01	
  -1.9851964e-01	   3.7431153e-01	   1.8267031e+01	
  -1.4504566e-01	   3.5362403e-01	   1.7785733e+01	
  -9.8405128e-02	   3.3752508e-01	   1.7317302e+01	
  -5.7523085e-02	   3.2576830e-01	   1.6861357e+01	
  -2.1449742e-02	   3.1812064e-01	   1.6417539e+01	
   1.0653135e-02	   3.1437117e-01	   1.5985508e+01	
   3.9525282e-02	   3.1433754e-01	   1.5564940e+01	
   6.5820255e-02	   3.1787055e-01	   1.5155525e+01	
   9.0116961e-02	   3.2485736e-01	   1.4756966e+01	
   1.1293032e-01	   3.3522370e-01	   1.4368979e+01	
   1.3472114e-01	   3.4893544e-01	   1.3991288e+01	
   1.5590508e-01	   3.6599974e-01	   1.3623631e+01	
   1.7686099e-01	   3.8646602e-01	   1.3265753e+01	
   1.9793844e-01	   4.1042685e-01	   1.2917412e+01	
   2.1946469e-01	   4.3801907e-01	   1.2578373e+01	
   2.4175104e-01	   4.6942506e-01	   1.2248415e+01	
   2.6509883e-01	   5.0487439e-01	   1.1927325e+01	
   2.8980490e-01	   5.4464591e-01	   1.1614903e+01	
   3.1616687e-01	   5.8907024e-01	   1.1310960e+01	
   3.4448815e-01	   6.3853296e-01	   1.1015321e+01	
   3.7508276e-01	   6.9347826e-01	   1.0727825e+01	
   4.0828010e-01	   7.5441337e-01	   1.0448327e+01	
   4.4442978e-01	   8.2191369e-01	   1.0176702e+01	
   4.8390642e-01	   8.9662866e-01	   9.9128439e+00	
   5.2711462e-01	   9.7928855e-01	   9.6566719e+00	
   5.7449421e-01	   1.0707121e+00	   9.4081328e+00	
   6.2652571e-01	   1.1718151e+00	   9.1672066e+00	
   6.8373612e-01	   1.2836200e+00	   8.9339121e+00	
   7.4670519e-01	   1.4072668e+00	   8.7083148e+00	
   8.1607213e-01	   1.5440245e+00	   8.4905355e+00	
   8.9254286e-01	   1.6953044e+00	   8.2807618e+00	
   9.7689785e-01	   1.8626737e+00	   8.0792618e+00	
   1.0700006e+00	   2.0478711e+00	   7.8864006e+00	
   1.1728068e+00	   2.2528224e+00	   7.7026612e+00	
   1.2863743e+00	   2.4796575e+00	   7.5286699e+00	
   1.4118734e+00	   2.7307273e+00	   7.3652267e+00	
   1.5505983e+00	   3.0086210e+00	   7.2133435e+00	
   1.7039782e+00	   3.3161814e+00	   7.0742897e+00	
   1.8735903e+00	   3.6565191e+00	   6.9496484e+00	
   2.0611704e+00	   4.0330218e+00	   6.8413843e+00	
   2.2686257e+00	   4.4493584e+00	   6.7519253e+00	
   2.4980440e+00	   4.9094720e+00	   6.6842615e+00	
   2.7517024e+00	   5.4175604e+00	   6.6420625e+00	
   3.0320715e+00	   5.9780349e+00	   6.6298166e+00	
   3.3418142e+00	   6.5954517e+00	   6.6529939e+00	
   3.6837765e+00	   7.2744032e+00	   6.7182345e+00	
   4.0609659e+00	   8.0193566e+00	   6.8335608e+00	
   4.4765139e+00	   8.8344208e+00	   7.0086110e+00	
   4.9336146e+00	   9.7230207e+00	   7.2548845e+00	
   5.4354339e+00	   1.0687451e+01	   7.5859840e+00	
   5.9849765e+00	   1.1728285e+01	   8.0178252e+00	
   6.5849018e+00	   1.2843593e+01	   8.5687716e+00	
   7.2372731e+00	   1.4027974e+01	   9.2596279e+00	
   7.9432274e+00	   1.5271343e+01	   1.0113401e+01	
   8.7025513e+00	   1.6557540e+01	   1.1154702e+01	
   9.5131578e+00	   1.7862775e+01	   1.2408639e+01	
   1.0370462e+01	   1.9154087e+01	   1.3899025e+01	
   1.1266682e+01	   2.0388051e+01	   1.5645738e+01	
   1.2190106e+01	   2.1510123e+01	   1.7661152e+01	
   1.3124425e+01	   2.2455157e+01	   1.9945674e+01	
   1.4048251e+01	   2.3149699e+01	   2.2482747e+01	
   1.4935021e+01	   2.3516657e+01	   2.5233999e+01	
   1.5753471e+01	   2.3482620e+01	   2.8135695e+01	
   1.6468889e+01	   2.2987551e+01	   3.1097934e+01	
   1.7045242e+01	   2.1995677e+01	   3.4008052e+01	
   1.7448108e+01	   2.0505473e+01	   3.6739085e+01	
   1.7648131e+01	   1.8556017e+01	   3.9162937e+01	
   1.7624471e+01	   1.6227240e+01	   4.1166290e+01	
   1.7367595e+01	   1.3632833e+01	   4.2665907e+01	
   1.6880801e+01	   1.0906670e+01	   4.3619590e+01	
   1.6180099e+01	   8.1856445e+00	   4.4030003e+01	
   1.5292458e+01	   5.5929359e+00	   4.3940645e+01	
   1.4252808e+01	   3.2253661e+00	   4.3425557e+01	
   1.3100404e+01	   1.1469305e+00	   4.2575851e+01	
   1.1875238e+01	  -6.1141252e-01	   4.1486442e+01	
   1.0615013e+01	  -2.0471851e+00	   4.0245478e+01	
   9.3529902e+00	  -3.1792466e+00	   3.8927646e+01	
   8.1167474e+00	  -4.0401070e+00	   3.7591270e+01	
   6.9277671e+00	  -4.6691201e+00	   3.6278367e+01	
   5.8016295e+00	  -5.1072568e+00	   3.5016572e+01	
   4.7486035e+00	  -5.3935854e+00	   3.3821921e+01	
   3.7744425e+00	  -5.5632393e+00	   3.2701791e+01	
   2.8812393e+00	  -5.6465096e+00	   3.1657551e+01	
   2.0682475e+00	  -5.6686961e+00	   3.0686727e+01	
   1.3326147e+00	  -5.6504099e+00	   2.9784651e+01	
   6.7000414e-01	  -5.6081057e+00	   2.8945641e+01	
   7.5102173e-02	  -5.5546945e+00	   2.8163782e+01	
  -4.5798100e-01	  -5.5001507e+00	   2.7433422e+01	
  -9.3540449e-01	  -5.4520651e+00	   2.6749449e+01	
  -1.3633682e+00	  -5.4161276e+00	   2.6107421e+01	
  -1.7479483e+00	  -5.3965329e+00	   2.5503612e+01	
  -2.0949832e+00	  -5.3963152e+00	   2.4934986e+01	
  -2.4099997e+00	  -5.4176201e+00	   2.4399155e+01	
  -2.6981688e+00	  -5.4619216e+00	   2.3894317e+01	
  -2.9642844e+00	  -5.5301943e+00	   2.3419189e+01	
  -3.2127581e+00	  -5.6230475e+00	   2.2972954e+01	
  -3.4476264e+00	  -5.7408269e+00	   2.2555203e+01	
  -3.6725651e+00	  -5.8836912e+00	   2.2165899e+01	
  -3.8909083e+00	  -6.0516656e+00	   2.1805339e+01	
  -4.1056702e+00	  -6.2446764e+00	   2.1474129e+01	
  -4.3195675e+00	  -6.4625695e+00	   2.1173171e+01	
  -4.5350396e+00	  -6.7051135e+00	   2.0903643e+01	
  -4.7542680e+00	  -6.9719900e+00	   2.0666998e+01	
  -4.9791909e+00	  -7.2627709e+00	   2.0464954e+01	
  -5.2115150e+00	  -7.5768844e+00	   2.0299490e+01	
  -5.4527211e+00	  -7.9135688e+00	   2.0172841e+01	
  -5.7040654e+00	  -8.2718157e+00	   2.0087479e+01	
  -5.9665739e+00	  -8.6503026e+00	   2.0046101e+01	
  -6.2410306e+00	  -9.0473151e+00	   2.0051598e+01	
  -6.5279598e+00	  -9.4606614e+00	   2.0107006e+01	
  -6.8276000e+00	  -9.8875797e+00	   2.0215448e+01	
  -7.1398732e+00	  -1.0324643e+01	   2.0380048e+01	
  -7.4643465e+00	  -1.0767666e+01	   2.0603817e+01	
  -7.8001896e+00	  -1.1211619e+01	   2.0889509e+01	
  -8.1461292e+00	  -1.1650560e+01	   2.1239446e+01	
  -8.5004016e+00	  -1.2077597e+01	   2.1655306e+01	
  -8.8607092e+00	  -1.2484888e+01	   2.2137872e+01	
  -9.2241829e+00	  -1.2863702e+01	   2.2686771e+01	
  -9.5873574e+00	  -1.3204546e+01	   2.3300175e+01	
  -9.9461654e+00	  -1.3497380e+01	   2.3974526e+01	
  -1.0295957e+01	  -1.3731933e+01	   2.4704273e+01	
  -1.0631553e+01	  -1.3898105e+01	   2.5481673e+01	
  -1.0947333e+01	  -1.3986471e+01	   2.6296687e+01	
  -1.1237370e+01	  -1.3988850e+01	   2.7137003e+01	
  -1.1495609e+01	  -1.3898907e+01	   2.7988220e+01	
  -1.1716079e+01	  -1.3712740e+01	   2.8834214e+01	
  -1.1893146e+01	  -1.3429391e+01	   2.9657694e+01	
  -1.2021778e+01	  -1.3051206e+01	   3.0440915e+01	
  -1.2097814e+01	  -1.2584000e+01	   3.1166519e+01	
  -1.2118207e+01	  -1.2036970e+01	   3.1818416e+01	
  -1.2081225e+01	  -1.1422344e+01	   3.2382645e+01	
  -1.1986588e+01	  -1.0754791e+01	   3.2848093e+01	
  -1.1835527e+01	  -1.0050633e+01	   3.3207036e+01	
  -1.1630751e+01	  -9.3269384e+00	   3.3455405e+01	
  -1.1376333e+01	  -8.6005946e+00	   3.3592789e+01	
  -1.1077525e+01	  -7.8874496e+00	   3.3622175e+01	
  -1.0740505e+01	  -7.2015968e+00	   3.3549473e+01	
  -1.0372097e+01	  -6.5548615e+00	   3.3382899e+01	
  -9.9794806e+00	  -5.9565066e+00	   3.3132281e+01	
  -9.5699038e+00	  -5.4131538e+00	   3.2808377e+01	
  -9.1504322e+00	  -4.9288904e+00	   3.2422251e+01	
  -8.7277342e+00	  -4.5055167e+00	   3.1984757e+01	
  -8.3079184e+00	  -4.1428870e+00	   3.1506139e+01	
  -7.8964192e+00	  -3.8392960e+00	   3.0995763e+01	
  -7.4979322e+00	  -3.5918715e+00	   3.0461964e+01	
  -7.1163917e+00	  -3.3969441e+00	   2.9911991e+01	
  -6.7549830e+00	  -3.2503738e+00	   2.9352025e+01	
  -6.4161829e+00	  -3.1478238e+00	   2.8787244e+01	
  -6.1018193e+00	  -3.0849784e+00	   2.8221936e+01	
  -5.8131433e+00	  -3.0577073e+00	   2.7659606e+01	
  -5.5509080e+00	  -3.0621824e+00	   2.7103108e+01	
  -5.3154480e+00	  -3.0949528e+00	   2.6554759e+01	
  -5.1067580e+00	  -3.1529875e+00	   2.6016443e+01	
  -4.9245656e+00	  -3.2336920e+00	   2.5489717e+01	
  -4.7683988e+00	  -3.3349054e+00	   2.4975883e+01	
  -4.6376448e+00	  -3.4548837e+00	   2.4476064e+01	
  -4.5316028e+00	  -3.5922743e+00	   2.3991262e+01	
  -4.4495272e+00	  -3.7460838e+00	   2.3522407e+01	
  -4.3906650e+00	  -3.9156436e+00	   2.3070398e+01	
  -4.3542856e+00	  -4.1005731e+00	   2.2636136e+01	
  -4.3397038e+00	  -4.3007433e+00	   2.2220559e+01	
  -4.3462984e+00	  -4.5162405e+00	   2.1824664e+01	
  -4.3735242e+00	  -4.7473306e+00	   2.1449533e+01	
  -4.4209207e+00	  -4.9944237e+00	   2.1096357e+01	
  -4.4881156e+00	  -5.2580389e+00	   2.0766457e+01	
  -4.5748254e+00	  -5.5387683e+00	   2.0461304e+01	
  -4.6808518e+00	  -5.8372389e+00	   2.0182544e+01	
  -4.8060752e+00	  -6.1540727e+00	   1.9932014e+01	
  -4.9504445e+00	  -6.4898422e+00	   1.9711763e+01	
  -5.1139636e+00	  -6.8450210e+00	   1.9524072e+01	
  -5.2966741e+00	  -7.2199279e+00	   1.9371467e+01	
  -5.4986339e+00	  -7.6146630e+00	   1.9256730e+01	
  -5.7198916e+00	  -8.0290353e+00	   1.9182904e+01	
  -5.9604553e+00	  -8.4624793e+00	   1.9153287e+01	
  -6.2202569e+00	  -8.9139623e+00	   1.9171415e+01	
  -6.4991097e+00	  -9.3818805e+00	   1.9241030e+01	
  -6.7966601e+00	  -9.8639467e+00	   1.9366018e+01	
  -7.1123323e+00	  -1.0357071e+01	   1.9550331e+01	
  -7.4452679e+00	  -1.0857239e+01	   1.9797869e+01	
  -7.7942585e+00	  -1.1359399e+01	   2.0112323e+01	
  -8.1576759e+00	  -1.1857361e+01	   2.0496977e+01	
  -8.5333994e+00	  -1.2343724e+01	   2.0954461e+01	
  -8.9187461e+00	  -1.2809851e+01	   2.1486454e+01	
  -9.3104082e+00	  -1.3245913e+01	   2.2093355e+01	
  -9.7044038e+00	  -1.3641006e+01	   2.2773908e+01	
  -1.0096050e+01	  -1.3983394e+01	   2.3524835e+01	
  -1.0479966e+01	  -1.4260861e+01	   2.4340476e+01	
  -1.0850116e+01	  -1.4461203e+01	   2.5212497e+01	
  -1.1199903e+01	  -1.4572849e+01	   2.6129709e+01	
  -1.1522318e+01	  -1.4585587e+01	   2.7078044e+01	
  -1.1810141e+01	  -1.4491346e+01	   2.8040741e+01	
  -1.2056210e+01	  -1.4284983e+01	   2.8998777e+01	
  -1.2253722e+01	  -1.3964969e+01	   2.9931549e+01	
  -1.2396575e+01	  -1.3533897e+01	   3.0817789e+01	
  -1.2479704e+01	  -1.2998719e+01	   3.1636649e+01	
  -1.2499394e+01	  -1.2370651e+01	   3.2368860e+01	
  -1.2453543e+01	  -1.1664717e+01	   3.2997850e+01	
  -1.2341830e+01	  -1.0898956e+01	   3.3510691e+01	
  -1.2165786e+01	  -1.0093377e+01	   3.3898765e+01	
  -1.1928749e+01	  -9.2687566e+00	   3.4158082e+01	
  -1.1635701e+01	  -8.4454246e+00	   3.4289216e+01	
  -1.1293021e+01	  -7.6421661e+00	   3.4296902e+01	
  -1.0908155e+01	  -6.8753384e+00	   3.4189344e+01	
  -1.0489255e+01	  -6.1582735e+00	   3.3977368e+01	
  -1.0044807e+01	  -5.5009854e+00	   3.3673498e+01	
  -9.5832786e+00	  -4.9101595e+00	   3.3291076e+01	
  -9.1128176e+00	  -4.3893757e+00	   3.2843485e+01	
  -8.6410006e+00	  -3.9394979e+00	   3.2343542e+01	
  -8.1746537e+00	  -3.5591593e+00	   3.1803056e+01	
  -7.7197364e+00	  -3.2452821e+00	   3.1232558e+01	
  -7.2812863e+00	  -2.9935822e+00	   3.0641181e+01	
  -6.8634138e+00	  -2.7990239e+00	   3.0036651e+01	
  -6.4693389e+00	  -2.6562066e+00	   2.9425366e+01	
  -6.1014561e+00	  -2.5596744e+00	   2.8812524e+01	
  -5.7614202e+00	  -2.5041518e+00	   2.8202281e+01	
  -5.4502421e+00	  -2.4847108e+00	   2.7597915e+01	
  -5.1683890e+00	  -2.4968802e+00	   2.7001987e+01	
  -4.9158830e+00	  -2.5367085e+00	   2.6416488e+01	
  -4.6923944e+00	  -2.6007894e+00	   2.5842965e+01	
  -4.4973269e+00	  -2.6862613e+00	   2.5282634e+01	
  -4.3298946e+00	  -2.7907875e+00	   2.4736470e+01	
  -4.1891878e+00	  -2.9125241e+00	   2.4205280e+01	
  -4.0742304e+00	  -3.0500808e+00	   2.3689765e+01	
  -3.9840270e+00	  -3.2024777e+00	   2.3190570e+01	
  -3.9176018e+00	  -3.3691015e+00	   2.2708319e+01	
  -3.8740295e+00	  -3.5496628e+00	   2.2243654e+01	
  -3.8524592e+00	  -3.7441540e+00	   2.1797258e+01	
  -3.8521325e+00	  -3.9528115e+00	   2.1369882e+01	
  -3.8723956e+00	  -4.1760784e+00	   2.0962363e+01	
  -3.9127082e+00	  -4.4145710e+00	   2.0575655e+01	
  -3.9726467e+00	  -4.6690451e+00	   2.0210839e+01	
  -4.0519054e+00	  -4.9403645e+00	   1.9869153e+01	
  -4.1502938e+00	  -5.2294686e+00	   1.9552012e+01	
  -4.2677310e+00	  -5.5373381e+00	   1.9261030e+01	
  -4.4042380e+00	  -5.8649587e+00	   1.8998048e+01	
  -4.5599260e+00	  -6.2132796e+00	   1.8765155e+01	
  -4.7349822e+00	  -6.5831667e+00	   1.8564718e+01	
  -4.9296525e+00	  -6.9753474e+00	   1.8399401e+01	
  -5.1442189e+00	  -7.3903458e+00	   1.8272188e+01	
  -5.3789740e+00	  -7.8284070e+00	   1.8186399e+01	
  -5.6341886e+00	  -8.2894071e+00	   1.8145702e+01	
  -5.9100740e+00	  -8.7727491e+00	   1.8154102e+01	
  -6.2067368e+00	  -9.2772435e+00	   1.8215928e+01	
  -6.5241263e+00	  -9.8009724e+00	   1.8335791e+01	
  -6.8619729e+00	  -1.0341141e+01	   1.8518506e+01	
  -7.2197179e+00	  -1.0893919e+01	   1.8768991e+01	
  -7.5964344e+00	  -1.1454276e+01	   1.9092105e+01	
  -7.9907408e+00	  -1.2015830e+01	   1.9492439e+01	
  -8.4007088e+00	  -1.2570712e+01	   1.9974043e+01	
  -8.8237687e+00	  -1.3109474e+01	   2.0540084e+01	
  -9.2566187e+00	  -1.3621068e+01	   2.1192437e+01	
  -9.6951453e+00	  -1.4092923e+01	   2.1931219e+01	
  -1.0134363e+01	  -1.4511143e+01	   2.2754288e+01	
  -1.0568391e+01	  -1.4860877e+01	   2.3656733e+01	
  -1.0990466e+01	  -1.5126864e+01	   2.4630414e+01	
  -1.1393029e+01	  -1.5294169e+01	   2.5663608e+01	
  -1.1767869e+01	  -1.5349094e+01	   2.6740845e+01	
  -1.2106356e+01	  -1.5280219e+01	   2.7842999e+01	
  -1.2399745e+01	  -1.5079482e+01	   2.8947714e+01	
  -1.2639565e+01	  -1.4743189e+01	   3.0030179e+01	
  -1.2818041e+01	  -1.4272824e+01	   3.1064256e+01	
  -1.2928551e+01	  -1.3675509e+01	   3.2023897e+01	
  -1.2966056e+01	  -1.2964017e+01	   3.2884709e+01	
  -1.2927469e+01	  -1.2156269e+01	   3.3625509e+01	
  -1.2811909e+01	  -1.1274343e+01	   3.4229679e+01	
  -1.2620830e+01	  -1.0343083e+01	   3.4686142e+01	
  -1.2357977e+01	  -9.3884671e+00	   3.4989851e+01	
  -1.2029199e+01	  -8.4359372e+00	   3.5141727e+01	
  -1.1642122e+01	  -7.5088862e+00	   3.5148105e+01	
  -1.1205722e+01	  -6.6274560e+00	   3.5019775e+01	
  -1.0729847e+01	  -5.8077486e+00	   3.4770794e+01	
  -1.0224730e+01	  -5.0614726e+00	   3.4417217e+01	
  -9.7005291e+00	  -4.3959904e+00	   3.3975894e+01	
  -9.1669434e+00	  -3.8146820e+00	   3.3463458e+01	
  -8.6328991e+00	  -3.3175253e+00	   3.2895538e+01	
  -8.1063343e+00	  -2.9017869e+00	   3.2286237e+01	
  -7.5940694e+00	  -2.5627359e+00	   3.1647840e+01	
  -7.1017563e+00	  -2.2943145e+00	   3.0990727e+01	
  -6.6338927e+00	  -2.0897224e+00	   3.0323421e+01	
  -6.1938847e+00	  -1.9418951e+00	   2.9652750e+01	
  -5.7841446e+00	  -1.8438727e+00	   2.8984053e+01	
  -5.4062092e+00	  -1.7890648e+00	   2.8321414e+01	
  -5.0608669e+00	  -1.7714279e+00	   2.7667889e+01	
  -4.7482872e+00	  -1.7855687e+00	   2.7025724e+01	
  -4.4681436e+00	  -1.8267925e+00	   2.6396537e+01	
  -4.2197281e+00	  -1.8911087e+00	   2.5781475e+01	
  -4.0020536e+00	  -1.9752088e+00	   2.5181348e+01	
  -3.8139434e+00	  -2.0764249e+00	   2.4596727e+01	
  -3.6541079e+00	  -2.1926774e+00	   2.4028029e+01	
  -3.5212085e+00	  -2.3224183e+00	   2.3475575e+01	
  -3.4139099e+00	  -2.4645729e+00	   2.2939641e+01	
  -3.3309223e+00	  -2.6184841e+00	   2.2420495e+01	
  -3.2710342e+00	  -2.7838597e+00	   2.1918422e+01	
  -3.2331372e+00	  -2.9607247e+00	   2.1433753e+01	
  -3.2162444e+00	  -3.1493783e+00	   2.0966880e+01	
  -3.2195030e+00	  -3.3503561e+00	   2.0518276e+01	
  -3.2422024e+00	  -3.5643966e+00	   2.0088510e+01	
  -3.2837784e+00	  -3.7924111e+00	   1.9678268e+01	
  -3.3438147e+00	  -4.0354574e+00	   1.9288368e+01	
  -3.4220411e+00	  -4.2947147e+00	   1.8919783e+01	
  -3.5183303e+00	  -4.5714602e+00	   1.8573661e+01	
  -3.6326927e+00	  -4.8670450e+00	   1.8251352e+01	
  -3.7652684e+00	  -5.1828676e+00	   1.7954432e+01	
  -3.9163187e+00	  -5.5203450e+00	   1.7684738e+01	
  -4.0862142e+00	  -5.8808781e+00	   1.7444395e+01	
  -4.2754212e+00	  -6.2658099e+00	   1.7235856e+01	
  -4.4844847e+00	  -6.6763741e+00	   1.7061930e+01	
  -4.7140073e+00	  -7.1136324e+00	   1.6925826e+01	
  -4.9646238e+00	  -7.5783961e+00	   1.6831180e+01	
  -5.2369702e+00	  -8.0711313e+00	   1.6782083e+01	
  -5.5316449e+00	  -8.5918434e+00	   1.6783104e+01	
  -5.8491620e+00	  -9.1399393e+00	   1.6839286e+01	
  -6.1898950e+00	  -9.7140652e+00	   1.6956136e+01	
  -6.5540086e+00	  -1.0311920e+01	   1.7139573e+01	
  -6.9413788e+00	  -1.0930046e+01	   1.7395835e+01	
  -7.3514993e+00	  -1.1563602e+01	   1.7731336e+01	
  -7.7833746e+00	  -1.2206130e+01	   1.8152452e+01	
  -8.2354023e+00	  -1.2849327e+01	   1.8665224e+01	
  -8.7052448e+00	  -1.3482854e+01	   1.9274964e+01	
  -9.1896992e+00	  -1.4094205e+01	   1.9985759e+01	
  -9.6845707e+00	  -1.4668682e+01	   2.0799871e+01	
  -1.0184564e+01	  -1.5189532e+01	   2.1717057e+01	
  -1.0683206e+01	  -1.5638277e+01	   2.2733824e+01	
  -1.1172821e+01	  -1.5995315e+01	   2.3842705e+01	
  -1.1644579e+01	  -1.6240795e+01	   2.5031623e+01	
  -1.2088635e+01	  -1.6355788e+01	   2.6283461e+01	
  -1.2494379e+01	  -1.6323705e+01	   2.7575964e+01	
  -1.2850812e+01	  -1.6131854e+01	   2.8882091e+01	
  -1.3147021e+01	  -1.5772994e+01	   3.0170895e+01	
  -1.3372766e+01	  -1.5246659e+01	   3.1408967e+01	
  -1.3519097e+01	  -1.4560033e+01	   3.2562364e+01	
  -1.3578988e+01	  -1.3728185e+01	   3.3598851e+01	
  -1.3547873e+01	  -1.2773517e+01	   3.4490202e+01	
  -1.3424058e+01	  -1.1724438e+01	   3.5214249e+01	
  -1.3208929e+01	  -1.0613395e+01	   3.5756400e+01	
  -1.2906923e+01	  -9.4744911e+00	   3.6110394e+01	
  -1.2525284e+01	  -8.3410371e+00	   3.6278220e+01	
  -1.2073607e+01	  -7.2433392e+00	   3.6269263e+01	
  -1.1563240e+01	  -6.2069894e+00	   3.6098847e+01	
  -1.1006612e+01	  -5.2518035e+00	   3.5786438e+01	
  -1.0416559e+01	  -4.3914348e+00	   3.5353773e+01	
  -9.8057029e+00	  -3.6335832e+00	   3.4823151e+01	
  -9.1859334e+00	  -2.9806543e+00	   3.4216038e+01	
  -8.5680196e+00	  -2.4306937e+00	   3.3552061e+01	
  -7.9613509e+00	  -1.9784350e+00	   3.2848402e+01	
  -7.3738039e+00	  -1.6163281e+00	   3.2119531e+01	
  -6.8117142e+00	  -1.3354604e+00	   3.1377216e+01	
  -6.2799323e+00	  -1.1263215e+00	   3.0630709e+01	
  -5.7819377e+00	  -9.7939550e-01	   2.9887057e+01	
  -5.3199909e+00	  -8.8558841e-01	   2.9151443e+01	
  -4.8953043e+00	  -8.3651171e-01	   2.8427549e+01	
  -4.5082177e+00	  -8.2464802e-01	   2.7717875e+01	
  -4.1583688e+00	  -8.4342678e-01	   2.7024029e+01	
  -3.8448510e+00	  -8.8723438e-01	   2.6346969e+01	
  -3.5663548e+00	  -9.5137974e-01	   2.5687187e+01	
  -3.3212908e+00	  -1.0320319e+00	   2.5044865e+01	
  -3.1078951e+00	  -1.1261421e+00	   2.4419984e+01	
  -2.9243159e+00	  -1.2313595e+00	   2.3812406e+01	
  -2.7686840e+00	  -1.3459467e+00	   2.3221936e+01	
  -2.6391696e+00	  -1.4686992e+00	   2.2648363e+01	
  -2.5340247e+00	  -1.5988713e+00	   2.2091484e+01	
  -2.4516164e+00	  -1.7361099e+00	   2.1551132e+01	
  -2.3904501e+00	  -1.8803964e+00	   2.1027183e+01	
  -2.3491859e+00	  -2.0319972e+00	   2.0519570e+01	
  -2.3266489e+00	  -2.1914215e+00	   2.0028287e+01	
  -2.3218344e+00	  -2.3593873e+00	   1.9553403e+01	
  -2.3339111e+00	  -2.5367929e+00	   1.9095064e+01	
  -2.3622196e+00	  -2.7246946e+00	   1.8653507e+01	
  -2.4062711e+00	  -2.9242892e+00	   1.8229067e+01	
  -2.4657432e+00	  -3.1369001e+00	   1.7822193e+01	
  -2.5404757e+00	  -3.3639664e+00	   1.7433461e+01	
  -2.6304661e+00	  -3.6070337e+00	   1.7063598e+01	
  -2.7358639e+00	  -3.8677461e+00	   1.6713495e+01	
  -2.8569652e+00	  -4.1478377e+00	   1.6384242e+01	
  -2.9942069e+00	  -4.4491225e+00	   1.6077152e+01	
  -3.1481604e+00	  -4.7734812e+00	   1.5793797e+01	
  -3.3195243e+00	  -5.1228439e+00	   1.5536047e+01	
  -3.5091155e+00	  -5.4991648e+00	   1.5306115e+01	
  -3.7178594e+00	  -5.9043897e+00	   1.5106603e+01	
  -3.9467759e+00	  -6.3404097e+00	   1.4940558e+01	
  -4.1969631e+00	  -6.8090010e+00	   1.4811528e+01	
  -4.4695748e+00	  -7.3117457e+00	   1.4723621e+01	
  -4.7657921e+00	  -7.8499280e+00	   1.4681560e+01	
  -5.0867864e+00	  -8.4244041e+00	   1.4690742e+01	
  -5.4336719e+00	  -9.0354371e+00	   1.4757275e+01	
  -5.8074450e+00	  -9.6824951e+00	   1.4888004e+01	
  -6.2089085e+00	  -1.0364007e+01	   1.5090501e+01	
  -6.6385777e+00	  -1.1077074e+01	   1.5373012e+01	
  -7.0965654e+00	  -1.1817140e+01	   1.5744335e+01	
  -7.5824453e+00	  -1.2577625e+01	   1.6213613e+01	
  -8.0950924e+00	  -1.3349545e+01	   1.6790008e+01	
  -8.6325016e+00	  -1.4121132e+01	   1.7482234e+01	
  -9.1915912e+00	  -1.4877514e+01	   1.8297923e+01	
  -9.7679982e+00	  -1.5600508e+01	   1.9242804e+01	
  -1.0355882e+01	  -1.6268599e+01	   2.0319703e+01	
  -1.0947760e+01	  -1.6857211e+01	   2.1527395e+01	
  -1.1534398e+01	  -1.7339368e+01	   2.2859381e+01	
  -1.2104803e+01	  -1.7686822e+01	   2.4302717e+01	
  -1.2646341e+01	  -1.7871703e+01	   2.5837072e+01	
  -1.3145033e+01	  -1.7868665e+01	   2.7434261e+01	
  -1.3586040e+01	  -1.7657393e+01	   2.9058462e+01	
  -1.3954352e+01	  -1.7225211e+01	   3.0667341e+01	
  -1.4235648e+01	  -1.6569434e+01	   3.2214174e+01	
  -1.4417267e+01	  -1.5699014e+01	   3.3650887e+01	
  -1.4489195e+01	  -1.4635090e+01	   3.4931720e+01	
  -1.4444946e+01	  -1.3410160e+01	   3.6017061e+01	
  -1.4282207e+01	  -1.2065861e+01	   3.6876841e+01	
  -1.4003157e+01	  -1.0649594e+01	   3.7492944e+01	
  -1.3614397e+01	  -9.2104997e+00	   3.7860224e+01	
  -1.3126493e+01	  -7.7954151e+00	   3.7986025e+01	
  -1.2553208e+01	  -6.4454030e+00	   3.7888362e+01	
  -1.1910521e+01	  -5.1933074e+00	   3.7593182e+01	
  -1.1215563e+01	  -4.0625217e+00	   3.7131220e+01	
  -1.0485595e+01	  -3.0669222e+00	   3.6534960e+01	
  -9.7371312e+00	  -2.2117328e+00	   3.5836063e+01	
  -8.9852482e+00	  -1.4949914e+00	   3.5063484e+01	
  -8.2431243e+00	  -9.0929194e-01	   3.4242321e+01	
  -7.5217865e+00	  -4.4352538e-01	   3.3393308e+01	
  -6.8300402e+00	  -8.4437254e-02	   3.2532829e+01	
  -6.1745404e+00	   1.8209970e-01	   3.1673270e+01	
  -5.5599623e+00	   3.7012606e-01	   3.0823564e+01	
  -4.9892322e+00	   4.9293139e-01	   2.9989814e+01	
  -4.4637871e+00	   5.6264076e-01	   2.9175903e+01	
  -3.9838391e+00	   5.8999834e-01	   2.8384046e+01	
  -3.5486279e+00	   5.8429549e-01	   2.7615256e+01	
  -3.1566510e+00	   5.5339787e-01	   2.6869719e+01	
  -2.8058655e+00	   5.0383502e-01	   2.6147083e+01	
  -2.4938616e+00	   4.4092507e-01	   2.5446671e+01	
  -2.2180055e+00	   3.6891517e-01	   2.4767635e+01	
  -1.9755558e+00	   2.9112444e-01	   2.4109056e+01	
  -1.7637555e+00	   2.1008119e-01	   2.3470014e+01	
  -1.5799026e+00	   1.2764953e-01	   2.2849626e+01	
  -1.4214022e+00	   4.5142849e-02	   2.2247070e+01	
  -1.2858038e+00	  -3.6576639e-02	   2.1661593e+01	
  -1.1708265e+00	  -1.1701226e-01	   2.1092510e+01	
  -1.0743738e+00	  -1.9596036e-01	   2.0539204e+01	
  -9.9454118e-01	  -2.7344982e-01	   2.0001121e+01	
  -9.2961710e-01	  -3.4969247e-01	   1.9477758e+01	
  -8.7808036e-01	  -4.2504305e-01	   1.8968665e+01	
  -8.3859386e-01	  -4.9996758e-01	   1.8473430e+01	
  -8.0999647e-01	  -5.7501888e-01	   1.7991682e+01	
  -7.9129358e-01	  -6.5081832e-01	   1.7523082e+01	
  -7.8164715e-01	  -7.2804274e-01	   1.7067320e+01	
  -7.8036560e-01	  -8.0741586e-01	   1.6624117e+01	
  -7.8689411e-01	  -8.8970329e-01	   1.6193223e+01	
  -8.0080543e-01	  -9.7571071e-01	   1.5774411e+01	
  -8.2179163e-01	  -1.0662846e+00	   1.5367488e+01	
  -8.4965670e-01	  -1.1623153e+00	   1.4972287e+01	
  -8.8431031e-01	  -1.2647416e+00	   1.4588679e+01	
  -9.2576267e-01	  -1.3745569e+00	   1.4216568e+01	
  -9.7412051e-01	  -1.4928174e+00	   1.3855902e+01	
  -1.0295843e+00	  -1.6206503e+00	   1.3506678e+01	
  -1.0924464e+00	  -1.7592636e+00	   1.3168946e+01	
  -1.1630910e+00	  -1.9099573e+00	   1.2842823e+01	
  -1.2419938e+00	  -2.0741339e+00	   1.2528503e+01	
  -1.3297247e+00	  -2.2533108e+00	   1.2226268e+01	
  -1.4269494e+00	  -2.4491326e+00	   1.1936510e+01	
  -1.5344336e+00	  -2.6633830e+00	   1.1659746e+01	
  -1.6530470e+00	  -2.8979971e+00	   1.1396644e+01	
  -1.7837687e+00	  -3.1550731e+00	   1.1148052e+01	
  -1.9276922e+00	  -3.4368818e+00	   1.0915033e+01	
  -2.0860321e+00	  -3.7458743e+00	   1.0698909e+01	
  -2.2601293e+00	  -4.0846863e+00	   1.0501304e+01	
  -2.4514570e+00	  -4.4561364e+00	   1.0324209e+01	
  -2.6616249e+00	  -4.8632175e+00	   1.0170048e+01	
  -2.8923819e+00	  -5.3090770e+00	   1.0041762e+01	
  -3.1456163e+00	  -5.7969822e+00	   9.9429001e+00	
  -3.4233512e+00	  -6.3302665e+00	   9.8777296e+00	
  -3.7277345e+00	  -6.9122480e+00	   9.8513581e+00	
  -4.0610203e+00	  -7.5461140e+00	   9.8698690e+00	
  -4.4255387e+00	  -8.2347586e+00	   9.9404669e+00	
  -4.8236507e+00	  -8.9805642e+00	   1.0071628e+01	
  -5.2576832e+00	  -9.7851086e+00	   1.0273242e+01	
  -5.7298377e+00	  -1.0648784e+01	   1.0556736e+01	
  -6.2420672e+00	  -1.1570314e+01	   1.0935149e+01	
  -6.7959125e+00	  -1.2546145e+01	   1.1423120e+01	
  -7.3922909e+00	  -1.3569725e+01	   1.2036751e+01	
  -8.0312295e+00	  -1.4630650e+01	   1.2793265e+01	
  -8.7115391e+00	  -1.5713731e+01	   1.3710397e+01	
  -9.4304278e+00	  -1.6798037e+01	   1.4805408e+01	
  -1.0183064e+01	  -1.7856029e+01	   1.6093651e+01	
  -1.0962110e+01	  -1.8852970e+01	   1.7586615e+01	
  -1.1757267e+01	  -1.9746853e+01	   1.9289439e+01	
  -1.2554895e+01	  -2.0489178e+01	   2.1197997e+01	
  -1.3337792e+01	  -2.1026871e+01	   2.3295821e+01	
  -1.4085254e+01	  -2.1305649e+01	   2.5551309e+01	
  -1.4773513e+01	  -2.1274875e+01	   2.7915899e+01	
  -1.5376663e+01	  -2.0893662e+01	   3.0323995e+01	
  -1.5868114e+01	  -2.0137507e+01	   3.2695364e+01	
  -1.6222515e+01	  -1.9004297e+01	   3.4940427e+01	
  -1.6417982e+01	  -1.7518244e+01	   3.6968189e+01	
  -1.6438328e+01	  -1.5730433e+01	   3.8695813e+01	
  -1.6274941e+01	  -1.3715262e+01	   4.0058118e+01	
  -1.5927947e+01	  -1.1563023e+01	   4.1015024e+01	
  -1.5406426e+01	  -9.3699375e+00	   4.1555297e+01	
  -1.4727609e+01	  -7.2276586e+00	   4.1695868e+01	
  -1.3915213e+01	  -5.2143155e+00	   4.1477137e+01	
  -1.2997230e+01	  -3.3886073e+00	   4.0955610e+01	
  -1.2003523e+01	  -1.7875138e+00	   4.0195648e+01	
  -1.0963613e+01	  -4.2726917e-01	   3.9261947e+01	
  -9.9048795e+00	   6.9336228e-01	   3.8213810e+01	
  -8.8513088e+00	   1.5886611e+00	   3.7101626e+01	
  -7.8228026e+00	   2.2813828e+00	   3.5965390e+01	
  -6.8349589e+00	   2.7987265e+00	   3.4834811e+01	
  -5.8992196e+00	   3.1691814e+00	   3.3730417e+01	
  -5.0232572e+00	   3.4203181e+00	   3.2665178e+01	
  -4.2114927e+00	   3.5774217e+00	   3.1646225e+01	
  -3.4656617e+00	   3.6627901e+00	   3.0676461e+01	
  -2.7853676e+00	   3.6955050e+00	   2.9755914e+01	
  -2.1685891e+00	   3.6915109e+00	   2.8882807e+01	
  -1.6121217e+00	   3.6638705e+00	   2.8054357e+01	
  -1.1119486e+00	   3.6231073e+00	   2.7267335e+01	
  -6.6354173e-01	   3.5775731e+00	   2.6518441e+01	
  -2.6209957e-01	   3.5338051e+00	   2.5804538e+01	
   9.7270145e-02	   3.4968548e+00	   2.5122784e+01	
   4.1941485e-01	   3.4705775e+00	   2.4470693e+01	
   7.0903999e-01	   3.4578828e+00	   2.3846150e+01	
   9.7064309e-01	   3.4609465e+00	   2.3247409e+01	
   1.2084725e+00	   3.4813878e+00	   2.2673060e+01	
   1.4265056e+00	   3.5204153e+00	   2.2122005e+01	
   1.6284411e+00	   3.5789474e+00	   2.1593429e+01	
   1.8177034e+00	   3.6577085e+00	   2.1086771e+01	
   1.9974536e+00	   3.7573074e+00	   2.0601702e+01	
   2.1706069e+00	   3.8782982e+00	   2.0138113e+01	
   2.3398531e+00	   4.0212277e+00	   1.9696102e+01	
   2.5076793e+00	   4.1866709e+00	   1.9275971e+01	
   2.6763930e+00	   4.3752557e+00	   1.8878232e+01	
   2.8481450e+00	   4.5876793e+00	   1.8503609e+01	
   3.0249515e+00	   4.8247147e+00	   1.8153058e+01	
   3.2087142e+00	   5.0872101e+00	   1.7827781e+01	
   3.4012377e+00	   5.3760795e+00	   1.7529250e+01	
   3.6042442e+00	   5.6922848e+00	   1.7259237e+01	
   3.8193851e+00	   6.0368075e+00	   1.7019844e+01	
   4.0482473e+00	   6.4106106e+00	   1.6813537e+01	
   4.2923554e+00	   6.8145863e+00	   1.6643183e+01	
   4.5531678e+00	   7.2494899e+00	   1.6512092e+01	
   4.8320660e+00	   7.7158555e+00	   1.6424045e+01	
   5.1303360e+00	   8.2138918e+00	   1.6383330e+01	
   5.4491407e+00	   8.7433549e+00	   1.6394762e+01	
   5.7894809e+00	   9.3033949e+00	   1.6463688e+01	
   6.1521449e+00	   9.8923758e+00	   1.6595971e+01	
   6.5376439e+00	   1.0507667e+01	   1.6797933e+01	
   6.9461327e+00	   1.1145409e+01	   1.7076265e+01	
   7.3773143e+00	   1.1800259e+01	   1.7437861e+01	
   7.8303292e+00	   1.2465128e+01	   1.7889584e+01	
   8.3036303e+00	   1.3130927e+01	   1.8437939e+01	
   8.7948470e+00	   1.3786349e+01	   1.9088632e+01	
   9.3006446e+00	   1.4417725e+01	   1.9846018e+01	
   9.8165893e+00	   1.5009000e+01	   2.0712426e+01	
   1.0337031e+01	   1.5541891e+01	   2.1687399e+01	
   1.0855026e+01	   1.5996279e+01	   2.2766863e+01	
   1.1362312e+01	   1.6350890e+01	   2.3942323e+01	
   1.1849374e+01	   1.6584316e+01	   2.5200174e+01	
   1.2305611e+01	   1.6676344e+01	   2.6521255e+01	
   1.2719629e+01	   1.6609565e+01	   2.7880796e+01	
   1.3079668e+01	   1.6371129e+01	   2.9248893e+01	
   1.3374156e+01	   1.5954441e+01	   3.0591593e+01	
   1.3592355e+01	   1.5360576e+01	   3.1872609e+01	
   1.3725057e+01	   1.4599127e+01	   3.3055552e+01	
   1.3765266e+01	   1.3688286e+01	   3.4106475e+01	
   1.3708768e+01	   1.2654033e+01	   3.4996405e+01	
   1.3554533e+01	   1.1528462e+01	   3.5703515e+01	
   1.3304887e+01	   1.0347424e+01	   3.6214606e+01	
   1.2965420e+01	   9.1478223e+00	   3.6525701e+01	
   1.2544641e+01	   7.9649070e+00	   3.6641686e+01	
   1.2053428e+01	   6.8299582e+00	   3.6575114e+01	
   1.1504338e+01	   5.7685951e+00	   3.6344424e+01	
   1.0910855e+01	   4.7998501e+00	   3.5971863e+01	
   1.0286663e+01	   3.9359891e+00	   3.5481436e+01	
   9.6450014e+00	   3.1829541e+00	   3.4897110e+01	
   8.9981412e+00	   2.5412436e+00	   3.4241410e+01	
   8.3570157e+00	   2.0070287e+00	   3.3534487e+01	
   7.7309914e+00	   1.5733309e+00	   3.2793609e+01	
   7.1277726e+00	   1.2311290e+00	   3.2033006e+01	
   6.5534122e+00	   9.7031282e-01	   3.1263996e+01	
   6.0124041e+00	   7.8044725e-01	   3.0495263e+01	
   5.5078296e+00	   6.5134189e-01	   2.9733237e+01	
   5.0415353e+00	   5.7344336e-01	   2.8982497e+01	
   4.6143242e+00	   5.3807913e-01	   2.8246154e+01	
   4.2261456e+00	   5.3758453e-01	   2.7526202e+01	
   3.8762751e+00	   5.6534305e-01	   2.6823805e+01	
   3.5634775e+00	   6.1576650e-01	   2.6139542e+01	
   3.2861508e+00	   6.8423599e-01	   2.5473589e+01	
   3.0424498e+00	   7.6702025e-01	   2.4825861e+01	
   2.8303887e+00	   8.6118296e-01	   2.4196117e+01	
   2.6479261e+00	   9.6448770e-01	   2.3584035e+01	
   2.4930320e+00	   1.0753057e+00	   2.2989260e+01	
   2.3637406e+00	   1.1925303e+00	   2.2411443e+01	
   2.2581898e+00	   1.3154994e+00	   2.1850258e+01	
   2.1746506e+00	   1.4439274e+00	   2.1305422e+01	
   2.1115469e+00	   1.5778467e+00	   2.0776700e+01	
   2.0674693e+00	   1.7175577e+00	   2.0263916e+01	
   2.0411822e+00	   1.8635880e+00	   1.9766950e+01	
   2.0316274e+00	   2.0166589e+00	   1.9285751e+01	
   2.0379244e+00	   2.1776588e+00	   1.8820337e+01	
   2.0593683e+00	   2.3476227e+00	   1.8370803e+01	
   2.0954259e+00	   2.5277170e+00	   1.7937328e+01	
   2.1457321e+00	   2.7192279e+00	   1.7520186e+01	
   2.2100841e+00	   2.9235541e+00	   1.7119759e+01	
   2.2884369e+00	   3.1422010e+00	   1.6736548e+01	
   2.3808977e+00	   3.3767772e+00	   1.6371197e+01	
   2.4877219e+00	   3.6289912e+00	   1.6024510e+01	
   2.6093077e+00	   3.9006486e+00	   1.5697480e+01	
   2.7461916e+00	   4.1936466e+00	   1.5391314e+01	
   2.8990439e+00	   4.5099666e+00	   1.5107473e+01	
   3.0686632e+00	   4.8516623e+00	   1.4847711e+01	
   3.2559703e+00	   5.2208415e+00	   1.4614115e+01	
   3.4620007e+00	   5.6196392e+00	   1.4409166e+01	
   3.6878942e+00	   6.0501800e+00	   1.4235786e+01	
   3.9348818e+00	   6.5145252e+00	   1.4097408e+01	
   4.2042676e+00	   7.0146021e+00	   1.3998040e+01	
   4.4974050e+00	   7.5521099e+00	   1.3942336e+01	
   4.8156644e+00	   8.1283965e+00	   1.3935661e+01	
   5.1603906e+00	   8.7443017e+00	   1.3984155e+01	
   5.5328482e+00	   9.3999594e+00	   1.4094781e+01	
   5.9341503e+00	   1.0094554e+01	   1.4275348e+01	
   6.3651689e+00	   1.0826024e+01	   1.4534493e+01	
   6.8264225e+00	   1.1590716e+01	   1.4881607e+01	
   7.3179401e+00	   1.2382988e+01	   1.5326674e+01	
   7.8390968e+00	   1.3194770e+01	   1.5879995e+01	
   8.3884238e+00	   1.4015118e+01	   1.6551772e+01	
   8.9633940e+00	   1.4829780e+01	   1.7351504e+01	
   9.5601898e+00	   1.5620854e+01	   1.8287176e+01	
   1.0173469e+01	   1.6366605e+01	   1.9364225e+01	
   1.0796145e+01	   1.7041552e+01	   2.0584302e+01	
   1.1419219e+01	   1.7616945e+01	   2.1943869e+01	
   1.2031690e+01	   1.8061753e+01	   2.3432770e+01	
   1.2620603e+01	   1.8344251e+01	   2.5032942e+01	
   1.3171271e+01	   1.8434235e+01	   2.6717520e+01	
   1.3667713e+01	   1.8305774e+01	   2.8450637e+01	
   1.4093331e+01	   1.7940265e+01	   3.0188194e+01	
   1.4431813e+01	   1.7329407e+01	   3.1879785e+01	
   1.4668207e+01	   1.6477574e+01	   3.3471819e+01	
   1.4790070e+01	   1.5403070e+01	   3.4911568e+01	
   1.4788554e+01	   1.4137835e+01	   3.6151681e+01	
   1.4659276e+01	   1.2725429e+01	   3.7154460e+01	
   1.4402841e+01	   1.1217495e+01	   3.7895177e+01	
   1.4024917e+01	   9.6691857e+00	   3.8363847e+01	
   1.3535858e+01	   8.1343232e+00	   3.8565199e+01	
   1.2949906e+01	   6.6610509e+00	   3.8516927e+01	
   1.2284122e+01	   5.2885996e+00	   3.8246681e+01	
   1.1557165e+01	   4.0454927e+00	   3.7788407e+01	
   1.0788096e+01	   2.9491958e+00	   3.7178676e+01	
   9.9953188e+00	   2.0069615e+00	   3.6453523e+01	
   9.1957475e+00	   1.2174757e+00	   3.5646073e+01	
   8.4042283e+00	   5.7289201e-01	   3.4785069e+01	
   7.6332165e+00	   6.0903053e-02	   3.3894197e+01	
   6.8926715e+00	  -3.3339525e-01	   3.2992060e+01	
   6.1901245e+00	  -6.2597797e-01	   3.2092582e+01	
   5.5308654e+00	  -8.3274546e-01	   3.1205658e+01	
   4.9182048e+00	  -9.6873641e-01	   3.0337894e+01	
   4.3537691e+00	  -1.0476449e+00	   2.9493341e+01	
   3.8378026e+00	  -1.0815740e+00	   2.8674151e+01	
   3.3694551e+00	  -1.0809614e+00	   2.7881126e+01	
   2.9470434e+00	  -1.0546206e+00	   2.7114163e+01	
   2.5682797e+00	  -1.0098533e+00	   2.6372584e+01	
   2.2304664e+00	  -9.5260050e-01	   2.5655383e+01	
   1.9306562e+00	  -8.8761018e-01	   2.4961402e+01	
   1.6657814e+00	  -8.1860486e-01	   2.4289435e+01	
   1.4327552e+00	  -7.4844148e-01	   2.3638311e+01	
   1.2285483e+00	  -6.7925757e-01	   2.3006925e+01	
   1.0502459e+00	  -6.1260151e-01	   2.2394263e+01	
   8.9508711e-01	  -5.4954617e-01	   2.1799407e+01	
   7.6049055e-01	  -4.9078660e-01	   2.1221530e+01	
   6.4406930e-01	  -4.3672257e-01	   2.0659894e+01	
   5.4363696e-01	  -3.8752761e-01	   2.0113834e+01	
   4.5720728e-01	  -3.4320595e-01	   1.9582753e+01	
   3.8298890e-01	  -3.0363895e-01	   1.9066110e+01	
   3.1937662e-01	  -2.6862246e-01	   1.8563410e+01	
   2.6494035e-01	  -2.3789654e-01	   1.8074200e+01	
   2.1841252e-01	  -2.1116864e-01	   1.7598057e+01	
   1.7867490e-01	  -1.8813147e-01	   1.7134587e+01	
   1.4474506e-01	  -1.6847651e-01	   1.6683420e+01	
   1.1576306e-01	  -1.5190381e-01	   1.6244203e+01	
   9.0978636e-02	  -1.3812908e-01	   1.5816601e+01	
   6.9739012e-02	  -1.2688844e-01	   1.5400295e+01	
   5.1477532e-02	  -1.1794146e-01	   1.4994975e+01	
   3.5703138e-02	  -1.1107279e-01	   1.4600344e+01	
   2.1990745e-02	  -1.0609296e-01	   1.4216116e+01	
   9.9725036e-03	  -1.0283829e-01	   1.3842013e+01	
  -6.7008650e-04	  -1.0117042e-01	   1.3477767e+01	
  -1.0213245e-02	  -1.0097557e-01	   1.3123115e+01	
  -1.8897223e-02	  -1.0216349e-01	   1.2777805e+01	
  -2.6931926e-02	  -1.0466655e-01	   1.2441590e+01	
  -3.4501894e-02	  -1.0843867e-01	   1.2114231e+01	
  -4.1770733e-02	  -1.1345447e-01	   1.1795496e+01	
  -4.8885030e-02	  -1.1970850e-01	   1.1485158e+01	
  -5.5977849e-02	  -1.2721469e-01	   1.1182999e+01	
  -6.3171831e-02	  -1.3600590e-01	   1.0888804e+01	
  -7.0581988e-02	  -1.4613385e-01	   1.0602366e+01	
  -7.8318220e-02	  -1.5766912e-01	   1.0323485e+01	
  -8.6487611e-02	  -1.7070152e-01	   1.0051963e+01	
  -9.5196553e-02	  -1.8534066e-01	   9.7876130e+00	
  -1.0455274e-01	  -2.0171681e-01	   9.5302500e+00	
  -1.1466705e-01	  -2.1998204e-01	   9.2796966e+00	
  -1.2565539e-01	  -2.4031169e-01	   9.0357811e+00	
  -1.3764055e-01	  -2.6290608e-01	   8.7983380e+00	
  -1.5075395e-01	  -2.8799268e-01	   8.5672082e+00	
  -1.6513757e-01	  -3.1582851e-01	   8.3422389e+00	
  -1.8094591e-01	  -3.4670301e-01	   8.1232845e+00	
  -1.9834797e-01	  -3.8094134e-01	   7.9102069e+00	
  -2.1752952e-01	  -4.1890808e-01	   7.7028760e+00	
  -2.3869540e-01	  -4.6101147e-01	   7.5011705e+00	
  -2.6207212e-01	  -5.0770820e-01	   7.3049791e+00	
  -2.8791065e-01	  -5.5950880e-01	   7.1142014e+00	
  -3.1648951e-01	  -6.1698367e-01	   6.9287499e+00	
  -3.4811816e-01	  -6.8076992e-01	   6.7485518e+00	
  -3.8314077e-01	  -7.5157888e-01	   6.5735515e+00	
  -4.2194039e-01	  -8.3020466e-01	   6.4037136e+00	
  -4.6494355e-01	  -9.1753350e-01	   6.2390268e+00	
  -5.1262542e-01	  -1.0145544e+00	   6.0795087e+00	
  -5.6551550e-01	  -1.1223705e+00	   5.9252120e+00	
  -6.2420392e-01	  -1.2422124e+00	   5.7762312e+00	
  -6.8934848e-01	  -1.3754519e+00	   5.6327125e+00	
  -7.6168240e-01	  -1.5236179e+00	   5.4948646e+00	
  -8.4202289e-01	  -1.6884133e+00	   5.3629729e+00	
  -9.3128060e-01	  -1.8717333e+00	   5.2374173e+00	
  -1.0304700e+00	  -2.0756856e+00	   5.1186931e+00	
  -1.1407206e+00	  -2.3026109e+00	   5.0074384e+00	
  -1.2632896e+00	  -2.5551052e+00	   4.9044666e+00	
  -1.3995745e+00	  -2.8360420e+00	   4.8108076e+00	
  -1.5511278e+00	  -3.1485941e+00	   4.7277576e+00	
  -1.7196715e+00	  -3.4962539e+00	   4.6569413e+00	
  -1.9071121e+00	  -3.8828507e+00	   4.6003879e+00	
  -2.1155561e+00	  -4.3125614e+00	   4.5606234e+00	
  -2.3473236e+00	  -4.7899120e+00	   4.5407838e+00	
  -2.6049614e+00	  -5.3197647e+00	   4.5447518e+00	
  -2.8912514e+00	  -5.9072830e+00	   4.5773206e+00	
  -3.2092142e+00	  -6.5578657e+00	   4.6443891e+00	
  -3.5621040e+00	  -7.2770362e+00	   4.7531903e+00	
  -3.9533901e+00	  -8.0702716e+00	   4.9125552e+00	
  -4.3867210e+00	  -8.9427464e+00	   5.1332077e+00	
  -4.8658610e+00	  -9.8989656e+00	   5.4280849e+00	
  -5.3945929e+00	  -1.0942249e+01	   5.8126636e+00	
  -5.9765702e+00	  -1.2074032e+01	   6.3052615e+00	
  -6.6151075e+00	  -1.3292929e+01	   6.9272610e+00	
  -7.3128881e+00	  -1.4593528e+01	   7.7031729e+00	
  -8.0715705e+00	  -1.5964887e+01	   8.6604208e+00	
  -8.8912750e+00	  -1.7388737e+01	   9.8286794e+00	
  -9.7699364e+00	  -1.8837465e+01	   1.1238556e+01	
  -1.0702522e+01	  -2.0272052e+01	   1.2919371e+01	
  -1.1680141e+01	  -2.1640317e+01	   1.4895792e+01	
  -1.2689102e+01	  -2.2875978e+01	   1.7183188e+01	
  -1.3710044e+01	  -2.3899301e+01	   1.9781749e+01	
  -1.4717326e+01	  -2.4620213e+01	   2.2669857e+01	
  -1.5678917e+01	  -2.4944698e+01	   2.5797729e+01	
  -1.6557093e+01	  -2.4784875e+01	   2.9082997e+01	
  -1.7310177e+01	  -2.4072214e+01	   3.2410366e+01	
  -1.7895460e+01	  -2.2771998e+01	   3.5637347e+01	
  -1.8273152e+01	  -2.0895786e+01	   3.8607049e+01	
  -1.8410886e+01	  -1.8507919e+01	   4.1167006e+01	
  -1.8287980e+01	  -1.5722835e+01	   4.3190594e+01	
  -1.7898557e+01	  -1.2692279e+01	   4.4595856e+01	
  -1.7252730e+01	  -9.5847663e+00	   4.5356591e+01	
  -1.6375555e+01	  -6.5623136e+00	   4.5502757e+01	
  -1.5303963e+01	  -3.7602818e+00	   4.5110627e+01	
  -1.4082417e+01	  -1.2746829e+00	   4.4286236e+01	
  -1.2758194e+01	   8.4154764e-01	   4.3147021e+01	
  -1.1377163e+01	   2.5746012e+00	   4.1805985e+01	
  -9.9805923e+00	   3.9410904e+00	   4.0360864e+01	
  -8.6031860e+00	   4.9777295e+00	   3.8888787e+01	
  -7.2722737e+00	   5.7317862e+00	   3.7445454e+01	
  -6.0078881e+00	   6.2535958e+00	   3.6067312e+01	
  -4.8234315e+00	   6.5914811e+00	   3.4775188e+01	
  -3.7266555e+00	   6.7888228e+00	   3.3578269e+01	
  -2.7207425e+00	   6.8827653e+00	   3.2477734e+01	
  -1.8053502e+00	   6.9040137e+00	   3.1469718e+01	
  -9.7754226e-01	   6.8772668e+00	   3.0547553e+01	
  -2.3257287e-01	   6.8219594e+00	   2.9703340e+01	
   4.3548101e-01	   6.7530988e+00	   2.8928987e+01	
   1.0332258e+00	   6.6820767e+00	   2.8216842e+01	
   1.5675781e+00	   6.6173931e+00	   2.7560032e+01	
   2.0454906e+00	   6.5652722e+00	   2.6952622e+01	
   2.4737577e+00	   6.5301699e+00	   2.6389645e+01	
   2.8588823e+00	   6.5151812e+00	   2.5867055e+01	
   3.2069908e+00	   6.5223632e+00	   2.5381658e+01	
   3.5237823e+00	   6.5529881e+00	   2.4931012e+01	
   3.8145050e+00	   6.6077372e+00	   2.4513337e+01	
   4.0839499e+00	   6.6868492e+00	   2.4127423e+01	
   4.3364582e+00	   6.7902309e+00	   2.3772552e+01	
   4.5759361e+00	   6.9175367e+00	   2.3448432e+01	
   4.8058754e+00	   7.0682243e+00	   2.3155134e+01	
   5.0293761e+00	   7.2415890e+00	   2.2893050e+01	
   5.2491689e+00	   7.4367815e+00	   2.2662850e+01	
   5.4676371e+00	   7.6528112e+00	   2.2465444e+01	
   5.6868358e+00	   7.8885373e+00	   2.2301955e+01	
   5.9085078e+00	   8.1426500e+00	   2.2173684e+01	
   6.1340963e+00	   8.4136426e+00	   2.2082082e+01	
   6.3647528e+00	   8.6997770e+00	   2.2028711e+01	
   6.6013411e+00	   8.9990433e+00	   2.2015208e+01	
   6.8444367e+00	   9.3091175e+00	   2.2043234e+01	
   7.0943219e+00	   9.6273168e+00	   2.2114412e+01	
   7.3509781e+00	   9.9505578e+00	   2.2230266e+01	
   7.6140741e+00	   1.0275320e+01	   2.2392129e+01	
   7.8829526e+00	   1.0597619e+01	   2.2601052e+01	
   8.1566172e+00	   1.0912994e+01	   2.2857691e+01	
   8.4337185e+00	   1.1216517e+01	   2.3162185e+01	
   8.7125456e+00	   1.1502825e+01	   2.3514021e+01	
   8.9910210e+00	   1.1766183e+01	   2.3911904e+01	
   9.2667058e+00	   1.2000592e+01	   2.4353614e+01	
   9.5368145e+00	   1.2199925e+01	   2.4835892e+01	
   9.7982449e+00	   1.2358111e+01	   2.5354337e+01	
   1.0047624e+01	   1.2469360e+01	   2.5903346e+01	
   1.0281372e+01	   1.2528415e+01	   2.6476103e+01	
   1.0495788e+01	   1.2530827e+01	   2.7064630e+01	
   1.0687147e+01	   1.2473236e+01	   2.7659914e+01	
   1.0851826e+01	   1.2353633e+01	   2.8252104e+01	
   1.0986428e+01	   1.2171583e+01	   2.8830796e+01	
   1.1087921e+01	   1.1928383e+01	   2.9385370e+01	
   1.1153772e+01	   1.1627133e+01	   2.9905387e+01	
   1.1182071e+01	   1.1272705e+01	   3.0381002e+01	
   1.1171634e+01	   1.0871609e+01	   3.0803366e+01	
   1.1122078e+01	   1.0431745e+01	   3.1164991e+01	
   1.1033863e+01	   9.9620751e+00	   3.1460038e+01	
   1.0908293e+01	   9.4722307e+00	   3.1684513e+01	
   1.0747482e+01	   8.9720839e+00	   3.1836347e+01	
   1.0554275e+01	   8.4713285e+00	   3.1915370e+01	
   1.0332143e+01	   7.9790940e+00	   3.1923175e+01	
   1.0085057e+01	   7.5036240e+00	   3.1862902e+01	
   9.8173417e+00	   7.0520371e+00	   3.1738960e+01	
   9.5335254e+00	   6.6301768e+00	   3.1556720e+01	
   9.2381982e+00	   6.2425518e+00	   3.1322197e+01	
   8.9358780e+00	   5.8923555e+00	   3.1041754e+01	
   8.6308964e+00	   5.5815515e+00	   3.0721847e+01	
   8.3273053e+00	   5.3110071e+00	   3.0368801e+01	
   8.0288072e+00	   5.0806572e+00	   2.9988656e+01	
   7.7387080e+00	   4.8896824e+00	   2.9587040e+01	
   7.4598919e+00	   4.7366867e+00	   2.9169112e+01	
   7.1948147e+00	   4.6198659e+00	   2.8739523e+01	
   6.9455131e+00	   4.5371583e+00	   2.8302419e+01	
   6.7136269e+00	   4.4863738e+00	   2.7861463e+01	
   6.5004295e+00	   4.4653008e+00	   2.7419874e+01	
   6.3068650e+00	   4.4717898e+00	   2.6980477e+01	
   6.1335889e+00	   4.5038156e+00	   2.6545750e+01	
   5.9810094e+00	   4.5595212e+00	   2.6117881e+01	
   5.8493282e+00	   4.6372450e+00	   2.5698822e+01	
   5.7385801e+00	   4.7355344e+00	   2.5290332e+01	
   5.6486683e+00	   4.8531485e+00	   2.4894027e+01	
   5.5793974e+00	   4.9890516e+00	   2.4511417e+01	
   5.5305013e+00	   5.1424005e+00	   2.4143942e+01	
   5.5016676e+00	   5.3125260e+00	   2.3793006e+01	
   5.4925573e+00	   5.4989097e+00	   2.3460002e+01	
   5.5028210e+00	   5.7011588e+00	   2.3146342e+01	
   5.5321096e+00	   5.9189770e+00	   2.2853470e+01	
   5.5800829e+00	   6.1521332e+00	   2.2582890e+01	
   5.6464125e+00	   6.4004281e+00	   2.2336176e+01	
   5.7307825e+00	   6.6636580e+00	   2.2114985e+01	
   5.8328861e+00	   6.9415763e+00	   2.1921070e+01	
   5.9524183e+00	   7.2338517e+00	   2.1756284e+01	
   6.0890657e+00	   7.5400237e+00	   2.1622581e+01	
   6.2424928e+00	   7.8594546e+00	   2.1522013e+01	
   6.4123246e+00	   8.1912783e+00	   2.1456718e+01	
   6.5981263e+00	   8.5343466e+00	   2.1428901e+01	
   6.7993792e+00	   8.8871723e+00	   2.1440808e+01	
   7.0154537e+00	   9.2478724e+00	   2.1494678e+01	
   7.2455795e+00	   9.6141109e+00	   2.1592697e+01	
   7.4888133e+00	   9.9830460e+00	   2.1736920e+01	
   7.7440046e+00	   1.0351283e+01	   2.1929185e+01	
   8.0097613e+00	   1.0714841e+01	   2.2171011e+01	
   8.2844154e+00	   1.1069133e+01	   2.2463466e+01	
   8.5659924e+00	   1.1408971e+01	   2.2807032e+01	
   8.8521841e+00	   1.1728607e+01	   2.3201447e+01	
   9.1403305e+00	   1.2021802e+01	   2.3645540e+01	
   9.4274120e+00	   1.2281945e+01	   2.4137077e+01	
   9.7100559e+00	   1.2502226e+01	   2.4672601e+01	
   9.9845613e+00	   1.2675848e+01	   2.5247320e+01	
   1.0246944e+01	   1.2796302e+01	   2.5855022e+01	
   1.0493006e+01	   1.2857672e+01	   2.6488061e+01	
   1.0718428e+01	   1.2854972e+01	   2.7137414e+01	
   1.0918886e+01	   1.2784492e+01	   2.7792836e+01	
   1.1090189e+01	   1.2644111e+01	   2.8443105e+01	
   1.1228432e+01	   1.2433574e+01	   2.9076364e+01	
   1.1330155e+01	   1.2154672e+01	   2.9680546e+01	
   1.1392499e+01	   1.1811322e+01	   3.0243851e+01	
   1.1413352e+01	   1.1409511e+01	   3.0755253e+01	
   1.1391468e+01	   1.0957108e+01	   3.1204985e+01	
   1.1326543e+01	   1.0463545e+01	   3.1584960e+01	
   1.1219261e+01	   9.9394005e+00	   3.1889104e+01	
   1.1071283e+01	   9.3958976e+00	   3.2113554e+01	
   1.0885189e+01	   8.8443901e+00	   3.2256719e+01	
   1.0664381e+01	   8.2958554e+00	   3.2319203e+01	
   1.0412945e+01	   7.7604497e+00	   3.2303602e+01	
   1.0135488e+01	   7.2471504e+00	   3.2214205e+01	
   9.8369695e+00	   6.7635077e+00	   3.2056638e+01	
   9.5225170e+00	   6.3155092e+00	   3.1837478e+01	
   9.1972643e+00	   5.9075538e+00	   3.1563873e+01	
   8.8662005e+00	   5.5425169e+00	   3.1243206e+01	
   8.5340451e+00	   5.2218884e+00	   3.0882796e+01	
   8.2051510e+00	   4.9459586e+00	   3.0489678e+01	
   7.8834345e+00	   4.7140309e+00	   3.0070433e+01	
   7.5723344e+00	   4.5246412e+00	   2.9631085e+01	
   7.2747943e+00	   4.3757696e+00	   2.9177052e+01	
   6.9932665e+00	   4.2650321e+00	   2.8713130e+01	
   6.7297323e+00	   4.1898489e+00	   2.8243520e+01	
   6.4857353e+00	   4.1475817e+00	   2.7771869e+01	
   6.2624226e+00	   4.1356451e+00	   2.7301330e+01	
   6.0605925e+00	   4.1515885e+00	   2.6834623e+01	
   5.8807427e+00	   4.1931555e+00	   2.6374102e+01	
   5.7231202e+00	   4.2583216e+00	   2.5921822e+01	
   5.5877678e+00	   4.3453150e+00	   2.5479592e+01	
   5.4745680e+00	   4.4526234e+00	   2.5049037e+01	
   5.3832833e+00	   4.5789900e+00	   2.4631644e+01	
   5.3135908e+00	   4.7234008e+00	   2.4228801e+01	
   5.2651130e+00	   4.8850661e+00	   2.3841844e+01	
   5.2374431e+00	   5.0633975e+00	   2.3472080e+01	
   5.2301657e+00	   5.2579808e+00	   2.3120827e+01	
   5.2428727e+00	   5.4685470e+00	   2.2789428e+01	
   5.2751749e+00	   5.6949410e+00	   2.2479286e+01	
   5.3267099e+00	   5.9370877e+00	   2.2191875e+01	
   5.3971446e+00	   6.1949568e+00	   2.1928762e+01	
   5.4861758e+00	   6.4685250e+00	   2.1691620e+01	
   5.5935253e+00	   6.7577351e+00	   2.1482243e+01	
   5.7189329e+00	   7.0624527e+00	   2.1302554e+01	
   5.8621443e+00	   7.3824187e+00	   2.1154609e+01	
   6.0228970e+00	   7.7171979e+00	   2.1040596e+01	
   6.2009013e+00	   8.0661234e+00	   2.0962834e+01	
   6.3958176e+00	   8.4282365e+00	   2.0923749e+01	
   6.6072313e+00	   8.8022228e+00	   2.0925859e+01	
   6.8346217e+00	   9.1863454e+00	   2.0971728e+01	
   7.0773295e+00	   9.5783761e+00	   2.1063918e+01	
   7.3345194e+00	   9.9755282e+00	   2.1204914e+01	
   7.6051411e+00	   1.0374394e+01	   2.1397039e+01	
   7.8878874e+00	   1.0770892e+01	   2.1642335e+01	
   8.1811531e+00	   1.1160229e+01	   2.1942431e+01	
   8.4829944e+00	   1.1536886e+01	   2.2298381e+01	
   8.7910929e+00	   1.1894639e+01	   2.2710486e+01	
   9.1027266e+00	   1.2226616e+01	   2.3178099e+01	
   9.4147517e+00	   1.2525412e+01	   2.3699421e+01	
   9.7235993e+00	   1.2783256e+01	   2.4271313e+01	
   1.0025292e+01	   1.2992244e+01	   2.4889117e+01	
   1.0315486e+01	   1.3144645e+01	   2.5546531e+01	
   1.0589535e+01	   1.3233250e+01	   2.6235549e+01	
   1.0842591e+01	   1.3251777e+01	   2.6946481e+01	
   1.1069733e+01	   1.3195294e+01	   2.7668094e+01	
   1.1266120e+01	   1.3060627e+01	   2.8387860e+01	
   1.1427169e+01	   1.2846720e+01	   2.9092339e+01	
   1.1548747e+01	   1.2554907e+01	   2.9767663e+01	
   1.1627363e+01	   1.2189049e+01	   3.0400111e+01	
   1.1660348e+01	   1.1755516e+01	   3.0976723e+01	
   1.1646007e+01	   1.1262998e+01	   3.1485910e+01	
   1.1583733e+01	   1.0722148e+01	   3.1917995e+01	
   1.1474063e+01	   1.0145079e+01	   3.2265646e+01	
   1.1318686e+01	   9.5447663e+00	   3.2524146e+01	
   1.1120377e+01	   8.9344073e+00	   3.2691491e+01	
   1.0882891e+01	   8.3267916e+00	   3.2768307e+01	
   1.0610798e+01	   7.7337437e+00	   3.2757608e+01	
   1.0309295e+01	   7.1656759e+00	   3.2664431e+01	
   9.9839926e+00	   6.6312793e+00	   3.2495385e+01	
   9.6407037e+00	   6.1373602e+00	   3.2258182e+01	
   9.2852439e+00	   5.6888136e+00	   3.1961160e+01	
   8.9232517e+00	   5.2887139e+00	   3.1612876e+01	
   8.5600407e+00	   4.9384936e+00	   3.1221743e+01	
   8.2004847e+00	   4.6381804e+00	   3.0795770e+01	
   7.8489397e+00	   4.3866643e+00	   3.0342366e+01	
   7.5091970e+00	   4.1819685e+00	   2.9868232e+01	
   7.1844678e+00	   4.0215071e+00	   2.9379311e+01	
   6.8773916e+00	   3.9023158e+00	   2.8880789e+01	
   6.5900646e+00	   3.8212486e+00	   2.8377133e+01	
   6.3240816e+00	   3.7751386e+00	   2.7872156e+01	
   6.0805888e+00	   3.7609218e+00	   2.7369093e+01	
   5.8603402e+00	   3.7757290e+00	   2.6870682e+01	
   5.6637574e+00	   3.8169476e+00	   2.6379244e+01	
   5.4909871e+00	   3.8822605e+00	   2.5896767e+01	
   5.3419566e+00	   3.9696641e+00	   2.5424967e+01	
   5.2164249e+00	   4.0774715e+00	   2.4965361e+01	
   5.1140285e+00	   4.2043045e+00	   2.4519314e+01	
   5.0343214e+00	   4.3490762e+00	   2.4088093e+01	
   4.9768100e+00	   4.5109684e+00	   2.3672905e+01	
   4.9409816e+00	   4.6894046e+00	   2.3274937e+01	
   4.9263279e+00	   4.8840199e+00	   2.2895383e+01	
   4.9323634e+00	   5.0946297e+00	   2.2535475e+01	
   4.9586383e+00	   5.3211963e+00	   2.2196506e+01	
   5.0047482e+00	   5.5637945e+00	   2.1879854e+01	
   5.0703377e+00	   5.8225757e+00	   2.1587002e+01	
   5.1551024e+00	   6.0977303e+00	   2.1319553e+01	
   5.2587849e+00	   6.3894475e+00	   2.1079254e+01	
   5.3811686e+00	   6.6978721e+00	   2.0868001e+01	
   5.5220673e+00	   7.0230576e+00	   2.0687857e+01	
   5.6813111e+00	   7.3649148e+00	   2.0541058e+01	
   5.8587286e+00	   7.7231551e+00	   2.0430013e+01	
   6.0541252e+00	   8.0972278e+00	   2.0357302e+01	
   6.2672567e+00	   8.4862515e+00	   2.0325659e+01	
   6.4977996e+00	   8.8889400e+00	   2.0337951e+01	
   6.7453159e+00	   9.3035227e+00	   2.0397135e+01	
   7.0092140e+00	   9.7276619e+00	   2.0506203e+01	
   7.2887052e+00	   1.0158369e+01	   2.0668102e+01	
   7.5827570e+00	   1.0591927e+01	   2.0885627e+01	
   7.8900430e+00	   1.1023817e+01	   2.1161299e+01	
   8.2088922e+00	   1.1448667e+01	   2.1497193e+01	
   8.5372390e+00	   1.1860230e+01	   2.1894755e+01	
   8.8725777e+00	   1.2251390e+01	   2.2354578e+01	
   9.2119241e+00	   1.2614229e+01	   2.2876166e+01	
   9.5517907e+00	   1.2940153e+01	   2.3457680e+01	
   9.8881794e+00	   1.3220095e+01	   2.4095692e+01	
   1.0216598e+01	   1.3444797e+01	   2.4784964e+01	
   1.0532105e+01	   1.3605179e+01	   2.5518283e+01	
   1.0829392e+01	   1.3692781e+01	   2.6286376e+01	
   1.1102902e+01	   1.3700268e+01	   2.7077938e+01	
   1.1346984e+01	   1.3621961e+01	   2.7879802e+01	
   1.1556084e+01	   1.3454344e+01	   2.8677265e+01	
   1.1724967e+01	   1.3196516e+01	   2.9454570e+01	
   1.1848949e+01	   1.2850506e+01	   3.0195534e+01	
   1.1924134e+01	   1.2421430e+01	   3.0884275e+01	
   1.1947631e+01	   1.1917422e+01	   3.1505990e+01	
   1.1917735e+01	   1.1349351e+01	   3.2047704e+01	
   1.1834049e+01	   1.0730324e+01	   3.2498921e+01	
   1.1697542e+01	   1.0075011e+01	   3.2852112e+01	
   1.1510533e+01	   9.3988701e+00	   3.3102988e+01	
   1.1276596e+01	   8.7173320e+00	   3.3250537e+01	
   1.1000400e+01	   8.0450385e+00	   3.3296837e+01	
   1.0687498e+01	   7.3951897e+00	   3.3246677e+01	
   1.0344082e+01	   6.7790568e+00	   3.3107037e+01	
   9.9767194e+00	   6.2056813e+00	   3.2886497e+01	
   9.5921006e+00	   5.6817612e+00	   3.2594639e+01	
   9.1968048e+00	   5.2117032e+00	   3.2241478e+01	
   8.7971008e+00	   4.7978072e+00	   3.1836989e+01	
   8.3987885e+00	   4.4405427e+00	   3.1390723e+01	
   8.0070852e+00	   4.1388766e+00	   3.0911537e+01	
   7.6265547e+00	   3.8906168e+00	   3.0407425e+01	
   7.2610753e+00	   3.6927442e+00	   2.9885439e+01	
   6.9138412e+00	   3.5417135e+00	   2.9351679e+01	
   6.5873906e+00	   3.4337108e+00	   2.8811340e+01	
   6.2836527e+00	   3.3648649e+00	   2.8268784e+01	
   6.0040088e+00	   3.3314106e+00	   2.7727643e+01	
   5.7493608e+00	   3.3298088e+00	   2.7190920e+01	
   5.5202021e+00	   3.3568287e+00	   2.6661095e+01	
   5.3166889e+00	   3.4095983e+00	   2.6140226e+01	
   5.1387076e+00	   3.4856291e+00	   2.5630031e+01	
   4.9859376e+00	   3.5828218e+00	   2.5131976e+01	
   4.8579074e+00	   3.6994571e+00	   2.4647333e+01	
   4.7540443e+00	   3.8341764e+00	   2.4177248e+01	
   4.6737175e+00	   3.9859557e+00	   2.3722782e+01	
   4.6162736e+00	   4.1540749e+00	   2.3284955e+01	
   4.5810660e+00	   4.3380849e+00	   2.2864786e+01	
   4.5674791e+00	   4.5377735e+00	   2.2463316e+01	
   4.5749453e+00	   4.7531299e+00	   2.2081643e+01	
   4.6029585e+00	   4.9843104e+00	   2.1720942e+01	
   4.6510824e+00	   5.2316028e+00	   2.1382489e+01	
   4.7189542e+00	   5.4953901e+00	   2.1067684e+01	
   4.8062855e+00	   5.7761136e+00	   2.0778069e+01	
   4.9128584e+00	   6.0742335e+00	   2.0515350e+01	
   5.0385188e+00	   6.3901867e+00	   2.0281415e+01	
   5.1831660e+00	   6.7243405e+00	   2.0078346e+01	
   5.3467380e+00	   7.0769414e+00	   1.9908438e+01	
   5.5291946e+00	   7.4480576e+00	   1.9774210e+01	
   5.7304942e+00	   7.8375143e+00	   1.9678401e+01	
   5.9505682e+00	   8.2448208e+00	   1.9623975e+01	
   6.1892890e+00	   8.6690892e+00	   1.9614106e+01	
   6.4464341e+00	   9.1089446e+00	   1.9652143e+01	
   6.7216438e+00	   9.5624279e+00	   1.9741574e+01	
   7.0143736e+00	   1.0026893e+01	   1.9885950e+01	
   7.3238418e+00	   1.0498901e+01	   2.0088795e+01	
   7.6489712e+00	   1.0974121e+01	   2.0353475e+01	
   7.9883280e+00	   1.1447236e+01	   2.0683034e+01	
   8.3400586e+00	   1.1911880e+01	   2.1079995e+01	
   8.7018273e+00	   1.2360597e+01	   2.1546113e+01	
   9.0707593e+00	   1.2784866e+01	   2.2082096e+01	
   9.4433936e+00	   1.3175178e+01	   2.2687296e+01	
   9.8156526e+00	   1.3521208e+01	   2.3359388e+01	
   1.0182835e+01	   1.3812086e+01	   2.4094051e+01	
   1.0539642e+01	   1.4036779e+01	   2.4884699e+01	
   1.0880238e+01	   1.4184575e+01	   2.5722277e+01	
   1.1198366e+01	   1.4245683e+01	   2.6595185e+01	
   1.1487502e+01	   1.4211886e+01	   2.7489354e+01	
   1.1741064e+01	   1.4077222e+01	   2.8388523e+01	
   1.1952665e+01	   1.3838627e+01	   2.9274719e+01	
   1.2116396e+01	   1.3496452e+01	   3.0128957e+01	
   1.2227124e+01	   1.3054801e+01	   3.0932099e+01	
   1.2280779e+01	   1.2521602e+01	   3.1665831e+01	
   1.2274613e+01	   1.1908388e+01	   3.2313655e+01	
   1.2207389e+01	   1.1229785e+01	   3.2861798e+01	
   1.2079500e+01	   1.0502736e+01	   3.3299947e+01	
   1.1892987e+01	   9.7455378e+00	   3.3621706e+01	
   1.1651462e+01	   8.9767975e+00	   3.3824764e+01	
   1.1359936e+01	   8.2144148e+00	   3.3910732e+01	
   1.1024577e+01	   7.4746875e+00	   3.3884724e+01	
   1.0652411e+01	   6.7716239e+00	   3.3754715e+01	
   1.0250996e+01	   6.1164991e+00	   3.3530790e+01	
   9.8281066e+00	   5.5176662e+00	   3.3224358e+01	
   9.3914290e+00	   4.9805951e+00	   3.2847417e+01	
   8.9483089e+00	   4.5080966e+00	   3.2411913e+01	
   8.5055452e+00	   4.1006739e+00	   3.1929246e+01	
   8.0692431e+00	   3.7569455e+00	   3.1409912e+01	
   7.6447223e+00	   3.4740905e+00	   3.0863293e+01	
   7.2364754e+00	   3.2482764e+00	   3.0297558e+01	
   6.8481699e+00	   3.0750446e+00	   2.9719667e+01	
   6.4826831e+00	   2.9496363e+00	   2.9135435e+01	
   6.1421617e+00	   2.8672558e+00	   2.8549643e+01	
   5.8280988e+00	   2.8232703e+00	   2.7966167e+01	
   5.5414180e+00	   2.8133539e+00	   2.7388125e+01	
   5.2825623e+00	   2.8335816e+00	   2.6818005e+01	
   5.0515810e+00	   2.8804846e+00	   2.6257793e+01	
   4.8482114e+00	   2.9510744e+00	   2.5709086e+01	
   4.6719551e+00	   3.0428428e+00	   2.5173183e+01	
   4.5221447e+00	   3.1537467e+00	   2.4651169e+01	
   4.3980036e+00	   3.2821803e+00	   2.4143981e+01	
   4.2986961e+00	   3.4269417e+00	   2.3652461e+01	
   4.2233694e+00	   3.5871949e+00	   2.3177405e+01	
   4.1711888e+00	   3.7624307e+00	   2.2719597e+01	
   4.1413644e+00	   3.9524277e+00	   2.2279845e+01	
   4.1331732e+00	   4.1572143e+00	   2.1859004e+01	
   4.1459739e+00	   4.3770316e+00	   2.1458006e+01	
   4.1792182e+00	   4.6122979e+00	   2.1077880e+01	
   4.2324570e+00	   4.8635740e+00	   2.0719774e+01	
   4.3053427e+00	   5.1315289e+00	   2.0384979e+01	
   4.3976283e+00	   5.4169050e+00	   2.0074949e+01	
   4.5091632e+00	   5.7204814e+00	   1.9791325e+01	
   4.6398851e+00	   6.0430347e+00	   1.9535957e+01	
   4.7898101e+00	   6.3852957e+00	   1.9310921e+01	
   4.9590178e+00	   6.7479004e+00	   1.9118548e+01	
   5.1476342e+00	   7.1313336e+00	   1.8961437e+01	
   5.3558093e+00	   7.5358647e+00	   1.8842471e+01	
   5.5836913e+00	   7.9614721e+00	   1.8764826e+01	
   5.8313945e+00	   8.4077573e+00	   1.8731973e+01	
   6.0989623e+00	   8.8738459e+00	   1.8747662e+01	
   6.3863234e+00	   9.3582768e+00	   1.8815895e+01	
   6.6932409e+00	   9.8588788e+00	   1.8940874e+01	
   7.0192539e+00	   1.0372639e+01	   1.9126922e+01	
   7.3636128e+00	   1.0895566e+01	   1.9378363e+01	
   7.7252064e+00	   1.1422556e+01	   1.9699369e+01	
   8.1024848e+00	   1.1947267e+01	   2.0093747e+01	
   8.4933784e+00	   1.2462031e+01	   2.0564681e+01	
   8.8952181e+00	   1.2957799e+01	   2.1114415e+01	
   9.3046616e+00	   1.3424162e+01	   2.1743881e+01	
   9.7176322e+00	   1.3849462e+01	   2.2452296e+01	
   1.0129280e+01	   1.4221020e+01	   2.3236727e+01	
   1.0533976e+01	   1.4525507e+01	   2.4091681e+01	
   1.0925345e+01	   1.4749468e+01	   2.5008744e+01	
   1.1296362e+01	   1.4879994e+01	   2.5976342e+01	
   1.1639498e+01	   1.4905530e+01	   2.6979669e+01	
   1.1946945e+01	   1.4816769e+01	   2.8000850e+01	
   1.2210894e+01	   1.4607548e+01	   2.9019386e+01	
   1.2423881e+01	   1.4275660e+01	   3.0012889e+01	
   1.2579159e+01	   1.3823469e+01	   3.0958097e+01	
   1.2671082e+01	   1.3258217e+01	   3.1832094e+01	
   1.2695467e+01	   1.2591950e+01	   3.2613634e+01	
   1.2649887e+01	   1.1841028e+01	   3.3284428e+01	
   1.2533880e+01	   1.1025236e+01	   3.3830237e+01	
   1.2349026e+01	   1.0166590e+01	   3.4241645e+01	
   1.2098905e+01	   9.2879660e+00	   3.4514428e+01	
   1.1788917e+01	   8.4117085e+00	   3.4649472e+01	
   1.1425996e+01	   7.5583754e+00	   3.4652295e+01	
   1.1018248e+01	   6.7457426e+00	   3.4532250e+01	
   1.0574533e+01	   5.9881429e+00	   3.4301533e+01	
   1.0104053e+01	   5.2961594e+00	   3.3974126e+01	
   9.6159605e+00	   4.6766466e+00	   3.3564793e+01	
   9.1190176e+00	   4.1330149e+00	   3.3088219e+01	
   8.6213304e+00	   3.6656987e+00	   3.2558332e+01	
   8.1301532e+00	   3.2727238e+00	   3.1987836e+01	
   7.6517701e+00	   2.9503046e+00	   3.1387940e+01	
   7.1914422e+00	   2.6934129e+00	   3.0768246e+01	
   6.7534123e+00	   2.4962830e+00	   3.0136775e+01	
   6.3409523e+00	   2.3528330e+00	   2.9500071e+01	
   5.9564427e+00	   2.2569966e+00	   2.8863366e+01	
   5.6014709e+00	   2.2029693e+00	   2.8230765e+01	
   5.2769409e+00	   2.1853781e+00	   2.7605442e+01	
   4.9831848e+00	   2.1993879e+00	   2.6989815e+01	
   4.7200711e+00	   2.2407571e+00	   2.6385710e+01	
   4.4871070e+00	   2.3058555e+00	   2.5794503e+01	
   4.2835303e+00	   2.3916541e+00	   2.5217237e+01	
   4.1083912e+00	   2.4956962e+00	   2.4654715e+01	
   3.9606224e+00	   2.6160577e+00	   2.4107579e+01	
   3.8390990e+00	   2.7512998e+00	   2.3576371e+01	
   3.7426877e+00	   2.9004205e+00	   2.3061582e+01	
   3.6702870e+00	   3.0628057e+00	   2.2563687e+01	
   3.6208585e+00	   3.2381823e+00	   2.2083183e+01	
   3.5934514e+00	   3.4265748e+00	   2.1620607e+01	
   3.5872205e+00	   3.6282645e+00	   2.1176563e+01	
   3.6014385e+00	   3.8437534e+00	   2.0751745e+01	
   3.6355047e+00	   4.0737297e+00	   2.0346951e+01	
   3.6889486e+00	   4.3190367e+00	   1.9963108e+01	
   3.7614311e+00	   4.5806435e+00	   1.9601291e+01	
   3.8527424e+00	   4.8596154e+00	   1.9262747e+01	
   3.9627975e+00	   5.1570843e+00	   1.8948917e+01	
   4.0916294e+00	   5.4742175e+00	   1.8661461e+01	
   4.2393791e+00	   5.8121820e+00	   1.8402288e+01	
   4.4062837e+00	   6.1721051e+00	   1.8173583e+01	
   4.5926611e+00	   6.5550262e+00	   1.7977835e+01	
   4.7988916e+00	   6.9618410e+00	   1.7817865e+01	
   5.0253948e+00	   7.3932339e+00	   1.7696854e+01	
   5.2726020e+00	   7.8495966e+00	   1.7618363e+01	
   5.5409229e+00	   8.3309320e+00	   1.7586348e+01	
   5.8307048e+00	   8.8367395e+00	   1.7605161e+01	
   6.1421851e+00	   9.3658826e+00	   1.7679532e+01	
   6.4754332e+00	   9.9164372e+00	   1.7814533e+01	
   6.8302844e+00	   1.0485522e+01	   1.8015502e+01	
   7.2062613e+00	   1.1069117e+01	   1.8287929e+01	
   7.6024869e+00	   1.1661871e+01	   1.8637286e+01	
   8.0175866e+00	   1.2256920e+01	   1.9068796e+01	
   8.4495835e+00	   1.2845727e+01	   1.9587129e+01	
   8.8957904e+00	   1.3417962e+01	   2.0196012e+01	
   9.3527042e+00	   1.3961465e+01	   2.0897763e+01	
   9.8159118e+00	   1.4462320e+01	   2.1692756e+01	
   1.0280019e+01	   1.4905074e+01	   2.2578831e+01	
   1.0738617e+01	   1.5273158e+01	   2.3550699e+01	
   1.1184299e+01	   1.5549508e+01	   2.4599398e+01	
   1.1608750e+01	   1.5717432e+01	   2.5711877e+01	
   1.2002919e+01	   1.5761677e+01	   2.6870800e+01	
   1.2357281e+01	   1.5669644e+01	   2.8054666e+01	
   1.2662202e+01	   1.5432661e+01	   2.9238321e+01	
   1.2908375e+01	   1.5047156e+01	   3.0393903e+01	
   1.3087324e+01	   1.4515572e+01	   3.1492198e+01	
   1.3191926e+01	   1.3846852e+01	   3.2504333e+01	
   1.3216901e+01	   1.3056366e+01	   3.3403622e+01	
   1.3159217e+01	   1.2165227e+01	   3.4167365e+01	
   1.3018372e+01	   1.1199022e+01	   3.4778369e+01	
   1.2796493e+01	   1.0186097e+01	   3.5225981e+01	
   1.2498257e+01	   9.1556113e+00	   3.5506500e+01	
   1.2130631e+01	   8.1355968e+00	   3.5622948e+01	
   1.1702464e+01	   7.1512675e+00	   3.5584258e+01	
   1.1223969e+01	   6.2237477e+00	   3.5404045e+01	
   1.0706172e+01	   5.3693146e+00	   3.5099143e+01	
   1.0160347e+01	   4.5991591e+00	   3.4688126e+01	
   9.5975245e+00	   3.9195964e+00	   3.4189960e+01	
   9.0280710e+00	   3.3326132e+00	   3.3622913e+01	
   8.4613757e+00	   2.8366205e+00	   3.3003766e+01	
   7.9056440e+00	   2.4272917e+00	   3.2347322e+01	
   7.3677899e+00	   2.0983856e+00	   3.1666192e+01	
   6.8534134e+00	   1.8424901e+00	   3.0970778e+01	
   6.3668454e+00	   1.6516454e+00	   3.0269419e+01	
   5.9112409e+00	   1.5178352e+00	   2.9568610e+01	
   5.4887045e+00	   1.4333489e+00	   2.8873282e+01	
   5.1004316e+00	   1.3910288e+00	   2.8187072e+01	
   4.7468562e+00	   1.3844218e+00	   2.7512592e+01	
   4.4277942e+00	   1.4078571e+00	   2.6851662e+01	
   4.1425785e+00	   1.4564675e+00	   2.6205504e+01	
   3.8901801e+00	   1.5261714e+00	   2.5574911e+01	
   3.6693164e+00	   1.6136300e+00	   2.4960374e+01	
   3.4785424e+00	   1.7161883e+00	   2.4362181e+01	
   3.3163284e+00	   1.8318096e+00	   2.3780494e+01	
   3.1811237e+00	   1.9590068e+00	   2.3215410e+01	
   3.0714075e+00	   2.0967768e+00	   2.2666998e+01	
   2.9857291e+00	   2.2445384e+00	   2.2135334e+01	
   2.9227387e+00	   2.4020759e+00	   2.1620521e+01	
   2.8812102e+00	   2.5694891e+00	   2.1122712e+01	
   2.8600568e+00	   2.7471495e+00	   2.0642125e+01	
   2.8583424e+00	   2.9356624e+00	   2.0179051e+01	
   2.8752875e+00	   3.1358350e+00	   1.9733876e+01	
   2.9102720e+00	   3.3486492e+00	   1.9307089e+01	
   2.9628361e+00	   3.5752374e+00	   1.8899299e+01	
   3.0326777e+00	   3.8168631e+00	   1.8511257e+01	
   3.1196493e+00	   4.0749014e+00	   1.8143870e+01	
   3.2237532e+00	   4.3508222e+00	   1.7798225e+01	
   3.3451349e+00	   4.6461710e+00	   1.7475620e+01	
   3.4840762e+00	   4.9625490e+00	   1.7177587e+01	
   3.6409860e+00	   5.3015891e+00	   1.6905929e+01	
   3.8163903e+00	   5.6649263e+00	   1.6662756e+01	
   4.0109192e+00	   6.0541607e+00	   1.6450520e+01	
   4.2252913e+00	   6.4708104e+00	   1.6272066e+01	
   4.4602953e+00	   6.9162512e+00	   1.6130665e+01	
   4.7167656e+00	   7.3916409e+00	   1.6030067e+01	
   4.9955533e+00	   7.8978242e+00	   1.5974531e+01	
   5.2974890e+00	   8.4352143e+00	   1.5968869e+01	
   5.6233368e+00	   9.0036494e+00	   1.6018455e+01	
   5.9737383e+00	   9.6022189e+00	   1.6129237e+01	
   6.3491429e+00	   1.0229059e+01	   1.6307698e+01	
   6.7497242e+00	   1.0881119e+01	   1.6560794e+01	
   7.1752813e+00	   1.1553897e+01	   1.6895819e+01	
   7.6251222e+00	   1.2241158e+01	   1.7320209e+01	
   8.0979323e+00	   1.2934653e+01	   1.7841246e+01	
   8.5916286e+00	   1.3623848e+01	   1.8465654e+01	
   9.1032043e+00	   1.4295714e+01	   1.9199067e+01	
   9.6285737e+00	   1.4934622e+01	   2.0045367e+01	
   1.0162428e+01	   1.5522390e+01	   2.1005903e+01	
   1.0698119e+01	   1.6038563e+01	   2.2078606e+01	
   1.1227598e+01	   1.6460985e+01	   2.3257087e+01	
   1.1741426e+01	   1.6766713e+01	   2.4529786e+01	
   1.2228893e+01	   1.6933314e+01	   2.5879328e+01	
   1.2678261e+01	   1.6940488e+01	   2.7282221e+01	
   1.3077157e+01	   1.6771941e+01	   2.8709079e+01	
   1.3413105e+01	   1.6417318e+01	   3.0125477e+01	
   1.3674194e+01	   1.5873943e+01	   3.1493527e+01	
   1.3849813e+01	   1.5148066e+01	   3.2774096e+01	
   1.3931411e+01	   1.4255353e+01	   3.3929496e+01	
   1.3913183e+01	   1.3220414e+01	   3.4926322e+01	
   1.3792596e+01	   1.2075333e+01	   3.5738052e+01	
   1.3570679e+01	   1.0857340e+01	   3.6347023e+01	
   1.3252042e+01	   9.6059234e+00	   3.6745469e+01	
   1.2844599e+01	   8.3598017e+00	   3.6935507e+01	
   1.2359045e+01	   7.1541771e+00	   3.6928120e+01	
   1.1808148e+01	   6.0186123e+00	   3.6741369e+01	
   1.1205946e+01	   4.9757297e+00	   3.6398167e+01	
   1.0566937e+01	   4.0407669e+00	   3.5923979e+01	
   9.9053403e+00	   3.2218816e+00	   3.5344724e+01	
   9.2344913e+00	   2.5210094e+00	   3.4685099e+01	
   8.5663852e+00	   1.9350469e+00	   3.3967410e+01	
   7.9113896e+00	   1.4571502e+00	   3.3210895e+01	
   7.2781042e+00	   1.0779851e+00	   3.2431478e+01	
   6.6733469e+00	   7.8682277e-01	   3.1641842e+01	
   6.1022348e+00	   5.7242753e-01	   3.0851718e+01	
   5.5683326e+00	   4.2372567e-01	   3.0068294e+01	
   5.0738391e+00	   3.3027092e-01	   2.9296655e+01	
   4.6197925e+00	   2.8253758e-01	   2.8540225e+01	
   4.2062774e+00	   2.7207731e-01	   2.7801156e+01	
   3.8326206e+00	   2.9157435e-01	   2.7080664e+01	
   3.4975715e+00	   3.3483006e-01	   2.6379301e+01	
   3.1994602e+00	   3.9670126e-01	   2.5697166e+01	
   2.9363337e+00	   4.7301166e-01	   2.5034071e+01	
   2.7060703e+00	   5.6045012e-01	   2.4389654e+01	
   2.5064727e+00	   6.5646558e-01	   2.3763463e+01	
   2.3353423e+00	   7.5916489e-01	   2.3155015e+01	
   2.1905377e+00	   8.6721763e-01	   2.2563831e+01	
   2.0700184e+00	   9.7977018e-01	   2.1989460e+01	
   1.9718768e+00	   1.0963698e+00	   2.1431494e+01	
   1.8943604e+00	   1.2168995e+00	   2.0889575e+01	
   1.8358863e+00	   1.3415222e+00	   2.0363396e+01	
   1.7950494e+00	   1.4706352e+00	   1.9852711e+01	
   1.7706258e+00	   1.6048329e+00	   1.9357329e+01	
   1.7615733e+00	   1.7448765e+00	   1.8877118e+01	
   1.7670280e+00	   1.8916719e+00	   1.8412012e+01	
   1.7863010e+00	   2.0462521e+00	   1.7962008e+01	
   1.8188728e+00	   2.2097654e+00	   1.7527179e+01	
   1.8643878e+00	   2.3834672e+00	   1.7107676e+01	
   1.9226488e+00	   2.5687160e+00	   1.6703741e+01	
   1.9936114e+00	   2.7669709e+00	   1.6315718e+01	
   2.0773794e+00	   2.9797919e+00	   1.5944070e+01	
   2.1741998e+00	   3.2088410e+00	   1.5589395e+01	
   2.2844595e+00	   3.4558835e+00	   1.5252450e+01	
   2.4086814e+00	   3.7227891e+00	   1.4934174e+01	
   2.5475216e+00	   4.0115307e+00	   1.4635725e+01	
   2.7017667e+00	   4.3241811e+00	   1.4358506e+01	
   2.8723298e+00	   4.6629056e+00	   1.4104215e+01	
   3.0602473e+00	   5.0299475e+00	   1.3874890e+01	
   3.2666735e+00	   5.4276062e+00	   1.3672961e+01	
   3.4928729e+00	   5.8582043e+00	   1.3501314e+01	
   3.7402100e+00	   6.3240393e+00	   1.3363361e+01	
   4.0101342e+00	   6.8273178e+00	   1.3263110e+01	
   4.3041593e+00	   7.3700652e+00	   1.3205248e+01	
   4.6238341e+00	   7.9540066e+00	   1.3195218e+01	
   4.9707034e+00	   8.5804108e+00	   1.3239303e+01	
   5.3462562e+00	   9.2498915e+00	   1.3344687e+01	
   5.7518562e+00	   9.9621574e+00	   1.3519505e+01	
   6.1886539e+00	   1.0715705e+01	   1.3772855e+01	
   6.6574738e+00	   1.1507448e+01	   1.4114750e+01	
   7.1586746e+00	   1.2332287e+01	   1.4555991e+01	
   7.6919787e+00	   1.3182627e+01	   1.5107926e+01	
   8.2562703e+00	   1.4047852e+01	   1.5782049e+01	
   8.8493623e+00	   1.4913808e+01	   1.6589409e+01	
   9.4677393e+00	   1.5762353e+01	   1.7539781e+01	
   1.0106287e+01	   1.6571039e+01	   1.8640582e+01	
   1.0758030e+01	   1.7313077e+01	   1.9895516e+01	
   1.1413912e+01	   1.7957692e+01	   2.1303010e+01	
   1.2062649e+01	   1.8471044e+01	   2.2854540e+01	
   1.2690724e+01	   1.8817825e+01	   2.4533044e+01	
   1.3282570e+01	   1.8963606e+01	   2.6311696e+01	
   1.3820986e+01	   1.8877878e+01	   2.8153395e+01	
   1.4287835e+01	   1.8537550e+01	   3.0011310e+01	
   1.4665013e+01	   1.7930495e+01	   3.1830781e+01	
   1.4935638e+01	   1.7058535e+01	   3.3552631e+01	
   1.5085364e+01	   1.5939226e+01	   3.5117708e+01	
   1.5103647e+01	   1.4605883e+01	   3.6472100e+01	
   1.4984810e+01	   1.3105553e+01	   3.7572225e+01	
   1.4728703e+01	   1.1495113e+01	   3.8388910e+01	
   1.4340869e+01	   9.8360318e+00	   3.8909703e+01	
   1.3832168e+01	   8.1887035e+00	   3.9139030e+01	
   1.3217907e+01	   6.6072983e+00	   3.9096292e+01	
   1.2516629e+01	   5.1359025e+00	   3.8812389e+01	
   1.1748726e+01	   3.8063716e+00	   3.8325453e+01	
   1.0935065e+01	   2.6379135e+00	   3.7676541e+01	
   1.0095780e+01	   1.6380994e+00	   3.6905946e+01	
   9.2493245e+00	   8.0481911e-01	   3.6050463e+01	
   8.4118212e+00	   1.2867760e-01	   3.5141720e+01	
   7.5967116e+00	  -4.0459253e-01	   3.4205478e+01	
   6.8146526e+00	  -8.1198749e-01	   3.3261669e+01	
   6.0736091e+00	  -1.1115069e+00	   3.2324923e+01	
   5.3790799e+00	  -1.3208843e+00	   3.1405370e+01	
   4.7344015e+00	  -1.4567382e+00	   3.0509523e+01	
   4.1410868e+00	  -1.5340731e+00	   2.9641127e+01	
   3.5991651e+00	  -1.5660460e+00	   2.8801917e+01	
   3.1075029e+00	  -1.5639206e+00	   2.7992230e+01	
   2.6640912e+00	  -1.5371445e+00	   2.7211500e+01	
   2.2662954e+00	  -1.4934986e+00	   2.6458617e+01	
   1.9110642e+00	  -1.4392826e+00	   2.5732189e+01	
   1.5951009e+00	  -1.3795119e+00	   2.5030719e+01	
   1.3149996e+00	  -1.3181115e+00	   2.4352722e+01	
   1.0673501e+00	  -1.2580966e+00	   2.3696789e+01	
   8.4881737e-01	  -1.2017356e+00	   2.3061626e+01	
   6.5619806e-01	  -1.1506942e+00	   2.2446068e+01	
   4.8645917e-01	  -1.1061594e+00	   2.1849076e+01	
   3.3676213e-01	  -1.0689468e+00	   2.1269735e+01	
   2.0447523e-01	  -1.0395890e+00	   2.0707239e+01	
   8.7177054e-02	  -1.0184116e+00	   2.0160876e+01	
  -1.7346844e-02	  -1.0055939e+00	   1.9630020e+01	
  -1.1111229e-01	  -1.0012202e+00	   1.9114116e+01	
  -1.9594837e-01	  -1.0053207e+00	   1.8612670e+01	
  -2.7351179e-01	  -1.0179050e+00	   1.8125241e+01	
  -3.4530255e-01	  -1.0389883e+00	   1.7651434e+01	
  -4.1268058e-01	  -1.0686136e+00	   1.7190895e+01	
  -4.7688249e-01	  -1.1068683e+00	   1.6743307e+01	
  -5.3903827e-01	  -1.1538983e+00	   1.6308387e+01	
  -6.0018757e-01	  -1.2099195e+00	   1.5885889e+01	
  -6.6129542e-01	  -1.2752272e+00	   1.5475598e+01	
  -7.2326730e-01	  -1.3502046e+00	   1.5077337e+01	
  -7.8696352e-01	  -1.4353299e+00	   1.4690965e+01	
  -8.5321295e-01	  -1.5311838e+00	   1.4316384e+01	
  -9.2282603e-01	  -1.6384558e+00	   1.3953544e+01	
  -9.9660731e-01	  -1.7579521e+00	   1.3602446e+01	
  -1.0753674e+00	  -1.8906022e+00	   1.3263152e+01	
  -1.1599344e+00	  -2.0374669e+00	   1.2935797e+01	
  -1.2511655e+00	  -2.1997469e+00	   1.2620597e+01	
  -1.3499573e+00	  -2.3787907e+00	   1.2317866e+01	
  -1.4572574e+00	  -2.5761044e+00	   1.2028034e+01	
  -1.5740741e+00	  -2.7933599e+00	   1.1751666e+01	
  -1.7014875e+00	  -3.0324045e+00	   1.1489490e+01	
  -1.8406594e+00	  -3.2952683e+00	   1.1242427e+01	
  -1.9928434e+00	  -3.5841708e+00	   1.1011629e+01	
  -2.1593943e+00	  -3.9015248e+00	   1.0798520e+01	
  -2.3417770e+00	  -4.2499363e+00	   1.0604851e+01	
  -2.5415740e+00	  -4.6321983e+00	   1.0432760e+01	
  -2.7604916e+00	  -5.0512761e+00	   1.0284850e+01	
  -3.0003633e+00	  -5.5102810e+00	   1.0164264e+01	
  -3.2631495e+00	  -6.0124272e+00	   1.0074794e+01	
  -3.5509323e+00	  -6.5609673e+00	   1.0020984e+01	
  -3.8659035e+00	  -7.1590977e+00	   1.0008261e+01	
  -4.2103426e+00	  -7.8098270e+00	   1.0043070e+01	
  -4.5865823e+00	  -8.5157936e+00	   1.0133016e+01	
  -4.9969567e+00	  -9.2790224e+00	   1.0287013e+01	
  -5.4437285e+00	  -1.0100603e+01	   1.0515416e+01	
  -5.9289870e+00	  -1.0980278e+01	   1.0830119e+01	
  -6.4545121e+00	  -1.1915916e+01	   1.1244604e+01	
  -7.0215962e+00	  -1.2902880e+01	   1.1773878e+01	
  -7.6308151e+00	  -1.3933258e+01	   1.2434267e+01	
  -8.2817442e+00	  -1.4995001e+01	   1.3242982e+01	
  -8.9726147e+00	  -1.6070990e+01	   1.4217383e+01	
  -9.6999148e+00	  -1.7138121e+01	   1.5373852e+01	
  -1.0457947e+01	  -1.8166549e+01	   1.6726186e+01	
  -1.1238370e+01	  -1.9119283e+01	   1.8283488e+01	
  -1.2029779e+01	  -1.9952404e+01	   2.0047550e+01	
  -1.2817379e+01	  -2.0616231e+01	   2.2009914e+01	
  -1.3582871e+01	  -2.1057716e+01	   2.4148912e+01	
  -1.4304633e+01	  -2.1224295e+01	   2.6427234e+01	
  -1.4958332e+01	  -2.1069137e+01	   2.8790703e+01	
  -1.5518021e+01	  -2.0557398e+01	   3.1169052e+01	
  -1.5957747e+01	  -1.9672602e+01	   3.3479308e+01	
  -1.6253567e+01	  -1.8421907e+01	   3.5631963e+01	
  -1.6385768e+01	  -1.6838853e+01	   3.7539457e+01	
  -1.6340959e+01	  -1.4982464e+01	   3.9125692e+01	
  -1.6113689e+01	  -1.2932331e+01	   4.0334779e+01	
  -1.5707270e+01	  -1.0780314e+01	   4.1137144e+01	
  -1.5133626e+01	  -8.6203990e+00	   4.1531679e+01	
  -1.4412186e+01	  -6.5387989e+00	   4.1543599e+01	
  -1.3568030e+01	  -4.6061310e+00	   4.1218796e+01	
  -1.2629619e+01	  -2.8728634e+00	   4.0616172e+01	
  -1.1626478e+01	  -1.3682388e+00	   3.9799690e+01	
  -1.0587142e+01	  -1.0209513e-01	   3.8831562e+01	
  -9.5375717e+00	   9.3145266e-01	   3.7767371e+01	
  -8.5001174e+00	   1.7495648e+00	   3.6653327e+01	
  -7.4930007e+00	   2.3763415e+00	   3.5525386e+01	
  -6.5302322e+00	   2.8391507e+00	   3.4409728e+01	
  -5.6218429e+00	   3.1658504e+00	   3.3324032e+01	
  -4.7743134e+00	   3.3829089e+00	   3.2279122e+01	
  -3.9911041e+00	   3.5142930e+00	   3.1280624e+01	
  -3.2732090e+00	   3.5809423e+00	   3.0330461e+01	
  -2.6196877e+00	   3.6006506e+00	   2.9428088e+01	
  -2.0281431e+00	   3.5882049e+00	   2.8571453e+01	
  -1.4951333e+00	   3.5556656e+00	   2.7757697e+01	
  -1.0165147e+00	   3.5127115e+00	   2.6983644e+01	
  -5.8771727e-01	   3.4669982e+00	   2.6246121e+01	
  -2.0396152e-01	   3.4244990e+00	   2.5542153e+01	
   1.3957706e-01	   3.3898160e+00	   2.4869070e+01	
   4.4764663e-01	   3.3664518e+00	   2.4224552e+01	
   7.2483324e-01	   3.3570442e+00	   2.3606639e+01	
   9.7550382e-01	   3.3635630e+00	   2.3013714e+01	
   1.2037717e+00	   3.3874755e+00	   2.2444483e+01	
   1.4134797e+00	   3.4298826e+00	   2.1897941e+01	
   1.6081965e+00	   3.4916295e+00	   2.1373349e+01	
   1.7912231e+00	   3.5733960e+00	   2.0870205e+01	
   1.9656059e+00	   3.6757687e+00	   2.0388228e+01	
   2.1341551e+00	   3.7992975e+00	   1.9927343e+01	
   2.2994658e+00	   3.9445392e+00	   1.9487676e+01	
   2.4639410e+00	   4.1120908e+00	   1.9069548e+01	
   2.6298145e+00	   4.3026115e+00	   1.8673481e+01	
   2.7991741e+00	   4.5168380e+00	   1.8300211e+01	
   2.9739830e+00	   4.7555900e+00	   1.7950698e+01	
   3.1560993e+00	   5.0197687e+00	   1.7626147e+01	
   3.3472941e+00	   5.3103479e+00	   1.7328034e+01	
   3.5492650e+00	   5.6283551e+00	   1.7058136e+01	
   3.7636477e+00	   5.9748447e+00	   1.6818559e+01	
   3.9920222e+00	   6.3508591e+00	   1.6611781e+01	
   4.2359147e+00	   6.7573779e+00	   1.6440686e+01	
   4.4967939e+00	   7.1952510e+00	   1.6308607e+01	
   4.7760599e+00	   7.6651156e+00	   1.6219363e+01	
   5.0750258e+00	   8.1672907e+00	   1.6177292e+01	
   5.3948896e+00	   8.7016495e+00	   1.6187279e+01	
   5.7366955e+00	   9.2674640e+00	   1.6254765e+01	
   6.1012828e+00	   9.8632217e+00	   1.6385732e+01	
   6.4892204e+00	   1.0486412e+01	   1.6586660e+01	
   6.9007261e+00	   1.1133285e+01	   1.6864431e+01	
   7.3355698e+00	   1.1798587e+01	   1.7226177e+01	
   7.7929595e+00	   1.2475287e+01	   1.7679045e+01	
   8.2714121e+00	   1.3154303e+01	   1.8229868e+01	
   8.7686127e+00	   1.3824267e+01	   1.8884726e+01	
   9.2812670e+00	   1.4471359e+01	   1.9648377e+01	
   9.8049582e+00	   1.5079264e+01	   2.0523569e+01	
   1.0334021e+01	   1.5629305e+01	   2.1510246e+01	
   1.0861452e+01	   1.6100824e+01	   2.2604688e+01	
   1.1378878e+01	   1.6471863e+01	   2.3798647e+01	
   1.1876612e+01	   1.6720192e+01	   2.5078609e+01	
   1.2343813e+01	   1.6824683e+01	   2.6425290e+01	
   1.2768782e+01	   1.6766980e+01	   2.7813536e+01	
   1.3139393e+01	   1.6533333e+01	   2.9212769e+01	
   1.3443664e+01	   1.6116402e+01	   3.0588075e+01	
   1.3670426e+01	   1.5516776e+01	   3.1901965e+01	
   1.3810056e+01	   1.4743910e+01	   3.3116693e+01	
   1.3855182e+01	   1.3816267e+01	   3.4196924e+01	
   1.3801299e+01	   1.2760502e+01	   3.5112409e+01	
   1.3647196e+01	   1.1609739e+01	   3.5840294e+01	
   1.3395146e+01	   1.0401113e+01	   3.6366708e+01	
   1.3050818e+01	   9.1729159e+00	   3.6687415e+01	
   1.2622926e+01	   7.9617536e+00	   3.6807452e+01	
   1.2122655e+01	   6.8000923e+00	   3.6739881e+01	
   1.1562939e+01	   5.7144771e+00	   3.6503905e+01	
   1.0957679e+01	   4.7245586e+00	   3.6122687e+01	
   1.0320979e+01	   3.8429119e+00	   3.5621182e+01	
   9.6664725e+00	   3.0755146e+00	   3.5024252e+01	
   9.0067823e+00	   2.4226825e+00	   3.4355207e+01	
   8.3531330e+00	   1.8802524e+00	   3.3634826e+01	
   7.7151187e+00	   1.4408216e+00	   3.2880850e+01	
   7.1006067e+00	   1.0949080e+00	   3.2107831e+01	
   6.5157538e+00	   8.3194464e-01	   3.1327278e+01	
   5.9651057e+00	   6.4107060e-01	   3.0547965e+01	
   5.4517521e+00	   5.1171672e-01	   2.9776336e+01	
   4.9775139e+00	   4.3400482e-01	   2.9016926e+01	
   4.5431425e+00	   3.9899208e-01	   2.8272772e+01	
   4.1485175e+00	   3.9879442e-01	   2.7545773e+01	
   3.7928323e+00	   4.2662105e-01	   2.6836994e+01	
   3.4747632e+00	   4.7674775e-01	   2.6146910e+01	
   3.1926164e+00	   5.4445097e-01	   2.5475600e+01	
   2.9444550e+00	   6.2591957e-01	   2.4822887e+01	
   2.7282038e+00	   7.1815644e-01	   2.4188448e+01	
   2.5417350e+00	   8.1887831e-01	   2.3571882e+01	
   2.3829369e+00	   9.2641936e-01	   2.2972766e+01	
   2.2497663e+00	   1.0396421e+00	   2.2390685e+01	
   2.1402884e+00	   1.1578570e+00	   2.1825254e+01	
   2.0527060e+00	   1.2807524e+00	   2.1276129e+01	
   1.9853786e+00	   1.4083339e+00	   2.0743019e+01	
   1.9368361e+00	   1.5408733e+00	   2.0225686e+01	
   1.9057848e+00	   1.6788669e+00	   1.9723954e+01	
   1.8911112e+00	   1.8230008e+00	   1.9237705e+01	
   1.8918810e+00	   1.9741245e+00	   1.8766887e+01	
   1.9073365e+00	   2.1332300e+00	   1.8311519e+01	
   1.9368931e+00	   2.3014369e+00	   1.7871693e+01	
   1.9801338e+00	   2.4799808e+00	   1.7447589e+01	
   2.0368043e+00	   2.6702071e+00	   1.7039477e+01	
   2.1068077e+00	   2.8735662e+00	   1.6647736e+01	
   2.1901993e+00	   3.0916113e+00	   1.6272868e+01	
   2.2871819e+00	   3.3259978e+00	   1.5915514e+01	
   2.3981012e+00	   3.5784820e+00	   1.5576482e+01	
   2.5234425e+00	   3.8509205e+00	   1.5256766e+01	
   2.6638258e+00	   4.1452668e+00	   1.4957585e+01	
   2.8200027e+00	   4.4635654e+00	   1.4680412e+01	
   2.9928519e+00	   4.8079412e+00	   1.4427021e+01	
   3.1833737e+00	   5.1805827e+00	   1.4199530e+01	
   3.3926839e+00	   5.5837156e+00	   1.4000459e+01	
   3.6220038e+00	   6.0195660e+00	   1.3832791e+01	
   3.8726487e+00	   6.4903072e+00	   1.3700033e+01	
   4.1460100e+00	   6.9979884e+00	   1.3606293e+01	
   4.4435317e+00	   7.5444377e+00	   1.3556352e+01	
   4.7666792e+00	   8.1311369e+00	   1.3555742e+01	
   5.1168957e+00	   8.7590581e+00	   1.3610808e+01	
   5.4955473e+00	   9.4284584e+00	   1.3728772e+01	
   5.9038496e+00	   1.0138624e+01	   1.3917757e+01	
   6.3427753e+00	   1.0887562e+01	   1.4186780e+01	
   6.8129383e+00	   1.1671626e+01	   1.4545680e+01	
   7.3144503e+00	   1.2485102e+01	   1.5004959e+01	
   7.8467498e+00	   1.3319731e+01	   1.5575503e+01	
   8.4083999e+00	   1.4164230e+01	   1.6268144e+01	
   8.9968612e+00	   1.5003817e+01	   1.7093031e+01	
   9.6082439e+00	   1.5819827e+01	   1.8058772e+01	
   1.0237055e+01	   1.6589502e+01	   1.9171333e+01	
   1.0875961e+01	   1.7286064e+01	   2.0432708e+01	
   1.1515604e+01	   1.7879206e+01	   2.1839407e+01	
   1.2144499e+01	   1.8336144e+01	   2.3380907e+01	
   1.2749081e+01	   1.8623315e+01	   2.5038247e+01	
   1.3313939e+01	   1.8708772e+01	   2.6783058e+01	
   1.3822286e+01	   1.8565161e+01	   2.8577338e+01	
   1.4256683e+01	   1.8173037e+01	   3.0374300e+01	
   1.4600017e+01	   1.7524073e+01	   3.2120494e+01	
   1.4836654e+01	   1.6623607e+01	   3.3759218e+01	
   1.4953675e+01	   1.5491925e+01	   3.5234955e+01	
   1.4942037e+01	   1.4163841e+01	   3.6498262e+01	
   1.4797484e+01	   1.2686385e+01	   3.7510364e+01	
   1.4521079e+01	   1.1114849e+01	   3.8246628e+01	
   1.4119242e+01	   9.5077641e+00	   3.8698312e+01	
   1.3603298e+01	   7.9216698e+00	   3.8872319e+01	
   1.2988587e+01	   6.4065061e+00	   3.8789109e+01	
   1.2293282e+01	   5.0022946e+00	   3.8479298e+01	
   1.1537078e+01	   3.7374193e+00	   3.7979638e+01	
   1.0739924e+01	   2.6284680e+00	   3.7329090e+01	
   9.9209167e+00	   1.6813251e+00	   3.6565504e+01	
   9.0974546e+00	   8.9306618e-01	   3.5723224e+01	
   8.2846650e+00	   2.5420095e-01	   3.4831655e+01	
   7.4951057e+00	  -2.4910552e-01	   3.3914696e+01	
   6.7386936e+00	  -6.3307877e-01	   3.2990830e+01	
   6.0228068e+00	  -9.1477112e-01	   3.2073646e+01	
   5.3525066e+00	  -1.1109152e+00	   3.1172582e+01	
   4.7308281e+00	  -1.2371598e+00	   3.0293746e+01	
   4.1591000e+00	  -1.3076209e+00	   2.9440693e+01	
   3.6372646e+00	  -1.3346738e+00	   2.8615121e+01	
   3.1641783e+00	  -1.3289146e+00	   2.7817429e+01	
   2.7378814e+00	  -1.2992330e+00	   2.7047173e+01	
   2.3558318e+00	  -1.2529515e+00	   2.6303392e+01	
   2.0151016e+00	  -1.1959969e+00	   2.5584852e+01	
   1.7125373e+00	  -1.1330840e+00	   2.4890211e+01	
   1.4448884e+00	  -1.0678954e+00	   2.4218124e+01	
   1.2089062e+00	  -1.0032497e+00	   2.3567305e+01	
   1.0014186e+00	  -9.4125399e-01	   2.2936566e+01	
   8.1938360e-01	  -8.8343841e-01	   2.2324829e+01	
   6.5992639e-01	  -8.3087278e-01	   2.1731127e+01	
   5.2036197e-01	  -7.8426622e-01	   2.1154599e+01	
   3.9820738e-01	  -7.4405120e-01	   2.0594479e+01	
   2.9118532e-01	  -7.1045351e-01	   2.0050086e+01	
   1.9722132e-01	  -6.8355001e-01	   1.9520812e+01	
   1.1443626e-01	  -6.6331579e-01	   1.9006107e+01	
   4.1135566e-02	  -6.4966230e-01	   1.8505477e+01	
  -2.4203822e-02	  -6.4246783e-01	   1.8018470e+01	
  -8.2947855e-02	  -6.4160183e-01	   1.7544670e+01	
  -1.3632043e-01	  -6.4694394e-01	   1.7083695e+01	
  -1.8541863e-01	  -6.5839898e-01	   1.6635189e+01	
  -2.3122779e-01	  -6.7590858e-01	   1.6198820e+01	
  -2.7463607e-01	  -6.9946032e-01	   1.5774278e+01	
  -3.1644845e-01	  -7.2909492e-01	   1.5361274e+01	
  -3.5740001e-01	  -7.6491212e-01	   1.4959538e+01	
  -3.9816839e-01	  -8.0707555e-01	   1.4568819e+01	
  -4.3938563e-01	  -8.5581714e-01	   1.4188888e+01	
  -4.8164912e-01	  -9.1144121e-01	   1.3819533e+01	
  -5.2553207e-01	  -9.7432866e-01	   1.3460567e+01	
  -5.7159324e-01	  -1.0449413e+00	   1.3111827e+01	
  -6.2038628e-01	  -1.1238268e+00	   1.2773175e+01	
  -6.7246864e-01	  -1.2116237e+00	   1.2444505e+01	
  -7.2841015e-01	  -1.3090681e+00	   1.2125746e+01	
  -7.8880139e-01	  -1.4169998e+00	   1.1816866e+01	
  -8.5426204e-01	  -1.5363703e+00	   1.1517881e+01	
  -9.2544909e-01	  -1.6682516e+00	   1.1228862e+01	
  -1.0030652e+00	  -1.8138451e+00	   1.0949943e+01	
  -1.0878672e+00	  -1.9744927e+00	   1.0681338e+01	
  -1.1806749e+00	  -2.1516875e+00	   1.0423350e+01	
  -1.2823799e+00	  -2.3470858e+00	   1.0176393e+01	
  -1.3939549e+00	  -2.5625197e+00	   9.9410121e+00	
  -1.5164635e+00	  -2.8000098e+00	   9.7179099e+00	
  -1.6510700e+00	  -3.0617769e+00	   9.5079784e+00	
  -1.7990493e+00	  -3.3502539e+00	   9.3123375e+00	
  -1.9617973e+00	  -3.6680945e+00	   9.1323814e+00	
  -2.1408403e+00	  -4.0181790e+00	   8.9698342e+00	
  -2.3378446e+00	  -4.4036150e+00	   8.8268162e+00	
  -2.5546244e+00	  -4.8277293e+00	   8.7059235e+00	
  -2.7931476e+00	  -5.2940490e+00	   8.6103214e+00	
  -3.0555390e+00	  -5.8062663e+00	   8.5438544e+00	
  -3.3440782e+00	  -6.3681807e+00	   8.5111733e+00	
  -3.6611912e+00	  -6.9836108e+00	   8.5178810e+00	
  -4.0094324e+00	  -7.6562657e+00	   8.5706955e+00	
  -4.3914539e+00	  -8.3895632e+00	   8.6776269e+00	
  -4.8099565e+00	  -9.1863778e+00	   8.8481643e+00	
  -5.2676179e+00	  -1.0048702e+01	   9.0934568e+00	
  -5.7669905e+00	  -1.0977199e+01	   9.4264739e+00	
  -6.3103598e+00	  -1.1970625e+01	   9.8621109e+00	
  -6.8995543e+00	  -1.3025105e+01	   1.0417198e+01	
  -7.5356974e+00	  -1.4133243e+01	   1.1110347e+01	
  -8.2188902e+00	  -1.5283091e+01	   1.1961561e+01	
  -8.9478201e+00	  -1.6456986e+01	   1.2991486e+01	
  -9.7192944e+00	  -1.7630370e+01	   1.4220209e+01	
  -1.0527709e+01	  -1.8770718e+01	   1.5665467e+01	
  -1.1364482e+01	  -1.9836834e+01	   1.7340186e+01	
  -1.2217505e+01	  -2.0778838e+01	   1.9249348e+01	
  -1.3070692e+01	  -2.1539266e+01	   2.1386340e+01	
  -1.3903754e+01	  -2.2055713e+01	   2.3729131e+01	
  -1.4692329e+01	  -2.2265335e+01	   2.6236968e+01	
  -1.5408624e+01	  -2.2111257e+01	   2.8848481e+01	
  -1.6022680e+01	  -2.1550417e+01	   3.1482258e+01	
  -1.6504295e+01	  -2.0561765e+01	   3.4040801e+01	
  -1.6825490e+01	  -1.9153126e+01	   3.6418178e+01	
  -1.6963254e+01	  -1.7364825e+01	   3.8510773e+01	
  -1.6902149e+01	  -1.5268520e+01	   4.0229441e+01	
  -1.6636299e+01	  -1.2960707e+01	   4.1510586e+01	
  -1.6170343e+01	  -1.0551839e+01	   4.2323614e+01	
  -1.5519139e+01	  -8.1532622e+00	   4.2673040e+01	
  -1.4706258e+01	  -5.8647976e+00	   4.2594968e+01	
  -1.3761576e+01	  -3.7654376e+00	   4.2149185e+01	
  -1.2718424e+01	  -1.9085279e+00	   4.1409053e+01	
  -1.1610766e+01	  -3.2146646e-01	   4.0451526e+01	
  -1.0470806e+01	   9.9109055e-01	   3.9349055e+01	
  -9.3272356e+00	   2.0420178e+00	   3.8164242e+01	
  -8.2041736e+00	   2.8559464e+00	   3.6947262e+01	
  -7.1207503e+00	   3.4639807e+00	   3.5735538e+01	
  -6.0911775e+00	   3.8994793e+00	   3.4554907e+01	
  -5.1251569e+00	   4.1950646e+00	   3.3421577e+01	
  -4.2284772e+00	   4.3807595e+00	   3.2344310e+01	
  -3.4036871e+00	   4.4830215e+00	   3.1326485e+01	
  -2.6507624e+00	   4.5244181e+00	   3.0367850e+01	
  -1.9677195e+00	   4.5237132e+00	   2.9465910e+01	
  -1.3511496e+00	   4.4961887e+00	   2.8616945e+01	
  -7.9666510e-01	   4.4540757e+00	   2.7816736e+01	
  -2.9926098e-01	   4.4070143e+00	   2.7061030e+01	
   1.4640153e-01	   4.3624967e+00	   2.6345836e+01	
   5.4577870e-01	   4.3262687e+00	   2.5667580e+01	
   9.0428424e-01	   4.3026795e+00	   2.5023178e+01	
   1.2271752e+00	   4.2949798e+00	   2.4410050e+01	
   1.5194749e+00	   4.3055703e+00	   2.3826103e+01	
   1.7859244e+00	   4.3362066e+00	   2.3269693e+01	
   2.0309561e+00	   4.3881661e+00	   2.2739589e+01	
   2.2586849e+00	   4.4623818e+00	   2.2234929e+01	
   2.4729105e+00	   4.5595493e+00	   2.1755185e+01	
   2.6771291e+00	   4.6802097e+00	   2.1300133e+01	
   2.8745510e+00	   4.8248133e+00	   2.0869833e+01	
   3.0681213e+00	   4.9937654e+00	   2.0464612e+01	
   3.2605426e+00	   5.1874587e+00	   2.0085056e+01	
   3.4542978e+00	   5.4062912e+00	   1.9732013e+01	
   3.6516721e+00	   5.6506733e+00	   1.9406596e+01	
   3.8547726e+00	   5.9210229e+00	   1.9110193e+01	
   4.0655455e+00	   6.2177494e+00	   1.8844479e+01	
   4.2857893e+00	   6.5412270e+00	   1.8611439e+01	
   4.5171637e+00	   6.8917556e+00	   1.8413381e+01	
   4.7611934e+00	   7.2695094e+00	   1.8252959e+01	
   5.0192659e+00	   7.6744713e+00	   1.8133187e+01	
   5.2926225e+00	   8.1063526e+00	   1.8057452e+01	
   5.5823422e+00	   8.5644962e+00	   1.8029517e+01	
   5.8893161e+00	   9.0477630e+00	   1.8053512e+01	
   6.2142137e+00	   9.5544004e+00	   1.8133908e+01	
   6.5574384e+00	   1.0081894e+01	   1.8275458e+01	
   6.9190726e+00	   1.0626808e+01	   1.8483118e+01	
   7.2988123e+00	   1.1184608e+01	   1.8761916e+01	
   7.6958910e+00	   1.1749495e+01	   1.9116769e+01	
   8.1089954e+00	   1.2314244e+01	   1.9552248e+01	
   8.5361750e+00	   1.2870067e+01	   2.0072265e+01	
   8.9747500e+00	   1.3406543e+01	   2.0679693e+01	
   9.4212240e+00	   1.3911610e+01	   2.1375921e+01	
   9.8712109e+00	   1.4371690e+01	   2.2160346e+01	
   1.0319386e+01	   1.4771949e+01	   2.3029838e+01	
   1.0759476e+01	   1.5096737e+01	   2.3978220e+01	
   1.1184302e+01	   1.5330234e+01	   2.4995811e+01	
   1.1585887e+01	   1.5457283e+01	   2.6069118e+01	
   1.1955641e+01	   1.5464403e+01	   2.7180747e+01	
   1.2284639e+01	   1.5340905e+01	   2.8309621e+01	
   1.2563966e+01	   1.5080014e+01	   2.9431555e+01	
   1.2785140e+01	   1.4679866e+01	   3.0520220e+01	
   1.2940581e+01	   1.4144233e+01	   3.1548448e+01	
   1.3024072e+01	   1.3482830e+01	   3.2489802e+01	
   1.3031198e+01	   1.2711122e+01	   3.3320232e+01	
   1.2959682e+01	   1.1849576e+01	   3.4019651e+01	
   1.2809609e+01	   1.0922434e+01	   3.4573208e+01	
   1.2583479e+01	   9.9561205e+00	   3.4972114e+01	
   1.2286105e+01	   8.9774881e+00	   3.5213902e+01	
   1.1924348e+01	   8.0121089e+00	   3.5302133e+01	
   1.1506728e+01	   7.0828129e+00	   3.5245606e+01	
   1.1042946e+01	   6.2086114e+00	   3.5057223e+01	
   1.0543381e+01	   5.4040767e+00	   3.4752676e+01	
   1.0018585e+01	   4.6791733e+00	   3.4349135e+01	
   9.4788407e+00	   4.0394758e+00	   3.3864062e+01	
   8.9337882e+00	   3.4866733e+00	   3.3314254e+01	
   8.3921512e+00	   3.0192476e+00	   3.2715157e+01	
   7.8615534e+00	   2.6332216e+00	   3.2080438e+01	
   7.3484256e+00	   2.3228928e+00	   3.1421787e+01	
   6.8579875e+00	   2.0814964e+00	   3.0748915e+01	
   6.3942903e+00	   1.9017635e+00	   3.0069664e+01	
   5.9603016e+00	   1.7763628e+00	   2.9390213e+01	
   5.5580197e+00	   1.6982297e+00	   2.8715309e+01	
   5.1886031e+00	   1.6607925e+00	   2.8048522e+01	
   4.8525043e+00	   1.6581151e+00	   2.7392469e+01	
   4.5496019e+00	   1.6849712e+00	   2.6749033e+01	
   4.2793242e+00	   1.7368684e+00	   2.6119537e+01	
   4.0407615e+00	   1.8100367e+00	   2.5504893e+01	
   3.8327657e+00	   1.9013919e+00	   2.4905724e+01	
   3.6540352e+00	   2.0084855e+00	   2.4322457e+01	
   3.5031879e+00	   2.1294459e+00	   2.3755394e+01	
   3.3788207e+00	   2.2629179e+00	   2.3204771e+01	
   3.2795573e+00	   2.4080027e+00	   2.2670795e+01	
   3.2040868e+00	   2.5642016e+00	   2.2153680e+01	
   3.1511929e+00	   2.7313639e+00	   2.1653673e+01	
   3.1197755e+00	   2.9096405e+00	   2.1171068e+01	
   3.1088664e+00	   3.0994424e+00	   2.0706233e+01	
   3.1176399e+00	   3.3014043e+00	   2.0259617e+01	
   3.1454187e+00	   3.5163538e+00	   1.9831774e+01	
   3.1916769e+00	   3.7452826e+00	   1.9423376e+01	
   3.2560401e+00	   3.9893226e+00	   1.9035230e+01	
   3.3382828e+00	   4.2497227e+00	   1.8668302e+01	
   3.4383249e+00	   4.5278267e+00	   1.8323737e+01	
   3.5562253e+00	   4.8250507e+00	   1.8002886e+01	
   3.6921746e+00	   5.1428588e+00	   1.7707332e+01	
   3.8464858e+00	   5.4827348e+00	   1.7438925e+01	
   4.0195830e+00	   5.8461485e+00	   1.7199810e+01	
   4.2119873e+00	   6.2345148e+00	   1.6992470e+01	
   4.4243005e+00	   6.6491426e+00	   1.6819756e+01	
   4.6571838e+00	   7.0911714e+00	   1.6684931e+01	
   4.9113326e+00	   7.5614930e+00	   1.6591704e+01	
   5.1874455e+00	   8.0606540e+00	   1.6544257e+01	
   5.4861848e+00	   8.5887382e+00	   1.6547272e+01	
   5.8081301e+00	   9.1452245e+00	   1.6605937e+01	
   6.1537200e+00	   9.7288193e+00	   1.6725926e+01	
   6.5231834e+00	   1.0337262e+01	   1.6913363e+01	
   6.9164567e+00	   1.0967108e+01	   1.7174723e+01	
   7.3330874e+00	   1.1613486e+01	   1.7516693e+01	
   7.7721239e+00	   1.2269854e+01	   1.7945951e+01	
   8.2319916e+00	   1.2927754e+01	   1.8468865e+01	
   8.7103596e+00	   1.3576604e+01	   1.9091084e+01	
   9.2040025e+00	   1.4203547e+01	   1.9817023e+01	
   9.7086667e+00	   1.4793422e+01	   2.0649238e+01	
   1.0218953e+01	   1.5328880e+01	   2.1587702e+01	
   1.0728232e+01	   1.5790731e+01	   2.2629026e+01	
   1.1228614e+01	   1.6158556e+01	   2.3765680e+01	
   1.1710993e+01	   1.6411622e+01	   2.4985309e+01	
   1.2165190e+01	   1.6530115e+01	   2.6270268e+01	
   1.2580213e+01	   1.6496636e+01	   2.7597497e+01	
   1.2944645e+01	   1.6297860e+01	   2.8938884e+01	
   1.3247150e+01	   1.5926181e+01	   3.0262190e+01	
   1.3477083e+01	   1.5381131e+01	   3.1532575e+01	
   1.3625155e+01	   1.4670310e+01	   3.2714652e+01	
   1.3684085e+01	   1.3809623e+01	   3.3774870e+01	
   1.3649178e+01	   1.2822681e+01	   3.4683956e+01	
   1.3518756e+01	   1.1739375e+01	   3.5419091e+01	
   1.3294359e+01	   1.0593750e+01	   3.5965489e+01	
   1.2980724e+01	   9.4214704e+00	   3.6317162e+01	
   1.2585502e+01	   8.2572113e+00	   3.6476790e+01	
   1.2118770e+01	   7.1323354e+00	   3.6454759e+01	
   1.1592399e+01	   6.0731176e+00	   3.6267572e+01	
   1.1019337e+01	   5.0996742e+00	   3.5935921e+01	
   1.0412899e+01	   4.2256134e+00	   3.5482699e+01	
   9.7861220e+00	   3.4583139e+00	   3.4931205e+01	
   9.1512330e+00	   2.7996670e+00	   3.4303703e+01	
   8.5192498e+00	   2.2470949e+00	   3.3620403e+01	
   7.8997257e+00	   1.7946704e+00	   3.2898862e+01	
   7.3006229e+00	   1.4342010e+00	   3.2153751e+01	
   6.7282961e+00	   1.1561877e+00	   3.1396893e+01	
   6.1875610e+00	   9.5061063e-01	   3.0637499e+01	
   5.6818208e+00	   8.0752978e-01	   2.9882500e+01	
   5.2132311e+00	   7.1751126e-01	   2.9136929e+01	
   4.7828805e+00	   6.7190368e-01	   2.8404293e+01	
   4.3909755e+00	   6.6299372e-01	   2.7686916e+01	
   4.0370171e+00	   6.8407038e-01	   2.6986239e+01	
   3.7199638e+00	   7.2942396e-01	   2.6303062e+01	
   3.4383765e+00	   7.9430139e-01	   2.5637737e+01	
   3.1905444e+00	   8.7483493e-01	   2.4990320e+01	
   2.9745907e+00	   9.6795679e-01	   2.4360679e+01	
   2.7885604e+00	   1.0713087e+00	   2.3748579e+01	
   2.6304909e+00	   1.1831529e+00	   2.3153738e+01	
   2.4984673e+00	   1.3022874e+00	   2.2575863e+01	
   2.3906655e+00	   1.4279696e+00	   2.2014680e+01	
   2.3053837e+00	   1.5598476e+00	   2.1469950e+01	
   2.2410652e+00	   1.6979011e+00	   2.0941482e+01	
   2.1963132e+00	   1.8423907e+00	   2.0429138e+01	
   2.1699005e+00	   1.9938154e+00	   1.9932843e+01	
   2.1607745e+00	   2.1528783e+00	   1.9452590e+01	
   2.1680582e+00	   2.3204584e+00	   1.8988444e+01	
   2.1910494e+00	   2.4975889e+00	   1.8540554e+01	
   2.2292177e+00	   2.6854406e+00	   1.8109157e+01	
   2.2822007e+00	   2.8853085e+00	   1.7694592e+01	
   2.3497996e+00	   3.0986032e+00	   1.7297315e+01	
   2.4319738e+00	   3.3268434e+00	   1.6917910e+01	
   2.5288362e+00	   3.5716504e+00	   1.6557115e+01	
   2.6406479e+00	   3.8347425e+00	   1.6215841e+01	
   2.7678132e+00	   4.1179295e+00	   1.5895202e+01	
   2.9108743e+00	   4.4231041e+00	   1.5596541e+01	
   3.0705054e+00	   4.7522309e+00	   1.5321475e+01	
   3.2475062e+00	   5.1073293e+00	   1.5071929e+01	
   3.4427946e+00	   5.4904498e+00	   1.4850187e+01	
   3.6573960e+00	   5.9036405e+00	   1.4658941e+01	
   3.8924315e+00	   6.3489003e+00	   1.4501353e+01	
   4.1491008e+00	   6.8281167e+00	   1.4381113e+01	
   4.4286604e+00	   7.3429826e+00	   1.4302504e+01	
   4.7323946e+00	   7.8948884e+00	   1.4270467e+01	
   5.0615777e+00	   8.4847828e+00	   1.4290658e+01	
   5.4174250e+00	   9.1129990e+00	   1.4369498e+01	
   5.8010290e+00	   9.7790376e+00	   1.4514202e+01	
   6.2132806e+00	   1.0481305e+01	   1.4732772e+01	
   6.6547686e+00	   1.1216804e+01	   1.5033945e+01	
   7.1256583e+00	   1.1980772e+01	   1.5427065e+01	
   7.6255451e+00	   1.2766289e+01	   1.5921864e+01	
   8.1532826e+00	   1.3563855e+01	   1.6528116e+01	
   8.7067885e+00	   1.4360982e+01	   1.7255126e+01	
   9.2828304e+00	   1.5141839e+01	   1.8111045e+01	
   9.8768056e+00	   1.5887021e+01	   1.9101975e+01	
   1.0482528e+01	   1.6573535e+01	   2.0230874e+01	
   1.1092050e+01	   1.7175102e+01	   2.1496298e+01	
   1.1695546e+01	   1.7662893e+01	   2.2891062e+01	
   1.2281311e+01	   1.8006792e+01	   2.4400969e+01	
   1.2835895e+01	   1.8177233e+01	   2.6003807e+01	
   1.3344437e+01	   1.8147586e+01	   2.7668873e+01	
   1.3791207e+01	   1.7896917e+01	   2.9357300e+01	
   1.4160373e+01	   1.7412838e+01	   3.1023389e+01	
   1.4436949e+01	   1.6694015e+01	   3.2617053e+01	
   1.4607853e+01	   1.5751844e+01	   3.4087247e+01	
   1.4662970e+01	   1.4610850e+01	   3.5386050e+01	
   1.4596080e+01	   1.3307548e+01	   3.6472816e+01	
   1.4405504e+01	   1.1887775e+01	   3.7317764e+01	
   1.4094383e+01	   1.0402815e+01	   3.7904355e+01	
   1.3670526e+01	   8.9049374e+00	   3.8230101e+01	
   1.3145838e+01	   7.4430430e+00	   3.8305695e+01	
   1.2535434e+01	   6.0590754e+00	   3.8152762e+01	
   1.1856546e+01	   4.7856421e+00	   3.7800686e+01	
   1.1127367e+01	   3.6449929e+00	   3.7283153e+01	
   1.0365983e+01	   2.6492429e+00	   3.6634904e+01	
   9.5894647e+00	   1.8015381e+00	   3.5889117e+01	
   8.8131918e+00	   1.0977865e+00	   3.5075562e+01	
   8.0504201e+00	   5.2859521e-01	   3.4219569e+01	
   7.3120698e+00	   8.1134191e-02	   3.3341675e+01	
   6.6067009e+00	  -2.5925042e-01	   3.2457778e+01	
   5.9406294e+00	  -5.0775793e-01	   3.1579620e+01	
   5.3181365e+00	  -6.7920085e-01	   3.0715432e+01	
   4.7417311e+00	  -7.8738532e-01	   2.9870624e+01	
   4.2124339e+00	  -8.4474849e-01	   2.9048442e+01	
   3.7300585e+00	  -8.6219143e-01	   2.8250542e+01	
   3.2934745e+00	  -8.4905103e-01	   2.7477459e+01	
   2.9008444e+00	  -8.1316347e-01	   2.6728988e+01	
   2.5498272e+00	  -7.6098271e-01	   2.6004458e+01	
   2.2377521e+00	  -6.9772728e-01	   2.5302939e+01	
   1.9617587e+00	  -6.2753691e-01	   2.4623383e+01	
   1.7189112e+00	  -5.5362712e-01	   2.3964715e+01	
   1.5062858e+00	  -4.7843448e-01	   2.3325894e+01	
   1.3210373e+00	  -4.0374851e-01	   2.2705941e+01	
   1.1604475e+00	  -3.3082863e-01	   2.2103957e+01	
   1.0219586e+00	  -2.6050565e-01	   2.1519127e+01	
   9.0319423e-01	  -1.9326862e-01	   2.0950713e+01	
   8.0197112e-01	  -1.2933790e-01	   2.0398055e+01	
   7.1630334e-01	  -6.8725808e-02	   1.9860553e+01	
   6.4440078e-01	  -1.1286396e-02	   1.9337669e+01	
   5.8466355e-01	   4.3244480e-02	   1.8828909e+01	
   5.3567358e-01	   9.5217279e-02	   1.8333822e+01	
   4.9618421e-01	   1.4504396e-01	   1.7851991e+01	
   4.6510882e-01	   1.9317913e-01	   1.7383030e+01	
   4.4150894e-01	   2.4010610e-01	   1.6926577e+01	
   4.2458240e-01	   2.8632716e-01	   1.6482290e+01	
   4.1365178e-01	   3.3235717e-01	   1.6049848e+01	
   4.0815360e-01	   3.7871995e-01	   1.5628949e+01	
   4.0762820e-01	   4.2594697e-01	   1.5219302e+01	
   4.1171064e-01	   4.7457785e-01	   1.4820637e+01	
   4.2012252e-01	   5.2516233e-01	   1.4432693e+01	
   4.3266487e-01	   5.7826357e-01	   1.4055227e+01	
   4.4921207e-01	   6.3446235e-01	   1.3688011e+01	
   4.6970676e-01	   6.9436223e-01	   1.3330832e+01	
   4.9415582e-01	   7.5859539e-01	   1.2983494e+01	
   5.2262730e-01	   8.2782922e-01	   1.2645820e+01	
   5.5524825e-01	   9.0277349e-01	   1.2317655e+01	
   5.9220355e-01	   9.8418816e-01	   1.1998864e+01	
   6.3373557e-01	   1.0728919e+00	   1.1689341e+01	
   6.8014473e-01	   1.1697709e+00	   1.1389011e+01	
   7.3179085e-01	   1.2757892e+00	   1.1097833e+01	
   7.8909544e-01	   1.3919985e+00	   1.0815807e+01	
   8.5254467e-01	   1.5195500e+00	   1.0542983e+01	
   9.2269328e-01	   1.6597058e+00	   1.0279471e+01	
   1.0001692e+00	   1.8138522e+00	   1.0025445e+01	
   1.0856791e+00	   1.9835129e+00	   9.7811650e+00	
   1.1800147e+00	   2.1703633e+00	   9.5469894e+00	
   1.2840595e+00	   2.3762453e+00	   9.3233944e+00	
   1.3987972e+00	   2.6031821e+00	   9.1109996e+00	
   1.5253194e+00	   2.8533934e+00	   8.9105969e+00	
   1.6648355e+00	   3.1293096e+00	   8.7231866e+00	
   1.8186817e+00	   3.4335847e+00	   8.5500200e+00	
   1.9883308e+00	   3.7691067e+00	   8.3926523e+00	
   2.1754019e+00	   4.1390032e+00	   8.2530052e+00	
   2.3816692e+00	   4.5466412e+00	   8.1334418e+00	
   2.6090697e+00	   4.9956168e+00	   8.0368570e+00	
   2.8597086e+00	   5.4897313e+00	   7.9667832e+00	
   3.1358606e+00	   6.0329475e+00	   7.9275148e+00	
   3.4399663e+00	   6.6293203e+00	   7.9242524e+00	
   3.7746200e+00	   7.2828896e+00	   7.9632673e+00	
   4.1425472e+00	   7.9975260e+00	   8.0520843e+00	
   4.5465652e+00	   8.7767119e+00	   8.1996799e+00	
   4.9895244e+00	   9.6232404e+00	   8.4166860e+00	
   5.4742202e+00	   1.0538811e+01	   8.7155847e+00	
   6.0032701e+00	   1.1523497e+01	   9.1108681e+00	
   6.5789437e+00	   1.2575063e+01	   9.6191257e+00	
   7.2029362e+00	   1.3688106e+01	   1.0259001e+01	
   7.8760736e+00	   1.4853034e+01	   1.1050944e+01	
   8.5979398e+00	   1.6054868e+01	   1.2016646e+01	
   9.3664203e+00	   1.7271954e+01	   1.3178054e+01	
   1.0177166e+01	   1.8474693e+01	   1.4555804e+01	
   1.1022999e+01	   1.9624503e+01	   1.6166966e+01	
   1.1893291e+01	   2.0673318e+01	   1.8022033e+01	
   1.2773411e+01	   2.1564059e+01	   2.0121210e+01	
   1.3644319e+01	   2.2232554e+01	   2.2450262e+01	
   1.4482485e+01	   2.2611350e+01	   2.4976494e+01	
   1.5260274e+01	   2.2635678e+01	   2.7645736e+01	
   1.5946957e+01	   2.2251347e+01	   3.0381470e+01	
   1.6510451e+01	   2.1423724e+01	   3.3087252e+01	
   1.6919722e+01	   2.0146201e+01	   3.5653161e+01	
   1.7147672e+01	   1.8446070e+01	   3.7966162e+01	
   1.7174089e+01	   1.6385758e+01	   3.9923017e+01	
   1.6988166e+01	   1.4058248e+01	   4.1443301e+01	
   1.6590058e+01	   1.1576966e+01	   4.2479552e+01	
   1.5991141e+01	   9.0620928e+00	   4.3022123e+01	
   1.5212892e+01	   6.6263040e+00	   4.3097698e+01	
   1.4284610e+01	   4.3630021e+00	   4.2762222e+01	
   1.3240449e+01	   2.3391294e+00	   4.2090396e+01	
   1.2116303e+01	   5.9314869e-01	   4.1164405e+01	
   1.0947017e+01	  -8.6258738e-01	   4.0064154e+01	
   9.7642323e+00	  -2.0366535e+00	   3.8860359e+01	
   8.5950067e+00	  -2.9522575e+00	   3.7610796e+01	
   7.4611541e+00	  -3.6411866e+00	   3.6359274e+01	
   6.3791806e+00	  -4.1388022e+00	   3.5136531e+01	
   5.3606365e+00	  -4.4803898e+00	   3.3962221e+01	
   4.4127183e+00	  -4.6988144e+00	   3.2847301e+01	
   3.5389823e+00	  -4.8232475e+00	   3.1796359e+01	
   2.7400712e+00	  -4.8786750e+00	   3.0809642e+01	
   2.0143921e+00	  -4.8859172e+00	   2.9884674e+01	
   1.3587115e+00	  -4.8619449e+00	   2.9017463e+01	
   7.6865700e-01	  -4.8203399e+00	   2.8203361e+01	
   2.3912289e-01	  -4.7718000e+00	   2.7437625e+01	
  -2.3540899e-01	  -4.7246304e+00	   2.6715772e+01	
  -6.6062460e-01	  -4.6851901e+00	   2.6033773e+01	
  -1.0421958e+00	  -4.6582819e+00	   2.5388140e+01	
  -1.3856501e+00	  -4.6474834e+00	   2.4775956e+01	
  -1.6962816e+00	  -4.6554218e+00	   2.4194850e+01	
  -1.9790937e+00	  -4.6840003e+00	   2.3642963e+01	
  -2.2387676e+00	  -4.7345810e+00	   2.3118901e+01	
  -2.4796484e+00	  -4.8081307e+00	   2.2621687e+01	
  -2.7057453e+00	  -4.9053374e+00	   2.2150718e+01	
  -2.9207418e+00	  -5.0266992e+00	   2.1705733e+01	
  -3.1280118e+00	  -5.1725925e+00	   2.1286779e+01	
  -3.3306402e+00	  -5.3433207e+00	   2.0894197e+01	
  -3.5314450e+00	  -5.5391468e+00	   2.0528608e+01	
  -3.7329999e+00	  -5.7603115e+00	   2.0190906e+01	
  -3.9376559e+00	  -6.0070390e+00	   1.9882261e+01	
  -4.1475602e+00	  -6.2795292e+00	   1.9604123e+01	
  -4.3646732e+00	  -6.5779391e+00	   1.9358231e+01	
  -4.5907803e+00	  -6.9023519e+00	   1.9146626e+01	
  -4.8274995e+00	  -7.2527341e+00	   1.8971658e+01	
  -5.0762839e+00	  -7.6288796e+00	   1.8836001e+01	
  -5.3384176e+00	  -8.0303403e+00	   1.8742653e+01	
  -5.6150050e+00	  -8.4563433e+00	   1.8694941e+01	
  -5.9069519e+00	  -8.9056927e+00	   1.8696500e+01	
  -6.2149394e+00	  -9.3766577e+00	   1.8751254e+01	
  -6.5393882e+00	  -9.8668469e+00	   1.8863358e+01	
  -6.8804138e+00	  -1.0373072e+01	   1.9037125e+01	
  -7.2377730e+00	  -1.0891204e+01	   1.9276911e+01	
  -7.6108016e+00	  -1.1416031e+01	   1.9586962e+01	
  -7.9983448e+00	  -1.1941125e+01	   1.9971210e+01	
  -8.3986826e+00	  -1.2458736e+01	   2.0433009e+01	
  -8.8094544e+00	  -1.2959726e+01	   2.0974827e+01	
  -9.2275871e+00	  -1.3433567e+01	   2.1597864e+01	
  -9.6492346e+00	  -1.3868440e+01	   2.2301646e+01	
  -1.0069737e+01	  -1.4251441e+01	   2.3083577e+01	
  -1.0483612e+01	  -1.4568931e+01	   2.3938504e+01	
  -1.0884584e+01	  -1.4807050e+01	   2.4858338e+01	
  -1.1265673e+01	  -1.4952384e+01	   2.5831776e+01	
  -1.1619340e+01	  -1.4992779e+01	   2.6844192e+01	
  -1.1937703e+01	  -1.4918250e+01	   2.7877768e+01	
  -1.2212826e+01	  -1.4721910e+01	   2.8911900e+01	
  -1.2437054e+01	  -1.4400834e+01	   2.9923911e+01	
  -1.2603406e+01	  -1.3956726e+01	   3.0890065e+01	
  -1.2705963e+01	  -1.3396286e+01	   3.1786795e+01	
  -1.2740254e+01	  -1.2731195e+01	   3.2592073e+01	
  -1.2703567e+01	  -1.1977661e+01	   3.3286744e+01	
  -1.2595177e+01	  -1.1155553e+01	   3.3855693e+01	
  -1.2416447e+01	  -1.0287195e+01	   3.4288694e+01	
  -1.2170797e+01	  -9.3959665e+00	   3.4580832e+01	
  -1.1863542e+01	  -8.5048549e+00	   3.4732484e+01	
  -1.1501601e+01	  -7.6351380e+00	   3.4748858e+01	
  -1.1093135e+01	  -6.8053210e+00	   3.4639195e+01	
  -1.0647124e+01	  -6.0304168e+00	   3.4415765e+01	
  -1.0172939e+01	  -5.3215952e+00	   3.4092767e+01	
  -9.6799333e+00	  -4.6861756e+00	   3.3685289e+01	
  -9.1770900e+00	  -4.1279014e+00	   3.3208395e+01	
  -8.6727404e+00	  -3.6474109e+00	   3.2676413e+01	
  -8.1743563e+00	  -3.2428201e+00	   3.2102436e+01	
  -7.6884221e+00	  -2.9103388e+00	   3.1498024e+01	
  -7.2203765e+00	  -2.6448623e+00	   3.0873085e+01	
  -6.7746129e+00	  -2.4404982e+00	   3.0235890e+01	
  -6.3545257e+00	  -2.2910068e+00	   2.9593181e+01	
  -5.9625906e+00	  -2.1901489e+00	   2.8950337e+01	
  -5.6004643e+00	  -2.1319443e+00	   2.8311571e+01	
  -5.2690970e+00	  -2.1108496e+00	   2.7680122e+01	
  -4.9688469e+00	  -2.1218710e+00	   2.7058450e+01	
  -4.6995919e+00	  -2.1606231e+00	   2.6448398e+01	
  -4.4608346e+00	  -2.2233482e+00	   2.5851343e+01	
  -4.2517975e+00	  -2.3069061e+00	   2.5268316e+01	
  -4.0715068e+00	  -2.4087452e+00	   2.4700098e+01	
  -3.9188655e+00	  -2.5268610e+00	   2.4147305e+01	
  -3.7927147e+00	  -2.6597481e+00	   2.3610448e+01	
  -3.6918849e+00	  -2.8063498e+00	   2.3089981e+01	
  -3.6152366e+00	  -2.9660077e+00	   2.2586344e+01	
  -3.5616936e+00	  -3.1384138e+00	   2.2099989e+01	
  -3.5302680e+00	  -3.3235660e+00	   2.1631413e+01	
  -3.5200788e+00	  -3.5217265e+00	   2.1181175e+01	
  -3.5303649e+00	  -3.7333850e+00	   2.0749916e+01	
  -3.5604941e+00	  -3.9592242e+00	   2.0338385e+01	
  -3.6099670e+00	  -4.2000889e+00	   1.9947451e+01	
  -3.6784192e+00	  -4.4569563e+00	   1.9578129e+01	
  -3.7656191e+00	  -4.7309084e+00	   1.9231598e+01	
  -3.8714638e+00	  -5.0231030e+00	   1.8909230e+01	
  -3.9959731e+00	  -5.3347438e+00	   1.8612608e+01	
  -4.1392802e+00	  -5.6670476e+00	   1.8343560e+01	
  -4.3016208e+00	  -6.0212061e+00	   1.8104182e+01	
  -4.4833182e+00	  -6.3983423e+00	   1.7896875e+01	
  -4.6847668e+00	  -6.7994571e+00	   1.7724366e+01	
  -4.9064099e+00	  -7.2253658e+00	   1.7589745e+01	
  -5.1487145e+00	  -7.6766214e+00	   1.7496482e+01	
  -5.4121393e+00	  -8.1534225e+00	   1.7448453e+01	
  -5.6970966e+00	  -8.6555038e+00	   1.7449944e+01	
  -6.0039070e+00	  -9.1820072e+00	   1.7505643e+01	
  -6.3327440e+00	  -9.7313337e+00	   1.7620613e+01	
  -6.6835700e+00	  -1.0300975e+01	   1.7800235e+01	
  -7.0560609e+00	  -1.0887329e+01	   1.8050101e+01	
  -7.4495199e+00	  -1.1485505e+01	   1.8375875e+01	
  -7.8627808e+00	  -1.2089130e+01	   1.8783074e+01	
  -8.2941026e+00	  -1.2690163e+01	   1.9276786e+01	
  -8.7410583e+00	  -1.3278757e+01	   1.9861306e+01	
  -9.2004238e+00	  -1.3843176e+01	   2.0539682e+01	
  -9.6680743e+00	  -1.4369822e+01	   2.1313188e+01	
  -1.0138899e+01	  -1.4843396e+01	   2.2180726e+01	
  -1.0606749e+01	  -1.5247247e+01	   2.3138206e+01	
  -1.1064431e+01	  -1.5563935e+01	   2.4177951e+01	
  -1.1503772e+01	  -1.5776035e+01	   2.5288198e+01	
  -1.1915760e+01	  -1.5867166e+01	   2.6452799e+01	
  -1.2290779e+01	  -1.5823217e+01	   2.7651211e+01	
  -1.2618950e+01	  -1.5633659e+01	   2.8858868e+01	
  -1.2890558e+01	  -1.5292821e+01	   3.0048000e+01	
  -1.3096550e+01	  -1.4800964e+01	   3.1188896e+01	
  -1.3229078e+01	  -1.4164957e+01	   3.2251561e+01	
  -1.3282023e+01	  -1.3398416e+01	   3.3207597e+01	
  -1.3251449e+01	  -1.2521212e+01	   3.4032127e+01	
  -1.3135950e+01	  -1.1558338e+01	   3.4705498e+01	
  -1.2936809e+01	  -1.0538260e+01	   3.5214540e+01	
  -1.2657991e+01	  -9.4909390e+00	   3.5553214e+01	
  -1.2305918e+01	  -8.4457840e+00	   3.5722582e+01	
  -1.1889100e+01	  -7.4297841e+00	   3.5730137e+01	
  -1.1417625e+01	  -6.4660381e+00	   3.5588629e+01	
  -1.0902591e+01	  -5.5727998e+00	   3.5314600e+01	
  -1.0355524e+01	  -4.7630755e+00	   3.4926820e+01	
  -9.7878389e+00	  -4.0447184e+00	   3.4444831e+01	
  -9.2103809e+00	  -3.4209134e+00	   3.3887732e+01	
  -8.6330696e+00	  -2.8909161e+00	   3.3273261e+01	
  -8.0646544e+00	  -2.4509118e+00	   3.2617208e+01	
  -7.5125758e+00	  -2.0948861e+00	   3.1933120e+01	
  -6.9829205e+00	  -1.8154250e+00	   3.1232238e+01	
  -6.4804505e+00	  -1.6043981e+00	   3.0523610e+01	
  -6.0086893e+00	  -1.4535041e+00	   2.9814313e+01	
  -5.5700436e+00	  -1.3546789e+00	   2.9109727e+01	
  -5.1659472e+00	  -1.3003794e+00	   2.8413827e+01	
  -4.7970124e+00	  -1.2837627e+00	   2.7729466e+01	
  -4.4631801e+00	  -1.2987811e+00	   2.7058624e+01	
  -4.1638614e+00	  -1.3402164e+00	   2.6402624e+01	
  -3.8980664e+00	  -1.4036680e+00	   2.5762311e+01	
  -3.6645189e+00	  -1.4855126e+00	   2.5138191e+01	
  -3.4617545e+00	  -1.5828458e+00	   2.4530546e+01	
  -3.2882038e+00	  -1.6934139e+00	   2.3939513e+01	
  -3.1422611e+00	  -1.8155436e+00	   2.3365148e+01	
  -3.0223392e+00	  -1.9480722e+00	   2.2807475e+01	
  -2.9269135e+00	  -2.0902826e+00	   2.2266514e+01	
  -2.8545555e+00	  -2.2418432e+00	   2.1742310e+01	
  -2.8039573e+00	  -2.4027551e+00	   2.1234951e+01	
  -2.7739499e+00	  -2.5733054e+00	   2.0744583e+01	
  -2.7635150e+00	  -2.7540274e+00	   2.0271423e+01	
  -2.7717925e+00	  -2.9456664e+00	   1.9815772e+01	
  -2.7980842e+00	  -3.1491514e+00	   1.9378028e+01	
  -2.8418545e+00	  -3.3655707e+00	   1.8958699e+01	
  -2.9027293e+00	  -3.5961516e+00	   1.8558421e+01	
  -2.9804930e+00	  -3.8422425e+00	   1.8177976e+01	
  -3.0750838e+00	  -4.1052963e+00	   1.7818311e+01	
  -3.1865886e+00	  -4.3868544e+00	   1.7480562e+01	
  -3.3152362e+00	  -4.6885291e+00	   1.7166087e+01	
  -3.4613898e+00	  -5.0119843e+00	   1.6876489e+01	
  -3.6255378e+00	  -5.3589110e+00	   1.6613657e+01	
  -3.8082833e+00	  -5.7309971e+00	   1.6379801e+01	
  -4.0103309e+00	  -6.1298884e+00	   1.6177496e+01	
  -4.2324706e+00	  -6.5571392e+00	   1.6009726e+01	
  -4.4755586e+00	  -7.0141480e+00	   1.5879928e+01	
  -4.7404914e+00	  -7.5020764e+00	   1.5792041e+01	
  -5.0281757e+00	  -8.0217469e+00	   1.5750544e+01	
  -5.3394886e+00	  -8.5735167e+00	   1.5760490e+01	
  -5.6752290e+00	  -9.1571223e+00	   1.5827531e+01	
  -6.0360574e+00	  -9.7714933e+00	   1.5957908e+01	
  -6.4224217e+00	  -1.0414534e+01	   1.6158422e+01	
  -6.8344682e+00	  -1.1082870e+01	   1.6436349e+01	
  -7.2719351e+00	  -1.1771572e+01	   1.6799300e+01	
  -7.7340289e+00	  -1.2473852e+01	   1.7254990e+01	
  -8.2192841e+00	  -1.3180771e+01	   1.7810919e+01	
  -8.7254081e+00	  -1.3880958e+01	   1.8473917e+01	
  -9.2491184e+00	  -1.4560409e+01	   1.9249569e+01	
  -9.7859806e+00	  -1.5202397e+01	   2.0141487e+01	
  -1.0330261e+01	  -1.5787560e+01	   2.1150467e+01	
  -1.0874816e+01	  -1.6294255e+01	   2.2273545e+01	
  -1.1411035e+01	  -1.6699229e+01	   2.3503051e+01	
  -1.1928880e+01	  -1.6978667e+01	   2.4825744e+01	
  -1.2417029e+01	  -1.7109633e+01	   2.6222196e+01	
  -1.2863171e+01	  -1.7071861e+01	   2.7666586e+01	
  -1.3254445e+01	  -1.6849759e+01	   2.9127079e+01	
  -1.3578040e+01	  -1.6434426e+01	   3.0566909e+01	
  -1.3821913e+01	  -1.5825383e+01	   3.1946219e+01	
  -1.3975578e+01	  -1.5031714e+01	   3.3224549e+01	
  -1.4030888e+01	  -1.4072323e+01	   3.4363753e+01	
  -1.3982718e+01	  -1.2975154e+01	   3.5330964e+01	
  -1.3829456e+01	  -1.1775358e+01	   3.6101190e+01	
  -1.3573235e+01	  -1.0512628e+01	   3.6659137e+01	
  -1.3219852e+01	  -9.2280671e+00	   3.6999983e+01	
  -1.2778406e+01	  -7.9610334e+00	   3.7129022e+01	
  -1.2260677e+01	  -6.7464178e+00	   3.7060307e+01	
  -1.1680346e+01	  -5.6126636e+00	   3.6814573e+01	
  -1.1052138e+01	  -4.5806947e+00	   3.6416819e+01	
  -1.0390996e+01	  -3.6637290e+00	   3.5893921e+01	
  -9.7113427e+00	  -2.8678265e+00	   3.5272553e+01	
  -9.0265028e+00	  -2.1929422e+00	   3.4577601e+01	
  -8.3482845e+00	  -1.6342421e+00	   3.3831115e+01	
  -7.6867366e+00	  -1.1834721e+00	   3.3051780e+01	
  -7.0500527e+00	  -8.3022650e-01	   3.2254789e+01	
  -6.4445968e+00	  -5.6302407e-01	   3.1452031e+01	
  -5.8750178e+00	  -3.7015437e-01	   3.0652452e+01	
  -5.3444226e+00	  -2.4029466e-01	   2.9862514e+01	
  -4.8545810e+00	  -1.6292250e-01	   2.9086664e+01	
  -4.4061422e+00	  -1.2856048e-01	   2.8327785e+01	
  -3.9988475e+00	  -1.2889190e-01	   2.7587586e+01	
  -3.6317287e+00	  -1.5678305e-01	   2.6866929e+01	
  -3.3032865e+00	  -2.0624256e-01	   2.6166086e+01	
  -3.0116464e+00	  -2.7234140e-01	   2.5484944e+01	
  -2.7546906e+00	  -3.5111151e-01	   2.4823147e+01	
  -2.5301671e+00	  -4.3943571e-01	   2.4180210e+01	
  -2.3357784e+00	  -5.3493745e-01	   2.3555586e+01	
  -2.1692510e+00	  -6.3587607e-01	   2.2948718e+01	
  -2.0283888e+00	  -7.4105056e-01	   2.2359069e+01	
  -1.9111131e+00	  -8.4971385e-01	   2.1786139e+01	
  -1.8154910e+00	  -9.6149784e-01	   2.1229478e+01	
  -1.7397538e+00	  -1.0763494e+00	   2.0688688e+01	
  -1.6823095e+00	  -1.1944767e+00	   2.0163428e+01	
  -1.6417479e+00	  -1.3163047e+00	   1.9653408e+01	
  -1.6168426e+00	  -1.4424399e+00	   1.9158399e+01	
  -1.6065492e+00	  -1.5736419e+00	   1.8678222e+01	
  -1.6100016e+00	  -1.7108024e+00	   1.8212760e+01	
  -1.6265066e+00	  -1.8549295e+00	   1.7761954e+01	
  -1.6555381e+00	  -2.0071370e+00	   1.7325810e+01	
  -1.6967308e+00	  -2.1686378e+00	   1.6904407e+01	
  -1.7498746e+00	  -2.3407412e+00	   1.6497900e+01	
  -1.8149081e+00	  -2.5248520e+00	   1.6106537e+01	
  -1.8919146e+00	  -2.7224722e+00	   1.5730667e+01	
  -1.9811169e+00	  -2.9352043e+00	   1.5370760e+01	
  -2.0828742e+00	  -3.1647546e+00	   1.5027421e+01	
  -2.1976792e+00	  -3.4129371e+00	   1.4701418e+01	
  -2.3261554e+00	  -3.6816762e+00	   1.4393709e+01	
  -2.4690556e+00	  -3.9730076e+00	   1.4105469e+01	
  -2.6272602e+00	  -4.2890761e+00	   1.3838134e+01	
  -2.8017747e+00	  -4.6321294e+00	   1.3593440e+01	
  -2.9937273e+00	  -5.0045044e+00	   1.3373475e+01	
  -3.2043649e+00	  -5.4086059e+00	   1.3180738e+01	
  -3.4350464e+00	  -5.8468733e+00	   1.3018203e+01	
  -3.6872333e+00	  -6.3217318e+00	   1.2889393e+01	
  -3.9624756e+00	  -6.8355242e+00	   1.2798460e+01	
  -4.2623910e+00	  -7.3904178e+00	   1.2750271e+01	
  -4.5886361e+00	  -7.9882793e+00	   1.2750495e+01	
  -4.9428665e+00	  -8.6305117e+00	   1.2805693e+01	
  -5.3266831e+00	  -9.3178436e+00	   1.2923390e+01	
  -5.7415607e+00	  -1.0050064e+01	   1.3112132e+01	
  -6.1887549e+00	  -1.0825692e+01	   1.3381504e+01	
  -6.6691843e+00	  -1.1641586e+01	   1.3742087e+01	
  -7.1832815e+00	  -1.2492470e+01	   1.4205330e+01	
  -7.7308122e+00	  -1.3370414e+01	   1.4783295e+01	
  -8.3106580e+00	  -1.4264266e+01	   1.5488231e+01	
  -8.9205671e+00	  -1.5159083e+01	   1.6331945e+01	
  -9.5568755e+00	  -1.6035629e+01	   1.7324904e+01	
  -1.0214215e+01	  -1.6870036e+01	   1.8475051e+01	
  -1.0885230e+01	  -1.7633749e+01	   1.9786337e+01	
  -1.1560333e+01	  -1.8293929e+01	   2.1257009e+01	
  -1.2227556e+01	  -1.8814461e+01	   2.2877774e+01	
  -1.2872543e+01	  -1.9157730e+01	   2.4630077e+01	
  -1.3478753e+01	  -1.9287223e+01	   2.6484784e+01	
  -1.4027933e+01	  -1.9170886e+01	   2.8401678e+01	
  -1.4500886e+01	  -1.8784979e+01	   3.0330152e+01	
  -1.4878541e+01	  -1.8117922e+01	   3.2211411e+01	
  -1.5143264e+01	  -1.7173473e+01	   3.3982244e+01	
  -1.5280275e+01	  -1.5972495e+01	   3.5580104e+01	
  -1.5279013e+01	  -1.4552712e+01	   3.6948851e+01	
  -1.5134236e+01	  -1.2966203e+01	   3.8044231e+01	
  -1.4846673e+01	  -1.1274853e+01	   3.8838092e+01	
  -1.4423113e+01	  -9.5444773e+00	   3.9320553e+01	
  -1.3875900e+01	  -7.8386372e+00	   3.9499752e+01	
  -1.3221917e+01	  -6.2132127e+00	   3.9399384e+01	
  -1.2481224e+01	  -4.7125285e+00	   3.9054640e+01	
  -1.1675545e+01	  -3.3674221e+00	   3.8507449e+01	
  -1.0826809e+01	  -2.1951844e+00	   3.7801858e+01	
  -9.9559021e+00	  -1.2009703e+00	   3.6980207e+01	
  -9.0817162e+00	  -3.8011901e-01	   3.6080438e+01	
  -8.2205362e+00	   2.7917441e-01	   3.5134562e+01	
  -7.3857339e+00	   7.9327113e-01	   3.4168149e+01	
  -6.5877231e+00	   1.1808638e+00	   3.3200562e+01	
  -5.8341070e+00	   1.4612402e+00	   3.2245659e+01	
  -5.1299531e+00	   1.6530490e+00	   3.1312723e+01	
  -4.4781361e+00	   1.7735098e+00	   3.0407435e+01	
  -3.8797067e+00	   1.8379799e+00	   2.9532783e+01	
  -3.3342517e+00	   1.8597846e+00	   2.8689844e+01	
  -2.8402275e+00	   1.8502264e+00	   2.7878407e+01	
  -2.3952553e+00	   1.8187073e+00	   2.7097463e+01	
  -1.9963724e+00	   1.7729125e+00	   2.6345551e+01	
  -1.6402415e+00	   1.7190220e+00	   2.5621011e+01	
  -1.3233184e+00	   1.6619261e+00	   2.4922144e+01	
  -1.0419852e+00	   1.6054318e+00	   2.4247317e+01	
  -7.9265054e-01	   1.5524521e+00	   2.3595016e+01	
  -5.7182391e-01	   1.5051740e+00	   2.2963876e+01	
  -3.7616797e-01	   1.4652061e+00	   2.2352684e+01	
  -2.0253272e-01	   1.4337044e+00	   2.1760379e+01	
  -4.7975352e-02	   1.4114797e+00	   2.1186036e+01	
   9.0231016e-02	   1.3990872e+00	   2.0628855e+01	
   2.1459733e-01	   1.3969013e+00	   2.0088141e+01	
   3.2742499e-01	   1.4051770e+00	   1.9563298e+01	
   4.3081699e-01	   1.4241004e+00	   1.9053808e+01	
   5.2669225e-01	   1.4538301e+00	   1.8559229e+01	
   6.1680220e-01	   1.4945299e+00	   1.8079181e+01	
   7.0274859e-01	   1.5463965e+00	   1.7613345e+01	
   7.8600193e-01	   1.6096809e+00	   1.7161458e+01	
   8.6792006e-01	   1.6847067e+00	   1.6723311e+01	
   9.4976652e-01	   1.7718849e+00	   1.6298750e+01	
   1.0327285e+00	   1.8717261e+00	   1.5887680e+01	
   1.1179339e+00	   1.9848516e+00	   1.5490067e+01	
   1.2064684e+00	   2.1120026e+00	   1.5105946e+01	
   1.2993908e+00	   2.2540492e+00	   1.4735429e+01	
   1.3977488e+00	   2.4119980e+00	   1.4378717e+01	
   1.5025928e+00	   2.5870004e+00	   1.4036110e+01	
   1.6149902e+00	   2.7803590e+00	   1.3708030e+01	
   1.7360386e+00	   2.9935351e+00	   1.3395031e+01	
   1.8668778e+00	   3.2281537e+00	   1.3097835e+01	
   2.0087020e+00	   3.4860088e+00	   1.2817350e+01	
   2.1627709e+00	   3.7690657e+00	   1.2554709e+01	
   2.3304195e+00	   4.0794603e+00	   1.2311313e+01	
   2.5130671e+00	   4.4194953e+00	   1.2088871e+01	
   2.7122247e+00	   4.7916289e+00	   1.1889463e+01	
   2.9295004e+00	   5.1984557e+00	   1.1715602e+01	
   3.1666014e+00	   5.6426767e+00	   1.1570308e+01	
   3.4253330e+00	   6.1270523e+00	   1.1457194e+01	
   3.7075915e+00	   6.6543366e+00	   1.1380561e+01	
   4.0153511e+00	   7.2271841e+00	   1.1345503e+01	
   4.3506406e+00	   7.8480217e+00	   1.1358024e+01	
   4.7155093e+00	   8.5188784e+00	   1.1425143e+01	
   5.1119762e+00	   9.2411603e+00	   1.1555017e+01	
   5.5419607e+00	   1.0015361e+01	   1.1757027e+01	
   6.0071875e+00	   1.0840694e+01	   1.2041845e+01	
   6.5090627e+00	   1.1714639e+01	   1.2421436e+01	
   7.0485132e+00	   1.2632397e+01	   1.2908969e+01	
   7.6257849e+00	   1.3586250e+01	   1.3518597e+01	
   8.2401967e+00	   1.4564853e+01	   1.4265037e+01	
   8.8898465e+00	   1.5552487e+01	   1.5162908e+01	
   9.5712774e+00	   1.6528356e+01	   1.6225738e+01	
   1.0279113e+01	   1.7466025e+01	   1.7464607e+01	
   1.1005688e+01	   1.8333178e+01	   1.8886385e+01	
   1.1740716e+01	   1.9091889e+01	   2.0491612e+01	
   1.2471047e+01	   1.9699647e+01	   2.2272146e+01	
   1.3180591e+01	   2.0111352e+01	   2.4208836e+01	
   1.3850492e+01	   2.0282430e+01	   2.6269625e+01	
   1.4459641e+01	   2.0173006e+01	   2.8408613e+01	
   1.4985565e+01	   1.9752851e+01	   3.0566646e+01	
   1.5405729e+01	   1.9006450e+01	   3.2673890e+01	
   1.5699154e+01	   1.7937276e+01	   3.4654551e+01	
   1.5848218e+01	   1.6570242e+01	   3.6433413e+01	
   1.5840384e+01	   1.4951448e+01	   3.7943325e+01	
   1.5669598e+01	   1.3144859e+01	   3.9132342e+01	
   1.5337096e+01	   1.1226235e+01	   3.9969099e+01	
   1.4851466e+01	   9.2753427e+00	   4.0445349e+01	
   1.4227935e+01	   7.3679248e+00	   4.0575208e+01	
   1.3487011e+01	   5.5688838e+00	   4.0391467e+01	
   1.2652707e+01	   3.9277346e+00	   3.9939971e+01	
   1.1750632e+01	   2.4767300e+00	   3.9273296e+01	
   1.0806209e+01	   1.2314256e+00	   3.8444928e+01	
   9.8432010e+00	   1.9302133e-01	   3.7504689e+01	
   8.8826634e+00	  -6.4833542e-01	   3.6495788e+01	
   7.9423178e+00	  -1.3100263e+00	   3.5453405e+01	
   7.0363133e+00	  -1.8137489e+00	   3.4404521e+01	
   6.1752876e+00	  -2.1829065e+00	   3.3368591e+01	
   5.3666362e+00	  -2.4406928e+00	   3.2358681e+01	
   4.6149075e+00	  -2.6088288e+00	   3.1382770e+01	
   3.9222524e+00	  -2.7068385e+00	   3.0445006e+01	
   3.2888794e+00	  -2.7517289e+00	   2.9546818e+01	
   2.7134832e+00	  -2.7579489e+00	   2.8687817e+01	
   2.1936265e+00	  -2.7375224e+00	   2.7866495e+01	
   1.7260680e+00	  -2.7002788e+00	   2.7080735e+01	
   1.3070345e+00	  -2.6541272e+00	   2.6328167e+01	
   9.3244060e-01	  -2.6053383e+00	   2.5606404e+01	
   5.9806145e-01	  -2.5588143e+00	   2.4913183e+01	
   2.9966366e-01	  -2.5183358e+00	   2.4246447e+01	
   3.3102316e-02	  -2.4867798e+00	   2.3604382e+01	
  -2.0561092e-01	  -2.4663091e+00	   2.2985419e+01	
  -4.2026274e-01	  -2.4585337e+00	   2.2388231e+01	
  -6.1441157e-01	  -2.4646472e+00	   2.1811711e+01	
  -7.9137531e-01	  -2.4855402e+00	   2.1254955e+01	
  -9.5423009e-01	  -2.5218942e+00	   2.0717240e+01	
  -1.1058172e+00	  -2.5742589e+00	   2.0198004e+01	
  -1.2487562e+00	  -2.6431149e+00	   1.9696832e+01	
  -1.3854616e+00	  -2.7289248e+00	   1.9213447e+01	
  -1.5181633e+00	  -2.8321741e+00	   1.8747703e+01	
  -1.6489275e+00	  -2.9534035e+00	   1.8299579e+01	
  -1.7796788e+00	  -3.0932347e+00	   1.7869183e+01	
  -1.9122228e+00	  -3.2523900e+00	   1.7456759e+01	
  -2.0482674e+00	  -3.4317071e+00	   1.7062696e+01	
  -2.1894436e+00	  -3.6321491e+00	   1.6687540e+01	
  -2.3373254e+00	  -3.8548113e+00	   1.6332014e+01	
  -2.4934476e+00	  -4.1009223e+00	   1.5997042e+01	
  -2.6593221e+00	  -4.3718425e+00	   1.5683772e+01	
  -2.8364528e+00	  -4.6690561e+00	   1.5393613e+01	
  -3.0263469e+00	  -4.9941581e+00	   1.5128273e+01	
  -3.2305246e+00	  -5.3488331e+00	   1.4889797e+01	
  -3.4505251e+00	  -5.7348259e+00	   1.4680624e+01	
  -3.6879081e+00	  -6.1538989e+00	   1.4503634e+01	
  -3.9442515e+00	  -6.6077766e+00	   1.4362216e+01	
  -4.2211423e+00	  -7.0980695e+00	   1.4260324e+01	
  -4.5201602e+00	  -7.6261776e+00	   1.4202546e+01	
  -4.8428530e+00	  -8.1931635e+00	   1.4194170e+01	
  -5.1906993e+00	  -8.7995944e+00	   1.4241233e+01	
  -5.5650596e+00	  -9.4453434e+00	   1.4350572e+01	
  -5.9671093e+00	  -1.0129347e+01	   1.4529830e+01	
  -6.3977542e+00	  -1.0849316e+01	   1.4787442e+01	
  -6.8575227e+00	  -1.1601391e+01	   1.5132541e+01	
  -7.3464348e+00	  -1.2379762e+01	   1.5574798e+01	
  -7.8638443e+00	  -1.3176248e+01	   1.6124142e+01	
  -8.4082556e+00	  -1.3979865e+01	   1.6790337e+01	
  -8.9771185e+00	  -1.4776427e+01	   1.7582385e+01	
  -9.5666070e+00	  -1.5548230e+01	   1.8507734e+01	
  -1.0171397e+01	  -1.6273904e+01	   1.9571270e+01	
  -1.0784465e+01	  -1.6928527e+01	   2.0774118e+01	
  -1.1396929e+01	  -1.7484125e+01	   2.2112309e+01	
  -1.1997981e+01	  -1.7910653e+01	   2.3575423e+01	
  -1.2574942e+01	  -1.8177557e+01	   2.5145389e+01	
  -1.3113494e+01	  -1.8255916e+01	   2.6795677e+01	
  -1.3598110e+01	  -1.8121080e+01	   2.8491168e+01	
  -1.4012722e+01	  -1.7755580e+01	   3.0188943e+01	
  -1.4341589e+01	  -1.7151924e+01	   3.1840180e+01	
  -1.4570332e+01	  -1.6314814e+01	   3.3393158e+01	
  -1.4687028e+01	  -1.5262278e+01	   3.4797129e+01	
  -1.4683244e+01	  -1.4025342e+01	   3.6006598e+01	
  -1.4554854e+01	  -1.2646085e+01	   3.6985365e+01	
  -1.4302536e+01	  -1.1174254e+01	   3.7709649e+01	
  -1.3931834e+01	  -9.6629336e+00	   3.8169758e+01	
  -1.3452789e+01	  -8.1639544e+00	   3.8370056e+01	
  -1.2879191e+01	  -6.7237669e+00	   3.8327322e+01	
  -1.2227545e+01	  -5.3803603e+00	   3.8067910e+01	
  -1.1515918e+01	  -4.1615299e+00	   3.7624291e+01	
  -1.0762788e+01	  -3.0845065e+00	   3.7031576e+01	
  -9.9860317e+00	  -2.1567191e+00	   3.6324486e+01	
  -9.2021159e+00	  -1.3773286e+00	   3.5535081e+01	
  -8.4255387e+00	  -7.3914314e-01	   3.4691309e+01	
  -7.6685064e+00	  -2.3058601e-01	   3.3816331e+01	
  -6.9408233e+00	   1.6252012e-01	   3.2928456e+01	
  -6.2499466e+00	   4.5548062e-01	   3.2041495e+01	
  -5.6011594e+00	   6.6361266e-01	   3.1165365e+01	
  -4.9978166e+00	   8.0146933e-01	   3.0306778e+01	
  -4.4416263e+00	   8.8235510e-01	   2.9469942e+01	
  -3.9329396e+00	   9.1807051e-01	   2.8657186e+01	
  -3.4710278e+00	   9.1882487e-01	   2.7869494e+01	
  -3.0543366e+00	   8.9326363e-01	   2.7106933e+01	
  -2.6807083e+00	   8.4856772e-01	   2.6368979e+01	
  -2.3475727e+00	   7.9059306e-01	   2.5654764e+01	
  -2.0521046e+00	   7.2402777e-01	   2.4963241e+01	
  -1.7913517e+00	   6.5255191e-01	   2.4293305e+01	
  -1.5623348e+00	   5.7899062e-01	   2.3643862e+01	
  -1.3621250e+00	   5.0545501e-01	   2.3013873e+01	
  -1.1879006e+00	   4.3346830e-01	   2.2402379e+01	
  -1.0369875e+00	   3.6407635e-01	   2.1808504e+01	
  -9.0688545e-01	   2.9794269e-01	   2.1231458e+01	
  -7.9528445e-01	   2.3542914e-01	   2.0670531e+01	
  -7.0007157e-01	   1.7666324e-01	   2.0125083e+01	
  -6.1933190e-01	   1.2159376e-01	   1.9594537e+01	
  -5.5134441e-01	   7.0036028e-02	   1.9078369e+01	
  -4.9457436e-01	   2.1708140e-02	   1.8576099e+01	
  -4.4766343e-01	  -2.3740377e-02	   1.8087287e+01	
  -4.0941829e-01	  -6.6706441e-02	   1.7611525e+01	
  -3.7879850e-01	  -1.0761669e-01	   1.7148429e+01	
  -3.5490416e-01	  -1.4691529e-01	   1.6697641e+01	
  -3.3696377e-01	  -1.8505539e-01	   1.6258821e+01	
  -3.2432257e-01	  -2.2249366e-01	   1.5831646e+01	
  -3.1643160e-01	  -2.5968725e-01	   1.5415809e+01	
  -3.1283763e-01	  -2.9709271e-01	   1.5011017e+01	
  -3.1317397e-01	  -3.3516653e-01	   1.4616989e+01	
  -3.1715236e-01	  -3.7436685e-01	   1.4233456e+01	
  -3.2455574e-01	  -4.1515632e-01	   1.3860162e+01	
  -3.3523210e-01	  -4.5800570e-01	   1.3496863e+01	
  -3.4908925e-01	  -5.0339814e-01	   1.3143325e+01	
  -3.6609055e-01	  -5.5183407e-01	   1.2799329e+01	
  -3.8625154e-01	  -6.0383663e-01	   1.2464668e+01	
  -4.0963737e-01	  -6.5995754e-01	   1.2139150e+01	
  -4.3636115e-01	  -7.2078346e-01	   1.1822597e+01	
  -4.6658301e-01	  -7.8694284e-01	   1.1514852e+01	
  -5.0050997e-01	  -8.5911323e-01	   1.1215772e+01	
  -5.3839651e-01	  -9.3802923e-01	   1.0925242e+01	
  -5.8054591e-01	  -1.0244910e+00	   1.0643167e+01	
  -6.2731227e-01	  -1.1193732e+00	   1.0369486e+01	
  -6.7910322e-01	  -1.2236351e+00	   1.0104169e+01	
  -7.3638343e-01	  -1.3383312e+00	   9.8472276e+00	
  -7.9967873e-01	  -1.4646225e+00	   9.5987223e+00	
  -8.6958105e-01	  -1.6037887e+00	   9.3587697e+00	
  -9.4675407e-01	  -1.7572420e+00	   9.1275548e+00	
  -1.0319396e+00	  -1.9265404e+00	   8.9053446e+00	
  -1.1259650e+00	  -2.1134033e+00	   8.6925048e+00	
  -1.2297505e+00	  -2.3197266e+00	   8.4895205e+00	
  -1.3443189e+00	  -2.5475992e+00	   8.2970207e+00	
  -1.4708042e+00	  -2.7993188e+00	   8.1158089e+00	
  -1.6104616e+00	  -3.0774076e+00	   7.9469004e+00	
  -1.7646789e+00	  -3.3846272e+00	   7.7915669e+00	
  -1.9349863e+00	  -3.7239899e+00	   7.6513914e+00	
  -2.1230675e+00	  -4.0987668e+00	   7.5283336e+00	
  -2.3307702e+00	  -4.5124890e+00	   7.4248097e+00	
  -2.5601141e+00	  -4.9689388e+00	   7.3437868e+00	
  -2.8132984e+00	  -5.4721271e+00	   7.2888956e+00	
  -3.0927037e+00	  -6.0262504e+00	   7.2645634e+00	
  -3.4008901e+00	  -6.6356202e+00	   7.2761686e+00	
  -3.7405852e+00	  -7.3045534e+00	   7.3302174e+00	
  -4.1146624e+00	  -8.0372121e+00	   7.4345431e+00	
  -4.5261008e+00	  -8.8373745e+00	   7.5985217e+00	
  -4.9779248e+00	  -9.7081175e+00	   7.8332972e+00	
  -5.4731131e+00	  -1.0651387e+01	   8.1519988e+00	
  -6.0144687e+00	  -1.1667428e+01	   8.5699234e+00	
  -6.6044400e+00	  -1.2754048e+01	   9.1046429e+00	
  -7.2448795e+00	  -1.3905695e+01	   9.7759719e+00	
  -7.9367275e+00	  -1.5112334e+01	   1.0605712e+01	
  -8.6796113e+00	  -1.6358145e+01	   1.1617059e+01	
  -9.4713509e+00	  -1.7620102e+01	   1.2833529e+01	
  -1.0307377e+01	  -1.8866575e+01	   1.4277256e+01	
  -1.1180080e+01	  -2.0056176e+01	   1.5966519e+01	
  -1.2078139e+01	  -2.1137220e+01	   1.7912416e+01	
  -1.2985909e+01	  -2.2048261e+01	   2.0114761e+01	
  -1.3882996e+01	  -2.2720275e+01	   2.2557507e+01	
  -1.4744176e+01	  -2.3080969e+01	   2.5204335e+01	
  -1.5539849e+01	  -2.3061507e+01	   2.7995442e+01	
  -1.6237202e+01	  -2.2605345e+01	   3.0846807e+01	
  -1.6802157e+01	  -2.1678170e+01	   3.3653242e+01	
  -1.7202070e+01	  -2.0277056e+01	   3.6295985e+01	
  -1.7408905e+01	  -1.8436444e+01	   3.8654572e+01	
  -1.7402426e+01	  -1.6228700e+01	   4.0621276e+01	
  -1.7172826e+01	  -1.3758089e+01	   4.2115215e+01	
  -1.6722231e+01	  -1.1148791e+01	   4.3092757e+01	
  -1.6064723e+01	  -8.5294100e+00	   4.3551678e+01	
  -1.5224864e+01	  -6.0175093e+00	   4.3528210e+01	
  -1.4235021e+01	  -3.7075136e+00	   4.3088226e+01	
  -1.3132053e+01	  -1.6640263e+00	   4.2315175e+01	
  -1.1953959e+01	   7.9139580e-02	   4.1297813e+01	
  -1.0736979e+01	   1.5153823e+00	   4.0120095e+01	
  -9.5134655e+00	   2.6590777e+00	   3.8854455e+01	
  -8.3105916e+00	   3.5385614e+00	   3.7558563e+01	
  -7.1498384e+00	   4.1897057e+00	   3.6274922e+01	
  -6.0470765e+00	   4.6508306e+00	   3.5032325e+01	
  -5.0130505e+00	   4.9591554e+00	   3.3848275e+01	
  -4.0540856e+00	   5.1486447e+00	   3.2731661e+01	
  -3.1728770e+00	   5.2489489e+00	   3.1685252e+01	
  -2.3692647e+00	   5.2851069e+00	   3.0707780e+01	
  -1.6409384e+00	   5.2777230e+00	   2.9795573e+01	
  -9.8404430e-01	   5.2434019e+00	   2.8943728e+01	
  -3.9368699e-01	   5.1952913e+00	   2.8146931e+01	
   1.3566970e-01	   5.1436406e+00	   2.7399969e+01	
   6.0989169e-01	   5.0963243e+00	   2.6698045e+01	
   1.0349402e+00	   5.0593066e+00	   2.6036933e+01	
   1.4167006e+00	   5.0370378e+00	   2.5413040e+01	
   1.7608622e+00	   5.0327864e+00	   2.4823407e+01	
   2.0728379e+00	   5.0489112e+00	   2.4265674e+01	
   2.3577152e+00	   5.0870818e+00	   2.3738032e+01	
   2.6202301e+00	   5.1484548e+00	   2.3239162e+01	
   2.8647590e+00	   5.2338129e+00	   2.2768189e+01	
   3.0953229e+00	   5.3436731e+00	   2.2324632e+01	
   3.3155996e+00	   5.4783684e+00	   2.1908364e+01	
   3.5289423e+00	   5.6381079e+00	   2.1519586e+01	
   3.7384009e+00	   5.8230175e+00	   2.1158801e+01	
   3.9467439e+00	   6.0331646e+00	   2.0826804e+01	
   4.1564803e+00	   6.2685678e+00	   2.0524670e+01	
   4.3698798e+00	   6.5291933e+00	   2.0253757e+01	
   4.5889898e+00	   6.8149390e+00	   2.0015698e+01	
   4.8156487e+00	   7.1256060e+00	   1.9812413e+01	
   5.0514945e+00	   7.4608579e+00	   1.9646107e+01	
   5.2979691e+00	   7.8201687e+00	   1.9519268e+01	
   5.5563148e+00	   8.2027577e+00	   1.9434669e+01	
   5.8275665e+00	   8.6075124e+00	   1.9395351e+01	
   6.1125348e+00	   9.0328998e+00	   1.9404601e+01	
   6.4117832e+00	   9.4768658e+00	   1.9465911e+01	
   6.7255961e+00	   9.9367257e+00	   1.9582921e+01	
   7.0539407e+00	   1.0409049e+01	   1.9759329e+01	
   7.3964196e+00	   1.0889542e+01	   1.9998776e+01	
   7.7522187e+00	   1.1372938e+01	   2.0304689e+01	
   8.1200487e+00	   1.1852900e+01	   2.0680084e+01	
   8.4980859e+00	   1.2321959e+01	   2.1127326e+01	
   8.8839131e+00	   1.2771487e+01	   2.1647843e+01	
   9.2744678e+00	   1.3191747e+01	   2.2241801e+01	
   9.6660034e+00	   1.3572017e+01	   2.2907756e+01	
   1.0054070e+01	   1.3900819e+01	   2.3642297e+01	
   1.0433528e+01	   1.4166268e+01	   2.4439712e+01	
   1.0798591e+01	   1.4356549e+01	   2.5291718e+01	
   1.1142931e+01	   1.4460509e+01	   2.6187295e+01	
   1.1459816e+01	   1.4468349e+01	   2.7112677e+01	
   1.1742320e+01	   1.4372373e+01	   2.8051546e+01	
   1.1983575e+01	   1.4167719e+01	   2.8985445e+01	
   1.2177068e+01	   1.3853012e+01	   2.9894445e+01	
   1.2316964e+01	   1.3430834e+01	   3.0758011e+01	
   1.2398430e+01	   1.2907936e+01	   3.1556040e+01	
   1.2417932e+01	   1.2295143e+01	   3.2269959e+01	
   1.2373487e+01	   1.1606912e+01	   3.2883780e+01	
   1.2264821e+01	   1.0860585e+01	   3.3385003e+01	
   1.2093436e+01	   1.0075391e+01	   3.3765243e+01	
   1.1862568e+01	   9.2713141e+00	   3.4020534e+01	
   1.1577034e+01	   8.4679363e+00	   3.4151281e+01	
   1.1242997e+01	   7.6833962e+00	   3.4161877e+01	
   1.0867651e+01	   6.9335440e+00	   3.4060065e+01	
   1.0458882e+01	   6.2313640e+00	   3.3856133e+01	
   1.0024908e+01	   5.5866835e+00	   3.3562047e+01	
   9.5739449e+00	   5.0061492e+00	   3.3190605e+01	
   9.1139138e+00	   4.4934257e+00	   3.2754703e+01	
   8.6522001e+00	   4.0495554e+00	   3.2266744e+01	
   8.1954770e+00	   3.6734127e+00	   3.1738201e+01	
   7.7495905e+00	   3.3621962e+00	   3.1179359e+01	
   7.3195023e+00	   3.1119081e+00	   3.0599176e+01	
   6.9092813e+00	   2.9177921e+00	   3.0005277e+01	
   6.5221355e+00	   2.7747063e+00	   2.9404006e+01	
   6.1604719e+00	   2.6774256e+00	   2.8800554e+01	
   5.8259771e+00	   2.6208731e+00	   2.8199100e+01	
   5.5197081e+00	   2.6002870e+00	   2.7602965e+01	
   5.2421879e+00	   2.6113310e+00	   2.7014768e+01	
   4.9935008e+00	   2.6501597e+00	   2.6436563e+01	
   4.7733819e+00	   2.7134475e+00	   2.5869966e+01	
   4.5813004e+00	   2.7983918e+00	   2.5316260e+01	
   4.4165343e+00	   2.9026965e+00	   2.4776485e+01	
   4.2782348e+00	   3.0245431e+00	   2.4251513e+01	
   4.1654827e+00	   3.1625541e+00	   2.3742107e+01	
   4.0773348e+00	   3.3157524e+00	   2.3248967e+01	
   4.0128624e+00	   3.4835193e+00	   2.2772778e+01	
   3.9711818e+00	   3.6655524e+00	   2.2314234e+01	
   3.9514784e+00	   3.8618260e+00	   2.1874072e+01	
   3.9530246e+00	   4.0725520e+00	   2.1453096e+01	
   3.9751920e+00	   4.2981444e+00	   2.1052200e+01	
   4.0174600e+00	   4.5391841e+00	   2.0672387e+01	
   4.0794192e+00	   4.7963858e+00	   2.0314796e+01	
   4.1607728e+00	   5.0705650e+00	   1.9980720e+01	
   4.2613329e+00	   5.3626045e+00	   1.9671629e+01	
   4.3810156e+00	   5.6734185e+00	   1.9389196e+01	
   4.5198319e+00	   6.0039147e+00	   1.9135318e+01	
   4.6778761e+00	   6.3549505e+00	   1.8912139e+01	
   4.8553106e+00	   6.7272841e+00	   1.8722077e+01	
   5.0523476e+00	   7.1215167e+00	   1.8567843e+01	
   5.2692259e+00	   7.5380254e+00	   1.8452460e+01	
   5.5061836e+00	   7.9768847e+00	   1.8379273e+01	
   5.7634249e+00	   8.4377751e+00	   1.8351954e+01	
   6.0410808e+00	   8.9198770e+00	   1.8374492e+01	
   6.3391629e+00	   9.4217508e+00	   1.8451165e+01	
   6.6575096e+00	   9.9412033e+00	   1.8586488e+01	
   6.9957232e+00	   1.0475142e+01	   1.8785131e+01	
   7.3531001e+00	   1.1019422e+01	   1.9051796e+01	
   7.7285525e+00	   1.1568697e+01	   1.9391053e+01	
   8.1205229e+00	   1.2116276e+01	   1.9807109e+01	
   8.5268960e+00	   1.2654017e+01	   2.0303533e+01	
   8.9449100e+00	   1.3172261e+01	   2.0882899e+01	
   9.3710733e+00	   1.3659844e+01	   2.1546388e+01	
   9.8010955e+00	   1.4104213e+01	   2.2293325e+01	
   1.0229842e+01	   1.4491672e+01	   2.3120707e+01	
   1.0651325e+01	   1.4807785e+01	   2.4022726e+01	
   1.1058737e+01	   1.5037960e+01	   2.4990375e+01	
   1.1444556e+01	   1.5168199e+01	   2.6011164e+01	
   1.1800704e+01	   1.5186006e+01	   2.7069045e+01	
   1.2118799e+01	   1.5081385e+01	   2.8144597e+01	
   1.2390467e+01	   1.4847851e+01	   2.9215531e+01	
   1.2607719e+01	   1.4483330e+01	   3.0257535e+01	
