0.0000000e+00	
3.1419017e-03	
6.2837723e-03	
9.4255810e-03	
1.2567297e-02	
1.5708888e-02	
1.8850325e-02	
2.1991575e-02	
2.5132608e-02	
2.8273393e-02	
3.1413899e-02	
3.4554095e-02	
3.7693950e-02	
4.0833433e-02	
4.3972513e-02	
4.7111158e-02	
5.0249339e-02	
5.3387023e-02	
5.6524181e-02	
5.9660780e-02	
6.2796791e-02	
6.5932182e-02	
6.9066921e-02	
7.2200979e-02	
7.5334325e-02	
7.8466926e-02	
8.1598753e-02	
8.4729775e-02	
8.7859960e-02	
9.0989278e-02	
9.4117697e-02	
9.7245188e-02	
1.0037172e-01	
1.0349726e-01	
1.0662178e-01	
1.0974524e-01	
1.1286762e-01	
1.1598889e-01	
1.1910901e-01	
1.2222796e-01	
1.2534570e-01	
1.2846221e-01	
1.3157744e-01	
1.3469138e-01	
1.3780398e-01	
1.4091523e-01	
1.4402508e-01	
1.4713352e-01	
1.5024050e-01	
1.5334600e-01	
1.5644998e-01	
1.5955242e-01	
1.6265329e-01	
1.6575254e-01	
1.6885017e-01	
1.7194612e-01	
1.7504038e-01	
1.7813291e-01	
1.8122368e-01	
1.8431267e-01	
1.8739983e-01	
1.9048515e-01	
1.9356858e-01	
1.9665010e-01	
1.9972968e-01	
2.0280729e-01	
2.0588290e-01	
2.0895648e-01	
2.1202799e-01	
2.1509741e-01	
2.1816471e-01	
2.2122985e-01	
2.2429281e-01	
2.2735355e-01	
2.3041205e-01	
2.3346828e-01	
2.3652220e-01	
2.3957378e-01	
2.4262301e-01	
2.4566983e-01	
2.4871423e-01	
2.5175618e-01	
2.5479564e-01	
2.5783258e-01	
2.6086698e-01	
2.6389881e-01	
2.6692803e-01	
2.6995461e-01	
2.7297853e-01	
2.7599976e-01	
2.7901826e-01	
2.8203401e-01	
2.8504697e-01	
2.8805712e-01	
2.9106442e-01	
2.9406885e-01	
2.9707038e-01	
3.0006898e-01	
3.0306461e-01	
3.0605725e-01	
3.0904688e-01	
3.1203345e-01	
3.1501694e-01	
3.1799732e-01	
3.2097456e-01	
3.2394863e-01	
3.2691950e-01	
3.2988715e-01	
3.3285154e-01	
3.3581265e-01	
3.3877044e-01	
3.4172488e-01	
3.4467596e-01	
3.4762363e-01	
3.5056787e-01	
3.5350864e-01	
3.5644593e-01	
3.5937970e-01	
3.6230992e-01	
3.6523657e-01	
3.6815961e-01	
3.7107901e-01	
3.7399476e-01	
3.7690681e-01	
3.7981514e-01	
3.8271972e-01	
3.8562052e-01	
3.8851751e-01	
3.9141067e-01	
3.9429997e-01	
3.9718538e-01	
4.0006686e-01	
4.0294439e-01	
4.0581795e-01	
4.0868750e-01	
4.1155302e-01	
4.1441447e-01	
4.1727183e-01	
4.2012508e-01	
4.2297417e-01	
4.2581909e-01	
4.2865981e-01	
4.3149629e-01	
4.3432852e-01	
4.3715646e-01	
4.3998008e-01	
4.4279936e-01	
4.4561427e-01	
4.4842478e-01	
4.5123086e-01	
4.5403249e-01	
4.5682964e-01	
4.5962227e-01	
4.6241037e-01	
4.6519391e-01	
4.6797285e-01	
4.7074718e-01	
4.7351685e-01	
4.7628185e-01	
4.7904215e-01	
4.8179773e-01	
4.8454854e-01	
4.8729457e-01	
4.9003579e-01	
4.9277218e-01	
4.9550370e-01	
4.9823033e-01	
5.0095204e-01	
5.0366880e-01	
5.0638060e-01	
5.0908739e-01	
5.1178916e-01	
5.1448587e-01	
5.1717751e-01	
5.1986404e-01	
5.2254544e-01	
5.2522169e-01	
5.2789274e-01	
5.3055859e-01	
5.3321920e-01	
5.3587454e-01	
5.3852460e-01	
5.4116934e-01	
5.4380874e-01	
5.4644276e-01	
5.4907140e-01	
5.5169461e-01	
5.5431238e-01	
5.5692468e-01	
5.5953148e-01	
5.6213275e-01	
5.6472848e-01	
5.6731863e-01	
5.6990318e-01	
5.7248210e-01	
5.7505538e-01	
5.7762297e-01	
5.8018487e-01	
5.8274104e-01	
5.8529145e-01	
5.8783609e-01	
5.9037492e-01	
5.9290793e-01	
5.9543508e-01	
5.9795636e-01	
6.0047173e-01	
6.0298118e-01	
6.0548467e-01	
6.0798218e-01	
6.1047370e-01	
6.1295919e-01	
6.1543862e-01	
6.1791199e-01	
6.2037925e-01	
6.2284038e-01	
6.2529537e-01	
6.2774419e-01	
6.3018681e-01	
6.3262321e-01	
6.3505336e-01	
6.3747725e-01	
6.3989484e-01	
6.4230611e-01	
6.4471105e-01	
6.4710962e-01	
6.4950180e-01	
6.5188757e-01	
6.5426691e-01	
6.5663979e-01	
6.5900618e-01	
6.6136607e-01	
6.6371943e-01	
6.6606624e-01	
6.6840647e-01	
6.7074011e-01	
6.7306712e-01	
6.7538749e-01	
6.7770119e-01	
6.8000821e-01	
6.8230851e-01	
6.8460207e-01	
6.8688888e-01	
6.8916890e-01	
6.9144213e-01	
6.9370852e-01	
6.9596807e-01	
6.9822075e-01	
7.0046654e-01	
7.0270541e-01	
7.0493734e-01	
7.0716232e-01	
7.0938032e-01	
7.1159131e-01	
7.1379528e-01	
7.1599220e-01	
7.1818205e-01	
7.2036482e-01	
7.2254047e-01	
7.2470899e-01	
7.2687035e-01	
7.2902455e-01	
7.3117154e-01	
7.3331132e-01	
7.3544385e-01	
7.3756913e-01	
7.3968713e-01	
7.4179782e-01	
7.4390119e-01	
7.4599722e-01	
7.4808589e-01	
7.5016717e-01	
7.5224104e-01	
7.5430749e-01	
7.5636649e-01	
7.5841803e-01	
7.6046208e-01	
7.6249862e-01	
7.6452763e-01	
7.6654910e-01	
7.6856300e-01	
7.7056932e-01	
7.7256802e-01	
7.7455910e-01	
7.7654254e-01	
7.7851831e-01	
7.8048639e-01	
7.8244677e-01	
7.8439943e-01	
7.8634434e-01	
7.8828149e-01	
7.9021085e-01	
7.9213242e-01	
7.9404617e-01	
7.9595208e-01	
7.9785013e-01	
7.9974031e-01	
8.0162259e-01	
8.0349695e-01	
8.0536339e-01	
8.0722188e-01	
8.0907239e-01	
8.1091492e-01	
8.1274945e-01	
8.1457595e-01	
8.1639441e-01	
8.1820482e-01	
8.2000714e-01	
8.2180137e-01	
8.2358749e-01	
8.2536548e-01	
8.2713532e-01	
8.2889699e-01	
8.3065048e-01	
8.3239578e-01	
8.3413285e-01	
8.3586169e-01	
8.3758228e-01	
8.3929461e-01	
8.4099864e-01	
8.4269438e-01	
8.4438179e-01	
8.4606087e-01	
8.4773160e-01	
8.4939396e-01	
8.5104794e-01	
8.5269351e-01	
8.5433067e-01	
8.5595939e-01	
8.5757967e-01	
8.5919147e-01	
8.6079480e-01	
8.6238963e-01	
8.6397595e-01	
8.6555373e-01	
8.6712298e-01	
8.6868366e-01	
8.7023577e-01	
8.7177928e-01	
8.7331419e-01	
8.7484048e-01	
8.7635814e-01	
8.7786714e-01	
8.7936748e-01	
8.8085913e-01	
8.8234210e-01	
8.8381635e-01	
8.8528187e-01	
8.8673866e-01	
8.8818669e-01	
8.8962596e-01	
8.9105644e-01	
8.9247813e-01	
8.9389101e-01	
8.9529506e-01	
8.9669028e-01	
8.9807664e-01	
8.9945414e-01	
9.0082276e-01	
9.0218248e-01	
9.0353330e-01	
9.0487521e-01	
9.0620817e-01	
9.0753220e-01	
9.0884726e-01	
9.1015335e-01	
9.1145046e-01	
9.1273857e-01	
9.1401767e-01	
9.1528775e-01	
9.1654879e-01	
9.1780079e-01	
9.1904372e-01	
9.2027758e-01	
9.2150236e-01	
9.2271804e-01	
9.2392461e-01	
9.2512207e-01	
9.2631038e-01	
9.2748956e-01	
9.2865958e-01	
9.2982043e-01	
9.3097210e-01	
9.3211459e-01	
9.3324787e-01	
9.3437194e-01	
9.3548678e-01	
9.3659239e-01	
9.3768876e-01	
9.3877586e-01	
9.3985371e-01	
9.4092227e-01	
9.4198154e-01	
9.4303152e-01	
9.4407219e-01	
9.4510353e-01	
9.4612555e-01	
9.4713823e-01	
9.4814156e-01	
9.4913553e-01	
9.5012013e-01	
9.5109534e-01	
9.5206118e-01	
9.5301761e-01	
9.5396463e-01	
9.5490224e-01	
9.5583042e-01	
9.5674917e-01	
9.5765847e-01	
9.5855832e-01	
9.5944870e-01	
9.6032962e-01	
9.6120105e-01	
9.6206300e-01	
9.6291544e-01	
9.6375839e-01	
9.6459182e-01	
9.6541572e-01	
9.6623010e-01	
9.6703494e-01	
9.6783023e-01	
9.6861597e-01	
9.6939215e-01	
9.7015875e-01	
9.7091578e-01	
9.7166323e-01	
9.7240108e-01	
9.7312934e-01	
9.7384799e-01	
9.7455702e-01	
9.7525644e-01	
9.7594622e-01	
9.7662638e-01	
9.7729689e-01	
9.7795776e-01	
9.7860897e-01	
9.7925052e-01	
9.7988240e-01	
9.8050461e-01	
9.8111714e-01	
9.8171999e-01	
9.8231315e-01	
9.8289660e-01	
9.8347036e-01	
9.8403441e-01	
9.8458874e-01	
9.8513335e-01	
9.8566824e-01	
9.8619340e-01	
9.8670883e-01	
9.8721451e-01	
9.8771045e-01	
9.8819664e-01	
9.8867307e-01	
9.8913974e-01	
9.8959665e-01	
9.9004379e-01	
9.9048116e-01	
9.9090875e-01	
9.9132655e-01	
9.9173457e-01	
9.9213281e-01	
9.9252124e-01	
9.9289988e-01	
9.9326872e-01	
9.9362775e-01	
9.9397698e-01	
9.9431639e-01	
9.9464599e-01	
9.9496576e-01	
9.9527572e-01	
9.9557585e-01	
9.9586615e-01	
9.9614663e-01	
9.9641727e-01	
9.9667807e-01	
9.9692903e-01	
9.9717015e-01	
9.9740143e-01	
9.9762287e-01	
9.9783445e-01	
9.9803619e-01	
9.9822807e-01	
9.9841010e-01	
9.9858227e-01	
9.9874459e-01	
9.9889704e-01	
9.9903964e-01	
9.9917237e-01	
9.9929524e-01	
9.9940824e-01	
9.9951138e-01	
9.9960466e-01	
9.9968806e-01	
9.9976160e-01	
9.9982527e-01	
9.9987906e-01	
9.9992299e-01	
9.9995705e-01	
9.9998123e-01	
9.9999555e-01	
9.9999999e-01	
9.9999456e-01	
9.9997926e-01	
9.9995409e-01	
9.9991904e-01	
9.9987413e-01	
9.9981934e-01	
9.9975469e-01	
9.9968017e-01	
9.9959577e-01	
9.9950151e-01	
9.9939739e-01	
9.9928340e-01	
9.9915954e-01	
9.9902582e-01	
9.9888224e-01	
9.9872880e-01	
9.9856550e-01	
9.9839234e-01	
9.9820932e-01	
9.9801646e-01	
9.9781374e-01	
9.9760117e-01	
9.9737875e-01	
9.9714649e-01	
9.9690438e-01	
9.9665243e-01	
9.9639064e-01	
9.9611902e-01	
9.9583757e-01	
9.9554628e-01	
9.9524517e-01	
9.9493423e-01	
9.9461347e-01	
9.9428289e-01	
9.9394250e-01	
9.9359229e-01	
9.9323228e-01	
9.9286246e-01	
9.9248284e-01	
9.9209342e-01	
9.9169421e-01	
9.9128521e-01	
9.9086643e-01	
9.9043786e-01	
9.8999952e-01	
9.8955140e-01	
9.8909351e-01	
9.8862586e-01	
9.8814846e-01	
9.8766129e-01	
9.8716438e-01	
9.8665772e-01	
9.8614133e-01	
9.8561519e-01	
9.8507933e-01	
9.8453374e-01	
9.8397844e-01	
9.8341342e-01	
9.8283869e-01	
9.8225427e-01	
9.8166014e-01	
9.8105633e-01	
9.8044283e-01	
9.7981965e-01	
9.7918680e-01	
9.7854428e-01	
9.7789210e-01	
9.7723027e-01	
9.7655880e-01	
9.7587768e-01	
9.7518693e-01	
9.7448655e-01	
9.7377655e-01	
9.7305695e-01	
9.7232773e-01	
9.7158892e-01	
9.7084051e-01	
9.7008252e-01	
9.6931496e-01	
9.6853783e-01	
9.6775113e-01	
9.6695488e-01	
9.6614909e-01	
9.6533376e-01	
9.6450890e-01	
9.6367452e-01	
9.6283063e-01	
9.6197723e-01	
9.6111433e-01	
9.6024195e-01	
9.5936009e-01	
9.5846876e-01	
9.5756797e-01	
9.5665772e-01	
9.5573803e-01	
9.5480890e-01	
9.5387035e-01	
9.5292239e-01	
9.5196502e-01	
9.5099825e-01	
9.5002209e-01	
9.4903655e-01	
9.4804165e-01	
9.4703738e-01	
9.4602377e-01	
9.4500082e-01	
9.4396854e-01	
9.4292694e-01	
9.4187603e-01	
9.4081583e-01	
9.3974634e-01	
9.3866757e-01	
9.3757954e-01	
9.3648225e-01	
9.3537571e-01	
9.3425994e-01	
9.3313495e-01	
9.3200075e-01	
9.3085735e-01	
9.2970476e-01	
9.2854299e-01	
9.2737205e-01	
9.2619196e-01	
9.2500273e-01	
9.2380437e-01	
9.2259688e-01	
9.2138029e-01	
9.2015461e-01	
9.1891984e-01	
9.1767600e-01	
9.1642310e-01	
9.1516115e-01	
9.1389017e-01	
9.1261017e-01	
9.1132116e-01	
9.1002315e-01	
9.0871616e-01	
9.0740020e-01	
9.0607528e-01	
9.0474142e-01	
9.0339862e-01	
9.0204691e-01	
9.0068630e-01	
8.9931679e-01	
8.9793840e-01	
8.9655115e-01	
8.9515505e-01	
8.9375012e-01	
8.9233636e-01	
8.9091379e-01	
8.8948243e-01	
8.8804228e-01	
8.8659337e-01	
8.8513571e-01	
8.8366931e-01	
8.8219419e-01	
8.8071036e-01	
8.7921784e-01	
8.7771663e-01	
8.7620676e-01	
8.7468824e-01	
8.7316109e-01	
8.7162532e-01	
8.7008094e-01	
8.6852798e-01	
8.6696644e-01	
8.6539634e-01	
8.6381770e-01	
8.6223053e-01	
8.6063485e-01	
8.5903068e-01	
8.5741802e-01	
8.5579690e-01	
8.5416733e-01	
8.5252933e-01	
8.5088292e-01	
8.4922810e-01	
8.4756491e-01	
8.4589334e-01	
8.4421343e-01	
8.4252518e-01	
8.4082861e-01	
8.3912375e-01	
8.3741060e-01	
8.3568918e-01	
8.3395952e-01	
8.3222162e-01	
8.3047550e-01	
8.2872119e-01	
8.2695870e-01	
8.2518804e-01	
8.2340924e-01	
8.2162231e-01	
8.1982727e-01	
8.1802414e-01	
8.1621293e-01	
8.1439366e-01	
8.1256636e-01	
8.1073103e-01	
8.0888770e-01	
8.0703639e-01	
8.0517710e-01	
8.0330987e-01	
8.0143471e-01	
7.9955164e-01	
7.9766068e-01	
7.9576184e-01	
7.9385515e-01	
7.9194062e-01	
7.9001827e-01	
7.8808812e-01	
7.8615019e-01	
7.8420451e-01	
7.8225108e-01	
7.8028993e-01	
7.7832108e-01	
7.7634454e-01	
7.7436034e-01	
7.7236850e-01	
7.7036903e-01	
7.6836195e-01	
7.6634729e-01	
7.6432507e-01	
7.6229530e-01	
7.6025801e-01	
7.5821321e-01	
7.5616093e-01	
7.5410118e-01	
7.5203399e-01	
7.4995937e-01	
7.4787735e-01	
7.4578795e-01	
7.4369119e-01	
7.4158708e-01	
7.3947566e-01	
7.3735693e-01	
7.3523093e-01	
7.3309766e-01	
7.3095716e-01	
7.2880945e-01	
7.2665454e-01	
7.2449246e-01	
7.2232322e-01	
7.2014686e-01	
7.1796338e-01	
7.1577282e-01	
7.1357520e-01	
7.1137052e-01	
7.0915883e-01	
7.0694014e-01	
7.0471446e-01	
7.0248183e-01	
7.0024227e-01	
6.9799579e-01	
6.9574243e-01	
6.9348219e-01	
6.9121511e-01	
6.8894121e-01	
6.8666050e-01	
6.8437302e-01	
6.8207878e-01	
6.7977781e-01	
6.7747013e-01	
6.7515575e-01	
6.7283472e-01	
6.7050704e-01	
6.6817275e-01	
6.6583185e-01	
6.6348439e-01	
6.6113037e-01	
6.5876983e-01	
6.5640279e-01	
6.5402926e-01	
6.5164928e-01	
6.4926287e-01	
6.4687005e-01	
6.4447084e-01	
6.4206527e-01	
6.3965336e-01	
6.3723514e-01	
6.3481063e-01	
6.3237985e-01	
6.2994283e-01	
6.2749959e-01	
6.2505015e-01	
6.2259455e-01	
6.2013280e-01	
6.1766492e-01	
6.1519095e-01	
6.1271091e-01	
6.1022482e-01	
6.0773270e-01	
6.0523459e-01	
6.0273050e-01	
6.0022046e-01	
5.9770450e-01	
5.9518263e-01	
5.9265489e-01	
5.9012130e-01	
5.8758189e-01	
5.8503667e-01	
5.8248568e-01	
5.7992894e-01	
5.7736647e-01	
5.7479830e-01	
5.7222446e-01	
5.6964498e-01	
5.6705986e-01	
5.6446915e-01	
5.6187287e-01	
5.5927104e-01	
5.5666369e-01	
5.5405085e-01	
5.5143254e-01	
5.4880878e-01	
5.4617960e-01	
5.4354504e-01	
5.4090510e-01	
5.3825983e-01	
5.3560925e-01	
5.3295338e-01	
5.3029224e-01	
5.2762587e-01	
5.2495430e-01	
5.2227754e-01	
5.1959562e-01	
5.1690858e-01	
5.1421643e-01	
5.1151921e-01	
5.0881694e-01	
5.0610964e-01	
5.0339735e-01	
5.0068009e-01	
4.9795789e-01	
4.9523077e-01	
4.9249876e-01	
4.8976189e-01	
4.8702019e-01	
4.8427367e-01	
4.8152238e-01	
4.7876634e-01	
4.7600557e-01	
4.7324009e-01	
4.7046995e-01	
4.6769517e-01	
4.6491576e-01	
4.6213177e-01	
4.5934321e-01	
4.5655013e-01	
4.5375253e-01	
4.5095045e-01	
4.4814393e-01	
4.4533298e-01	
4.4251763e-01	
4.3969791e-01	
4.3687386e-01	
4.3404549e-01	
4.3121284e-01	
4.2837593e-01	
4.2553479e-01	
4.2268945e-01	
4.1983994e-01	
4.1698628e-01	
4.1412851e-01	
4.1126665e-01	
4.0840073e-01	
4.0553077e-01	
4.0265682e-01	
3.9977889e-01	
3.9689701e-01	
3.9401122e-01	
3.9112153e-01	
3.8822799e-01	
3.8533061e-01	
3.8242943e-01	
3.7952447e-01	
3.7661577e-01	
3.7370335e-01	
3.7078724e-01	
3.6786747e-01	
3.6494407e-01	
3.6201706e-01	
3.5908648e-01	
3.5615236e-01	
3.5321472e-01	
3.5027360e-01	
3.4732901e-01	
3.4438100e-01	
3.4142959e-01	
3.3847481e-01	
3.3551669e-01	
3.3255525e-01	
3.2959053e-01	
3.2662256e-01	
3.2365137e-01	
3.2067697e-01	
3.1769942e-01	
3.1471873e-01	
3.1173493e-01	
3.0874805e-01	
3.0575813e-01	
3.0276518e-01	
2.9976925e-01	
2.9677036e-01	
2.9376854e-01	
2.9076382e-01	
2.8775623e-01	
2.8474580e-01	
2.8173256e-01	
2.7871653e-01	
2.7569776e-01	
2.7267626e-01	
2.6965208e-01	
2.6662523e-01	
2.6359574e-01	
2.6056366e-01	
2.5752900e-01	
2.5449181e-01	
2.5145210e-01	
2.4840990e-01	
2.4536526e-01	
2.4231819e-01	
2.3926873e-01	
2.3621691e-01	
2.3316276e-01	
2.3010630e-01	
2.2704758e-01	
2.2398661e-01	
2.2092343e-01	
2.1785807e-01	
2.1479056e-01	
2.1172093e-01	
2.0864921e-01	
2.0557543e-01	
2.0249962e-01	
1.9942181e-01	
1.9634204e-01	
1.9326032e-01	
1.9017670e-01	
1.8709120e-01	
1.8400385e-01	
1.8091469e-01	
1.7782374e-01	
1.7473103e-01	
1.7163660e-01	
1.6854048e-01	
1.6544269e-01	
1.6234327e-01	
1.5924225e-01	
1.5613965e-01	
1.5303551e-01	
1.4992987e-01	
1.4682274e-01	
1.4371416e-01	
1.4060417e-01	
1.3749278e-01	
1.3438004e-01	
1.3126597e-01	
1.2815061e-01	
1.2503398e-01	
1.2191612e-01	
1.1879705e-01	
1.1567682e-01	
1.1255543e-01	
1.0943294e-01	
1.0630937e-01	
1.0318475e-01	
1.0005911e-01	
9.6932481e-02	
9.3804897e-02	
9.0676386e-02	
8.7546980e-02	
8.4416710e-02	
8.1285606e-02	
7.8153700e-02	
7.5021023e-02	
7.1887605e-02	
6.8753478e-02	
6.5618671e-02	
6.2483217e-02	
5.9347146e-02	
5.6210490e-02	
5.3073278e-02	
4.9935543e-02	
4.6797314e-02	
4.3658624e-02	
4.0519502e-02	
3.7379981e-02	
3.4240091e-02	
3.1099862e-02	
2.7959327e-02	
2.4818515e-02	
2.1677459e-02	
1.8536189e-02	
1.5394735e-02	
1.2253130e-02	
9.1114038e-03	
5.9695875e-03	
2.8277124e-03	
-3.1419068e-04	
-3.4560906e-03	
-6.5979565e-03	
-9.7397572e-03	
-1.2881462e-02	
-1.6023039e-02	
-1.9164458e-02	
-2.2305689e-02	
-2.5446698e-02	
-2.8587457e-02	
-3.1727933e-02	
-3.4868097e-02	
-3.8007916e-02	
-4.1147360e-02	
-4.4286397e-02	
-4.7424998e-02	
-5.0563130e-02	
-5.3700763e-02	
-5.6837866e-02	
-5.9974408e-02	
-6.3110358e-02	
-6.6245685e-02	
-6.9380358e-02	
-7.2514347e-02	
-7.5647619e-02	
-7.8780144e-02	
-8.1911892e-02	
-8.5042831e-02	
-8.8172931e-02	
-9.1302161e-02	
-9.4430489e-02	
-9.7557884e-02	
-1.0068432e-01	
-1.0380976e-01	
-1.0693417e-01	
-1.1005753e-01	
-1.1317980e-01	
-1.1630096e-01	
-1.1942096e-01	
-1.2253979e-01	
-1.2565741e-01	
-1.2877379e-01	
-1.3188889e-01	
-1.3500270e-01	
-1.3811517e-01	
-1.4122628e-01	
-1.4433599e-01	
-1.4744428e-01	
-1.5055112e-01	
-1.5365646e-01	
-1.5676030e-01	
-1.5986258e-01	
-1.6296328e-01	
-1.6606238e-01	
-1.6915984e-01	
-1.7225563e-01	
-1.7534971e-01	
-1.7844207e-01	
-1.8153266e-01	
-1.8462147e-01	
-1.8770845e-01	
-1.9079357e-01	
-1.9387682e-01	
-1.9695815e-01	
-2.0003753e-01	
-2.0311494e-01	
-2.0619035e-01	
-2.0926372e-01	
-2.1233503e-01	
-2.1540423e-01	
-2.1847132e-01	
-2.2153624e-01	
-2.2459898e-01	
-2.2765950e-01	
-2.3071778e-01	
-2.3377377e-01	
-2.3682746e-01	
-2.3987881e-01	
-2.4292780e-01	
-2.4597438e-01	
-2.4901854e-01	
-2.5206024e-01	
-2.5509945e-01	
-2.5813614e-01	
-2.6117028e-01	
-2.6420185e-01	
-2.6723081e-01	
-2.7025713e-01	
-2.7328078e-01	
-2.7630173e-01	
-2.7931996e-01	
-2.8233543e-01	
-2.8534811e-01	
-2.8835798e-01	
-2.9136500e-01	
-2.9436914e-01	
-2.9737037e-01	
-3.0036868e-01	
-3.0336401e-01	
-3.0635635e-01	
-3.0934567e-01	
-3.1233193e-01	
-3.1531511e-01	
-3.1829518e-01	
-3.2127211e-01	
-3.2424586e-01	
-3.2721641e-01	
-3.3018374e-01	
-3.3314780e-01	
-3.3610858e-01	
-3.3906603e-01	
-3.4202014e-01	
-3.4497088e-01	
-3.4791821e-01	
-3.5086210e-01	
-3.5380253e-01	
-3.5673947e-01	
-3.5967288e-01	
-3.6260275e-01	
-3.6552903e-01	
-3.6845171e-01	
-3.7137075e-01	
-3.7428613e-01	
-3.7719781e-01	
-3.8010576e-01	
-3.8300997e-01	
-3.8591039e-01	
-3.8880700e-01	
-3.9169978e-01	
-3.9458869e-01	
-3.9747370e-01	
-4.0035479e-01	
-4.0323193e-01	
-4.0610509e-01	
-4.0897423e-01	
-4.1183934e-01	
-4.1470039e-01	
-4.1755734e-01	
-4.2041017e-01	
-4.2325885e-01	
-4.2610335e-01	
-4.2894365e-01	
-4.3177971e-01	
-4.3461151e-01	
-4.3743902e-01	
-4.4026221e-01	
-4.4308105e-01	
-4.4589552e-01	
-4.4870559e-01	
-4.5151123e-01	
-4.5431241e-01	
-4.5710910e-01	
-4.5990129e-01	
-4.6268893e-01	
-4.6547201e-01	
-4.6825049e-01	
-4.7102435e-01	
-4.7379356e-01	
-4.7655810e-01	
-4.7931792e-01	
-4.8207302e-01	
-4.8482336e-01	
-4.8756891e-01	
-4.9030965e-01	
-4.9304555e-01	
-4.9577658e-01	
-4.9850272e-01	
-5.0122394e-01	
-5.0394021e-01	
-5.0665150e-01	
-5.0935779e-01	
-5.1205906e-01	
-5.1475527e-01	
-5.1744640e-01	
-5.2013242e-01	
-5.2281330e-01	
-5.2548903e-01	
-5.2815956e-01	
-5.3082489e-01	
-5.3348497e-01	
-5.3613979e-01	
-5.3878931e-01	
-5.4143352e-01	
-5.4407238e-01	
-5.4670587e-01	
-5.4933396e-01	
-5.5195664e-01	
-5.5457386e-01	
-5.5718560e-01	
-5.5979185e-01	
-5.6239257e-01	
-5.6498774e-01	
-5.6757733e-01	
-5.7016132e-01	
-5.7273969e-01	
-5.7531239e-01	
-5.7787942e-01	
-5.8044074e-01	
-5.8299634e-01	
-5.8554618e-01	
-5.8809023e-01	
-5.9062849e-01	
-5.9316091e-01	
-5.9568748e-01	
-5.9820816e-01	
-6.0072294e-01	
-6.0323179e-01	
-6.0573469e-01	
-6.0823161e-01	
-6.1072252e-01	
-6.1320740e-01	
-6.1568623e-01	
-6.1815899e-01	
-6.2062564e-01	
-6.2308616e-01	
-6.2554053e-01	
-6.2798873e-01	
-6.3043073e-01	
-6.3286651e-01	
-6.3529603e-01	
-6.3771929e-01	
-6.4013625e-01	
-6.4254689e-01	
-6.4495119e-01	
-6.4734913e-01	
-6.4974067e-01	
-6.5212580e-01	
-6.5450449e-01	
-6.5687672e-01	
-6.5924246e-01	
-6.6160170e-01	
-6.6395441e-01	
-6.6630056e-01	
-6.6864013e-01	
-6.7097311e-01	
-6.7329946e-01	
-6.7561916e-01	
-6.7793220e-01	
-6.8023854e-01	
-6.8253817e-01	
-6.8483106e-01	
-6.8711719e-01	
-6.8939653e-01	
-6.9166907e-01	
-6.9393479e-01	
-6.9619365e-01	
-6.9844564e-01	
-7.0069074e-01	
-7.0292892e-01	
-7.0516016e-01	
-7.0738443e-01	
-7.0960173e-01	
-7.1181202e-01	
-7.1401529e-01	
-7.1621150e-01	
-7.1840065e-01	
-7.2058270e-01	
-7.2275764e-01	
-7.2492545e-01	
-7.2708610e-01	
-7.2923957e-01	
-7.3138584e-01	
-7.3352490e-01	
-7.3565671e-01	
-7.3778126e-01	
-7.3989853e-01	
-7.4200849e-01	
-7.4411113e-01	
-7.4620642e-01	
-7.4829435e-01	
-7.5037489e-01	
-7.5244802e-01	
-7.5451373e-01	
-7.5657198e-01	
-7.5862277e-01	
-7.6066607e-01	
-7.6270186e-01	
-7.6473012e-01	
-7.6675083e-01	
-7.6876398e-01	
-7.7076953e-01	
-7.7276747e-01	
-7.7475779e-01	
-7.7674046e-01	
-7.7871546e-01	
-7.8068278e-01	
-7.8264238e-01	
-7.8459427e-01	
-7.8653840e-01	
-7.8847477e-01	
-7.9040336e-01	
-7.9232415e-01	
-7.9423711e-01	
-7.9614224e-01	
-7.9803950e-01	
-7.9992889e-01	
-8.0181038e-01	
-8.0368396e-01	
-8.0554960e-01	
-8.0740729e-01	
-8.0925701e-01	
-8.1109874e-01	
-8.1293246e-01	
-8.1475816e-01	
-8.1657582e-01	
-8.1838541e-01	
-8.2018693e-01	
-8.2198035e-01	
-8.2376565e-01	
-8.2554283e-01	
-8.2731185e-01	
-8.2907271e-01	
-8.3082538e-01	
-8.3256985e-01	
-8.3430611e-01	
-8.3603412e-01	
-8.3775389e-01	
-8.3946538e-01	
-8.4116859e-01	
-8.4286349e-01	
-8.4455008e-01	
-8.4622832e-01	
-8.4789822e-01	
-8.4955974e-01	
-8.5121287e-01	
-8.5285761e-01	
-8.5449392e-01	
-8.5612180e-01	
-8.5774123e-01	
-8.5935219e-01	
-8.6095467e-01	
-8.6254865e-01	
-8.6413411e-01	
-8.6571104e-01	
-8.6727943e-01	
-8.6883926e-01	
-8.7039050e-01	
-8.7193316e-01	
-8.7346721e-01	
-8.7499264e-01	
-8.7650943e-01	
-8.7801757e-01	
-8.7951703e-01	
-8.8100782e-01	
-8.8248991e-01	
-8.8396329e-01	
-8.8542794e-01	
-8.8688386e-01	
-8.8833101e-01	
-8.8976940e-01	
-8.9119901e-01	
-8.9261981e-01	
-8.9403181e-01	
-8.9543498e-01	
-8.9682931e-01	
-8.9821479e-01	
-8.9959140e-01	
-9.0095913e-01	
-9.0231797e-01	
-9.0366790e-01	
-9.0500891e-01	
-9.0634098e-01	
-9.0766411e-01	
-9.0897828e-01	
-9.1028347e-01	
-9.1157968e-01	
-9.1286689e-01	
-9.1414509e-01	
-9.1541426e-01	
-9.1667440e-01	
-9.1792549e-01	
-9.1916752e-01	
-9.2040047e-01	
-9.2162434e-01	
-9.2283911e-01	
-9.2404477e-01	
-9.2524131e-01	
-9.2642871e-01	
-9.2760697e-01	
-9.2877608e-01	
-9.2993601e-01	
-9.3108677e-01	
-9.3222833e-01	
-9.3336069e-01	
-9.3448384e-01	
-9.3559776e-01	
-9.3670244e-01	
-9.3779788e-01	
-9.3888407e-01	
-9.3996098e-01	
-9.4102861e-01	
-9.4208696e-01	
-9.4313601e-01	
-9.4417574e-01	
-9.4520616e-01	
-9.4622724e-01	
-9.4723898e-01	
-9.4824138e-01	
-9.4923441e-01	
-9.5021807e-01	
-9.5119235e-01	
-9.5215724e-01	
-9.5311273e-01	
-9.5405882e-01	
-9.5499548e-01	
-9.5592272e-01	
-9.5684052e-01	
-9.5774888e-01	
-9.5864778e-01	
-9.5953722e-01	
-9.6041719e-01	
-9.6128767e-01	
-9.6214867e-01	
-9.6300017e-01	
-9.6384216e-01	
-9.6467464e-01	
-9.6549759e-01	
-9.6631101e-01	
-9.6711490e-01	
-9.6790924e-01	
-9.6869402e-01	
-9.6946924e-01	
-9.7023489e-01	
-9.7099096e-01	
-9.7173745e-01	
-9.7247434e-01	
-9.7320164e-01	
-9.7391932e-01	
-9.7462740e-01	
-9.7532585e-01	
-9.7601467e-01	
-9.7669386e-01	
-9.7736341e-01	
-9.7802331e-01	
-9.7867356e-01	
-9.7931414e-01	
-9.7994506e-01	
-9.8056630e-01	
-9.8117786e-01	
-9.8177974e-01	
-9.8237193e-01	
-9.8295442e-01	
-9.8352720e-01	
-9.8409028e-01	
-9.8464364e-01	
-9.8518728e-01	
-9.8572120e-01	
-9.8624538e-01	
-9.8675983e-01	
-9.8726454e-01	
-9.8775951e-01	
-9.8824472e-01	
-9.8872018e-01	
-9.8918587e-01	
-9.8964180e-01	
-9.9008797e-01	
-9.9052436e-01	
-9.9095097e-01	
-9.9136780e-01	
-9.9177484e-01	
-9.9217209e-01	
-9.9255955e-01	
-9.9293721e-01	
-9.9330506e-01	
-9.9366312e-01	
-9.9401136e-01	
-9.9434979e-01	
-9.9467841e-01	
-9.9499720e-01	
-9.9530617e-01	
-9.9560532e-01	
-9.9589464e-01	
-9.9617413e-01	
-9.9644379e-01	
-9.9670361e-01	
-9.9695359e-01	
-9.9719373e-01	
-9.9742402e-01	
-9.9764447e-01	
-9.9785507e-01	
-9.9805582e-01	
-9.9824672e-01	
-9.9842776e-01	
-9.9859895e-01	
-9.9876027e-01	
-9.9891174e-01	
-9.9905335e-01	
-9.9918510e-01	
-9.9930698e-01	
-9.9941900e-01	
-9.9952116e-01	
-9.9961344e-01	
-9.9969586e-01	
-9.9976841e-01	
-9.9983109e-01	
-9.9988390e-01	
-9.9992684e-01	
-9.9995991e-01	
-9.9998311e-01	
-9.9999643e-01	
-9.9999989e-01	
-9.9999347e-01	
-9.9997718e-01	
-9.9995103e-01	
-9.9991499e-01	
-9.9986909e-01	
-9.9981332e-01	
-9.9974768e-01	
-9.9967217e-01	
-9.9958679e-01	
-9.9949155e-01	
-9.9938643e-01	
-9.9927145e-01	
-9.9914661e-01	
-9.9901191e-01	
-9.9886734e-01	
-9.9871291e-01	
-9.9854862e-01	
-9.9837448e-01	
-9.9819048e-01	
-9.9799663e-01	
-9.9779292e-01	
-9.9757937e-01	
-9.9735597e-01	
-9.9712272e-01	
-9.9687963e-01	
-9.9662669e-01	
-9.9636392e-01	
-9.9609132e-01	
-9.9580888e-01	
-9.9551661e-01	
-9.9521451e-01	
-9.9490259e-01	
-9.9458085e-01	
-9.9424929e-01	
-9.9390792e-01	
-9.9355673e-01	
-9.9319574e-01	
-9.9282494e-01	
-9.9244434e-01	
-9.9205394e-01	
-9.9165375e-01	
-9.9124377e-01	
-9.9082401e-01	
-9.9039447e-01	
-9.8995514e-01	
-9.8950605e-01	
-9.8904719e-01	
-9.8857856e-01	
-9.8810018e-01	
-9.8761204e-01	
-9.8711415e-01	
-9.8660652e-01	
-9.8608915e-01	
-9.8556204e-01	
-9.8502521e-01	
-9.8447865e-01	
-9.8392237e-01	
-9.8335639e-01	
-9.8278069e-01	
-9.8219529e-01	
-9.8160020e-01	
-9.8099541e-01	
-9.8038094e-01	
-9.7975680e-01	
-9.7912298e-01	
-9.7847950e-01	
-9.7782635e-01	
-9.7716356e-01	
-9.7649112e-01	
-9.7580904e-01	
-9.7511732e-01	
-9.7441598e-01	
-9.7370503e-01	
-9.7298446e-01	
-9.7225428e-01	
-9.7151451e-01	
-9.7076514e-01	
-9.7000620e-01	
-9.6923768e-01	
-9.6845959e-01	
-9.6767194e-01	
-9.6687473e-01	
-9.6606799e-01	
-9.6525170e-01	
-9.6442589e-01	
-9.6359056e-01	
-9.6274572e-01	
-9.6189137e-01	
-9.6102752e-01	
-9.6015419e-01	
-9.5927138e-01	
-9.5837910e-01	
-9.5747737e-01	
-9.5656617e-01	
-9.5564554e-01	
-9.5471547e-01	
-9.5377598e-01	
-9.5282707e-01	
-9.5186876e-01	
-9.5090105e-01	
-9.4992396e-01	
-9.4893748e-01	
-9.4794164e-01	
-9.4693644e-01	
-9.4592189e-01	
-9.4489801e-01	
-9.4386480e-01	
-9.4282227e-01	
-9.4177043e-01	
-9.4070930e-01	
-9.3963888e-01	
-9.3855918e-01	
-9.3747022e-01	
-9.3637201e-01	
-9.3526455e-01	
-9.3414786e-01	
-9.3302195e-01	
-9.3188683e-01	
-9.3074250e-01	
-9.2958899e-01	
-9.2842631e-01	
-9.2725446e-01	
-9.2607345e-01	
-9.2488331e-01	
-9.2368403e-01	
-9.2247563e-01	
-9.2125813e-01	
-9.2003154e-01	
-9.1879586e-01	
-9.1755111e-01	
-9.1629731e-01	
-9.1503446e-01	
-9.1376258e-01	
-9.1248167e-01	
-9.1119176e-01	
-9.0989285e-01	
-9.0858497e-01	
-9.0726811e-01	
-9.0594230e-01	
-9.0460754e-01	
-9.0326385e-01	
-9.0191125e-01	
-9.0054974e-01	
-8.9917935e-01	
-8.9780008e-01	
-8.9641194e-01	
-8.9501496e-01	
-8.9360914e-01	
-8.9219450e-01	
-8.9077105e-01	
-8.8933881e-01	
-8.8789779e-01	
-8.8644800e-01	
-8.8498947e-01	
-8.8352219e-01	
-8.8204620e-01	
-8.8056150e-01	
-8.7906811e-01	
-8.7756603e-01	
-8.7605530e-01	
-8.7453592e-01	
-8.7300790e-01	
-8.7147127e-01	
-8.6992603e-01	
-8.6837221e-01	
-8.6680981e-01	
-8.6523886e-01	
-8.6365936e-01	
-8.6207135e-01	
-8.6047482e-01	
-8.5886979e-01	
-8.5725629e-01	
-8.5563432e-01	
-8.5400391e-01	
-8.5236507e-01	
-8.5071782e-01	
-8.4906216e-01	
-8.4739813e-01	
-8.4572573e-01	
-8.4404498e-01	
-8.4235590e-01	
-8.4065850e-01	
-8.3895280e-01	
-8.3723883e-01	
-8.3551659e-01	
-8.3378610e-01	
-8.3204738e-01	
-8.3030044e-01	
-8.2854531e-01	
-8.2678200e-01	
-8.2501053e-01	
-8.2323092e-01	
-8.2144317e-01	
-8.1964732e-01	
-8.1784338e-01	
-8.1603137e-01	
-8.1421129e-01	
-8.1238319e-01	
-8.1054706e-01	
-8.0870293e-01	
-8.0685082e-01	
-8.0499074e-01	
-8.0312272e-01	
-8.0124676e-01	
-7.9936290e-01	
-7.9747115e-01	
-7.9557152e-01	
-7.9366405e-01	
-7.9174873e-01	
-7.8982560e-01	
-7.8789468e-01	
-7.8595598e-01	
-7.8400951e-01	
-7.8205531e-01	
-7.8009339e-01	
-7.7812377e-01	
-7.7614646e-01	
-7.7416150e-01	
-7.7216889e-01	
-7.7016866e-01	
-7.6816083e-01	
-7.6614541e-01	
-7.6412243e-01	
-7.6209191e-01	
-7.6005387e-01	
-7.5800832e-01	
-7.5595529e-01	
-7.5389480e-01	
-7.5182686e-01	
-7.4975150e-01	
-7.4766874e-01	
-7.4557861e-01	
-7.4348111e-01	
-7.4137627e-01	
-7.3926411e-01	
-7.3714466e-01	
-7.3501793e-01	
-7.3288394e-01	
-7.3074272e-01	
-7.2859428e-01	
-7.2643865e-01	
-7.2427586e-01	
-7.2210591e-01	
-7.1992883e-01	
-7.1774465e-01	
-7.1555338e-01	
-7.1335505e-01	
-7.1114967e-01	
-7.0893728e-01	
-7.0671788e-01	
-7.0449151e-01	
-7.0225819e-01	
-7.0001793e-01	
-6.9777077e-01	
-6.9551671e-01	
-6.9325579e-01	
-6.9098803e-01	
-6.8871344e-01	
-6.8643206e-01	
-6.8414390e-01	
-6.8184899e-01	
-6.7954734e-01	
-6.7723899e-01	
-6.7492395e-01	
-6.7260225e-01	
-6.7027391e-01	
-6.6793895e-01	
-6.6559740e-01	
-6.6324928e-01	
-6.6089461e-01	
-6.5853342e-01	
-6.5616573e-01	
-6.5379156e-01	
-6.5141093e-01	
-6.4902388e-01	
-6.4663042e-01	
-6.4423057e-01	
-6.4182437e-01	
-6.3941183e-01	
-6.3699297e-01	
-6.3456783e-01	
-6.3213643e-01	
-6.2969878e-01	
-6.2725492e-01	
-6.2480487e-01	
-6.2234865e-01	
-6.1988628e-01	
-6.1741780e-01	
-6.1494322e-01	
-6.1246257e-01	
-6.0997588e-01	
-6.0748316e-01	
-6.0498445e-01	
-6.0247976e-01	
-5.9996913e-01	
-5.9745257e-01	
-5.9493012e-01	
-5.9240180e-01	
-5.8986762e-01	
-5.8732762e-01	
-5.8478183e-01	
-5.8223026e-01	
-5.7967295e-01	
-5.7710991e-01	
-5.7454118e-01	
-5.7196677e-01	
-5.6938672e-01	
-5.6680104e-01	
-5.6420978e-01	
-5.6161294e-01	
-5.5901056e-01	
-5.5640266e-01	
-5.5378926e-01	
-5.5117040e-01	
-5.4854610e-01	
-5.4591639e-01	
-5.4328128e-01	
-5.4064082e-01	
-5.3799501e-01	
-5.3534390e-01	
-5.3268750e-01	
-5.3002584e-01	
-5.2735895e-01	
-5.2468685e-01	
-5.2200958e-01	
-5.1932715e-01	
-5.1663959e-01	
-5.1394694e-01	
-5.1124921e-01	
-5.0854643e-01	
-5.0583864e-01	
-5.0312585e-01	
-5.0040809e-01	
-4.9768539e-01	
-4.9495779e-01	
-4.9222529e-01	
-4.8948794e-01	
-4.8674575e-01	
-4.8399876e-01	
-4.8124699e-01	
-4.7849047e-01	
-4.7572923e-01	
-4.7296329e-01	
-4.7019268e-01	
-4.6741743e-01	
-4.6463757e-01	
-4.6185312e-01	
-4.5906411e-01	
-4.5627057e-01	
-4.5347252e-01	
-4.5067000e-01	
-4.4786303e-01	
-4.4505164e-01	
-4.4223585e-01	
-4.3941570e-01	
-4.3659122e-01	
-4.3376242e-01	
-4.3092934e-01	
-4.2809200e-01	
-4.2525044e-01	
-4.2240468e-01	
-4.1955476e-01	
-4.1670069e-01	
-4.1384251e-01	
-4.1098024e-01	
-4.0811391e-01	
-4.0524356e-01	
-4.0236920e-01	
-3.9949088e-01	
-3.9660861e-01	
-3.9372242e-01	
-3.9083235e-01	
-3.8793842e-01	
-3.8504066e-01	
-3.8213910e-01	
-3.7923377e-01	
-3.7632469e-01	
-3.7341190e-01	
-3.7049542e-01	
-3.6757529e-01	
-3.6465153e-01	
-3.6172416e-01	
-3.5879323e-01	
-3.5585875e-01	
-3.5292077e-01	
-3.4997929e-01	
-3.4703437e-01	
-3.4408601e-01	
-3.4113426e-01	
-3.3817915e-01	
-3.3522069e-01	
-3.3225893e-01	
-3.2929388e-01	
-3.2632559e-01	
-3.2335407e-01	
-3.2037936e-01	
-3.1740149e-01	
-3.1442049e-01	
-3.1143638e-01	
-3.0844919e-01	
-3.0545897e-01	
-3.0246572e-01	
-2.9946950e-01	
-2.9647031e-01	
-2.9346820e-01	
-2.9046319e-01	
-2.8745531e-01	
-2.8444460e-01	
-2.8143108e-01	
-2.7841478e-01	
-2.7539573e-01	
-2.7237396e-01	
-2.6934951e-01	
-2.6632240e-01	
-2.6329265e-01	
-2.6026031e-01	
-2.5722540e-01	
-2.5418795e-01	
-2.5114799e-01	
-2.4810555e-01	
-2.4506066e-01	
-2.4201335e-01	
-2.3896366e-01	
-2.3591160e-01	
-2.3285722e-01	
-2.2980053e-01	
-2.2674158e-01	
-2.2368039e-01	
-2.2061699e-01	
-2.1755142e-01	
-2.1448369e-01	
-2.1141385e-01	
-2.0834193e-01	
-2.0526794e-01	
-2.0219193e-01	
-1.9911392e-01	
-1.9603395e-01	
-1.9295204e-01	
-1.8986823e-01	
-1.8678255e-01	
-1.8369502e-01	
-1.8060567e-01	
-1.7751455e-01	
-1.7442167e-01	
-1.7132707e-01	
-1.6823078e-01	
-1.6513282e-01	
-1.6203324e-01	
-1.5893206e-01	
-1.5582931e-01	
-1.5272502e-01	
-1.4961922e-01	
-1.4651195e-01	
-1.4340323e-01	
-1.4029309e-01	
-1.3718157e-01	
-1.3406869e-01	
-1.3095450e-01	
-1.2783901e-01	
-1.2472225e-01	
-1.2160427e-01	
-1.1848508e-01	
-1.1536473e-01	
-1.1224324e-01	
-1.0912063e-01	
-1.0599696e-01	
-1.0287223e-01	
-9.9746490e-02	
-9.6619765e-02	
-9.3492087e-02	
-9.0363485e-02	
-8.7233991e-02	
-8.4103636e-02	
-8.0972451e-02	
-7.7840467e-02	
-7.4707714e-02	
-7.1574224e-02	
-6.8440027e-02	
-6.5305155e-02	
-6.2169637e-02	
-5.9033507e-02	
-5.5896793e-02	
-5.2759528e-02	
-4.9621741e-02	
-4.6483465e-02	
-4.3344731e-02	
-4.0205568e-02	
-3.7066008e-02	
-3.3926083e-02	
-3.0785822e-02	
-2.7645258e-02	
-2.4504420e-02	
-2.1363341e-02	
-1.8222051e-02	
-1.5080581e-02	
-1.1938962e-02	
-8.7972257e-03	
-5.6554022e-03	
-2.5135228e-03	
6.2838133e-04	
3.7702793e-03	
6.9121400e-03	
1.0053933e-02	
1.3195626e-02	
1.6337189e-02	
1.9478590e-02	
2.2619800e-02	
2.5760786e-02	
2.8901518e-02	
3.2041964e-02	
3.5182095e-02	
3.8321878e-02	
4.1461282e-02	
4.4600278e-02	
4.7738833e-02	
5.0876916e-02	
5.4014498e-02	
5.7151546e-02	
6.0288031e-02	
6.3423920e-02	
6.6559183e-02	
6.9693789e-02	
7.2827706e-02	
7.5960905e-02	
7.9093355e-02	
8.2225023e-02	
8.5355880e-02	
8.8485894e-02	
9.1615034e-02	
9.4743271e-02	
9.7870572e-02	
1.0099691e-01	
1.0412224e-01	
1.0724655e-01	
1.1036981e-01	
1.1349197e-01	
1.1661301e-01	
1.1973290e-01	
1.2285161e-01	
1.2596910e-01	
1.2908535e-01	
1.3220033e-01	
1.3531401e-01	
1.3842634e-01	
1.4153731e-01	
1.4464689e-01	
1.4775503e-01	
1.5086172e-01	
1.5396692e-01	
1.5707059e-01	
1.6017272e-01	
1.6327327e-01	
1.6637220e-01	
1.6946949e-01	
1.7256511e-01	
1.7565903e-01	
1.7875121e-01	
1.8184163e-01	
1.8493025e-01	
1.8801704e-01	
1.9110198e-01	
1.9418504e-01	
1.9726617e-01	
2.0034536e-01	
2.0342258e-01	
2.0649778e-01	
2.0957095e-01	
2.1264204e-01	
2.1571104e-01	
2.1877791e-01	
2.2184262e-01	
2.2490513e-01	
2.2796543e-01	
2.3102348e-01	
2.3407925e-01	
2.3713270e-01	
2.4018382e-01	
2.4323256e-01	
2.4627891e-01	
2.4932282e-01	
2.5236427e-01	
2.5540323e-01	
2.5843967e-01	
2.6147356e-01	
2.6450486e-01	
2.6753356e-01	
2.7055961e-01	
2.7358300e-01	
2.7660368e-01	
2.7962163e-01	
2.8263682e-01	
2.8564922e-01	
2.8865881e-01	
2.9166554e-01	
2.9466939e-01	
2.9767034e-01	
3.0066834e-01	
3.0366338e-01	
3.0665542e-01	
3.0964443e-01	
3.1263039e-01	
3.1561326e-01	
3.1859302e-01	
3.2156963e-01	
3.2454306e-01	
3.2751329e-01	
3.3048029e-01	
3.3344403e-01	
3.3640447e-01	
3.3936160e-01	
3.4231537e-01	
3.4526576e-01	
3.4821275e-01	
3.5115630e-01	
3.5409638e-01	
3.5703297e-01	
3.5996603e-01	
3.6289554e-01	
3.6582147e-01	
3.6874378e-01	
3.7166246e-01	
3.7457746e-01	
3.7748877e-01	
3.8039635e-01	
3.8330018e-01	
3.8620022e-01	
3.8909645e-01	
3.9198884e-01	
3.9487736e-01	
3.9776199e-01	
4.0064268e-01	
4.0351942e-01	
4.0639218e-01	
4.0926093e-01	
4.1212563e-01	
4.1498627e-01	
4.1784281e-01	
4.2069523e-01	
4.2354349e-01	
4.2638757e-01	
4.2922745e-01	
4.3206308e-01	
4.3489445e-01	
4.3772153e-01	
4.4054429e-01	
4.4336269e-01	
4.4617672e-01	
4.4898635e-01	
4.5179155e-01	
4.5459228e-01	
4.5738853e-01	
4.6018026e-01	
4.6296745e-01	
4.6575007e-01	
4.6852809e-01	
4.7130148e-01	
4.7407023e-01	
4.7683429e-01	
4.7959365e-01	
4.8234827e-01	
4.8509813e-01	
4.8784320e-01	
4.9058346e-01	
4.9331887e-01	
4.9604942e-01	
4.9877506e-01	
5.0149579e-01	
5.0421156e-01	
5.0692235e-01	
5.0962815e-01	
5.1232891e-01	
5.1502461e-01	
5.1771523e-01	
5.2040074e-01	
5.2308111e-01	
5.2575631e-01	
5.2842633e-01	
5.3109113e-01	
5.3375069e-01	
5.3640498e-01	
5.3905397e-01	
5.4169765e-01	
5.4433597e-01	
5.4696892e-01	
5.4959648e-01	
5.5221860e-01	
5.5483528e-01	
5.5744648e-01	
5.6005217e-01	
5.6265234e-01	
5.6524695e-01	
5.6783599e-01	
5.7041941e-01	
5.7299721e-01	
5.7556935e-01	
5.7813581e-01	
5.8069656e-01	
5.8325158e-01	
5.8580084e-01	
5.8834432e-01	
5.9088199e-01	
5.9341383e-01	
5.9593981e-01	
5.9845991e-01	
6.0097410e-01	
6.0348235e-01	
6.0598465e-01	
6.0848097e-01	
6.1097128e-01	
6.1345556e-01	
6.1593378e-01	
6.1840593e-01	
6.2087197e-01	
6.2333188e-01	
6.2578563e-01	
6.2823321e-01	
6.3067459e-01	
6.3310974e-01	
6.3553864e-01	
6.3796127e-01	
6.4037760e-01	
6.4278761e-01	
6.4519127e-01	
6.4758857e-01	
6.4997947e-01	
6.5236396e-01	
6.5474200e-01	
6.5711358e-01	
6.5947868e-01	
6.6183726e-01	
6.6418932e-01	
6.6653481e-01	
6.6887373e-01	
6.7120604e-01	
6.7353173e-01	
6.7585077e-01	
6.7816313e-01	
6.8046881e-01	
6.8276776e-01	
6.8505998e-01	
6.8734543e-01	
6.8962409e-01	
6.9189595e-01	
6.9416098e-01	
6.9641916e-01	
6.9867046e-01	
7.0091487e-01	
7.0315235e-01	
7.0538290e-01	
7.0760648e-01	
7.0982308e-01	
7.1203266e-01	
7.1423522e-01	
7.1643073e-01	
7.1861917e-01	
7.2080052e-01	
7.2297474e-01	
7.2514183e-01	
7.2730177e-01	
7.2945452e-01	
7.3160007e-01	
7.3373840e-01	
7.3586949e-01	
7.3799331e-01	
7.4010985e-01	
7.4221908e-01	
7.4432099e-01	
7.4641555e-01	
7.4850273e-01	
7.5058253e-01	
7.5265493e-01	
7.5471989e-01	
7.5677740e-01	
7.5882744e-01	
7.6086999e-01	
7.6290502e-01	
7.6493253e-01	
7.6695249e-01	
7.6896487e-01	
7.7096967e-01	
7.7296685e-01	
7.7495640e-01	
7.7693831e-01	
7.7891254e-01	
7.8087908e-01	
7.8283792e-01	
7.8478903e-01	
7.8673239e-01	
7.8866798e-01	
7.9059579e-01	
7.9251580e-01	
7.9442798e-01	
7.9633232e-01	
7.9822880e-01	
8.0011739e-01	
8.0199809e-01	
8.0387088e-01	
8.0573572e-01	
8.0759262e-01	
8.0944154e-01	
8.1128247e-01	
8.1311539e-01	
8.1494029e-01	
8.1675714e-01	
8.1856593e-01	
8.2036663e-01	
8.2215924e-01	
8.2394374e-01	
8.2572010e-01	
8.2748831e-01	
8.2924835e-01	
8.3100020e-01	
8.3274385e-01	
8.3447928e-01	
8.3620647e-01	
8.3792541e-01	
8.3963608e-01	
8.4133845e-01	
8.4303253e-01	
8.4471828e-01	
8.4639569e-01	
8.4806475e-01	
8.4972543e-01	
8.5137773e-01	
8.5302162e-01	
8.5465709e-01	
8.5628412e-01	
8.5790271e-01	
8.5951282e-01	
8.6111445e-01	
8.6270757e-01	
8.6429219e-01	
8.6586827e-01	
8.6743580e-01	
8.6899477e-01	
8.7054516e-01	
8.7208695e-01	
8.7362014e-01	
8.7514471e-01	
8.7666063e-01	
8.7816790e-01	
8.7966650e-01	
8.8115642e-01	
8.8263764e-01	
8.8411015e-01	
8.8557393e-01	
8.8702897e-01	
8.8847525e-01	
8.8991276e-01	
8.9134148e-01	
8.9276141e-01	
8.9417252e-01	
8.9557481e-01	
8.9696826e-01	
8.9835285e-01	
8.9972857e-01	
9.0109541e-01	
9.0245336e-01	
9.0380240e-01	
9.0514251e-01	
9.0647370e-01	
9.0779593e-01	
9.0910920e-01	
9.1041350e-01	
9.1170881e-01	
9.1299511e-01	
9.1427241e-01	
9.1554068e-01	
9.1679992e-01	
9.1805010e-01	
9.1929122e-01	
9.2052327e-01	
9.2174623e-01	
9.2296009e-01	
9.2416483e-01	
9.2536046e-01	
9.2654695e-01	
9.2772430e-01	
9.2889248e-01	
9.3005150e-01	
9.3120134e-01	
9.3234198e-01	
9.3347342e-01	
9.3459564e-01	
9.3570864e-01	
9.3681240e-01	
9.3790692e-01	
9.3899217e-01	
9.4006816e-01	
9.4113487e-01	
9.4219228e-01	
9.4324040e-01	
9.4427920e-01	
9.4530868e-01	
9.4632883e-01	
9.4733964e-01	
9.4834110e-01	
9.4933320e-01	
9.5031592e-01	
9.5128926e-01	
9.5225321e-01	
9.5320777e-01	
9.5415291e-01	
9.5508863e-01	
9.5601493e-01	
9.5693178e-01	
9.5783920e-01	
9.5873715e-01	
9.5962564e-01	
9.6050466e-01	
9.6137420e-01	
9.6223425e-01	
9.6308479e-01	
9.6392583e-01	
9.6475736e-01	
9.6557936e-01	
9.6639183e-01	
9.6719476e-01	
9.6798814e-01	
9.6877197e-01	
9.6954623e-01	
9.7031093e-01	
9.7106604e-01	
9.7181157e-01	
9.7254750e-01	
9.7327384e-01	
9.7399056e-01	
9.7469768e-01	
9.7539517e-01	
9.7608303e-01	
9.7676125e-01	
9.7742984e-01	
9.7808877e-01	
9.7873805e-01	
9.7937767e-01	
9.8000762e-01	
9.8062789e-01	
9.8123849e-01	
9.8183940e-01	
9.8243061e-01	
9.8301213e-01	
9.8358395e-01	
9.8414605e-01	
9.8469844e-01	
9.8524111e-01	
9.8577405e-01	
9.8629727e-01	
9.8681074e-01	
9.8731448e-01	
9.8780847e-01	
9.8829270e-01	
9.8876718e-01	
9.8923190e-01	
9.8968686e-01	
9.9013205e-01	
9.9056746e-01	
9.9099309e-01	
9.9140894e-01	
9.9181500e-01	
9.9221128e-01	
9.9259775e-01	
9.9297443e-01	
9.9334131e-01	
9.9369838e-01	
9.9404564e-01	
9.9438309e-01	
9.9471073e-01	
9.9502854e-01	
9.9533653e-01	
9.9563470e-01	
9.9592303e-01	
9.9620154e-01	
9.9647021e-01	
9.9672905e-01	
9.9697804e-01	
9.9721720e-01	
9.9744651e-01	
9.9766597e-01	
9.9787559e-01	
9.9807535e-01	
9.9826526e-01	
9.9844532e-01	
9.9861552e-01	
9.9877587e-01	
9.9892635e-01	
9.9906697e-01	
9.9919773e-01	
9.9931863e-01	
9.9942966e-01	
9.9953083e-01	
9.9962213e-01	
9.9970356e-01	
9.9977512e-01	
9.9983681e-01	
9.9988864e-01	
9.9993059e-01	
9.9996267e-01	
9.9998488e-01	
9.9999722e-01	
9.9999969e-01	
9.9999229e-01	
9.9997501e-01	
9.9994787e-01	
9.9991085e-01	
9.9986396e-01	
9.9980720e-01	
9.9974057e-01	
9.9966408e-01	
9.9957771e-01	
9.9948148e-01	
9.9937538e-01	
9.9925941e-01	
9.9913359e-01	
9.9899789e-01	
9.9885234e-01	
9.9869693e-01	
9.9853165e-01	
9.9835652e-01	
9.9817154e-01	
9.9797670e-01	
9.9777201e-01	
9.9755747e-01	
9.9733308e-01	
9.9709885e-01	
9.9685478e-01	
9.9660086e-01	
9.9633711e-01	
9.9606352e-01	
9.9578010e-01	
9.9548684e-01	
9.9518376e-01	
9.9487086e-01	
9.9454814e-01	
9.9421560e-01	
9.9387324e-01	
9.9352107e-01	
9.9315910e-01	
9.9278732e-01	
9.9240574e-01	
9.9201436e-01	
9.9161320e-01	
9.9120224e-01	
9.9078150e-01	
9.9035097e-01	
9.8991067e-01	
9.8946060e-01	
9.8900077e-01	
9.8853116e-01	
9.8805180e-01	
9.8756269e-01	
9.8706383e-01	
9.8655522e-01	
9.8603688e-01	
9.8550880e-01	
9.8497099e-01	
9.8442346e-01	
9.8386621e-01	
9.8329925e-01	
9.8272259e-01	
9.8213622e-01	
9.8154015e-01	
9.8093440e-01	
9.8031896e-01	
9.7969385e-01	
9.7905907e-01	
9.7841462e-01	
9.7776051e-01	
9.7709675e-01	
9.7642334e-01	
9.7574030e-01	
9.7504762e-01	
9.7434532e-01	
9.7363340e-01	
9.7291187e-01	
9.7218074e-01	
9.7144000e-01	
9.7068968e-01	
9.6992978e-01	
9.6916030e-01	
9.6838125e-01	
9.6759265e-01	
9.6679449e-01	
9.6598679e-01	
9.6516955e-01	
9.6434279e-01	
9.6350650e-01	
9.6266071e-01	
9.6180541e-01	
9.6094062e-01	
9.6006634e-01	
9.5918258e-01	
9.5828936e-01	
9.5738667e-01	
9.5647454e-01	
9.5555296e-01	
9.5462195e-01	
9.5368151e-01	
9.5273167e-01	
9.5177241e-01	
9.5080376e-01	
9.4982573e-01	
9.4883832e-01	
9.4784154e-01	
9.4683541e-01	
9.4581993e-01	
9.4479511e-01	
9.4376096e-01	
9.4271750e-01	
9.4166474e-01	
9.4060267e-01	
9.3953133e-01	
9.3845070e-01	
9.3736082e-01	
9.3626168e-01	
9.3515330e-01	
9.3403568e-01	
9.3290885e-01	
9.3177281e-01	
9.3062757e-01	
9.2947314e-01	
9.2830954e-01	
9.2713677e-01	
9.2595485e-01	
9.2476379e-01	
9.2356360e-01	
9.2235429e-01	
9.2113588e-01	
9.1990838e-01	
9.1867179e-01	
9.1742614e-01	
9.1617143e-01	
9.1490768e-01	
9.1363489e-01	
9.1235309e-01	
9.1106227e-01	
9.0976247e-01	
9.0845368e-01	
9.0713593e-01	
9.0580922e-01	
9.0447357e-01	
9.0312899e-01	
9.0177550e-01	
9.0041310e-01	
8.9904182e-01	
8.9766166e-01	
8.9627264e-01	
8.9487477e-01	
8.9346807e-01	
8.9205255e-01	
8.9062822e-01	
8.8919510e-01	
8.8775320e-01	
8.8630254e-01	
8.8484313e-01	
8.8337499e-01	
8.8189812e-01	
8.8041255e-01	
8.7891829e-01	
8.7741535e-01	
8.7590375e-01	
8.7438350e-01	
8.7285463e-01	
8.7131713e-01	
8.6977104e-01	
8.6821635e-01	
8.6665310e-01	
8.6508129e-01	
8.6350095e-01	
8.6191207e-01	
8.6031469e-01	
8.5870882e-01	
8.5709447e-01	
8.5547166e-01	
8.5384041e-01	
8.5220072e-01	
8.5055263e-01	
8.4889614e-01	
8.4723126e-01	
8.4555803e-01	
8.4387644e-01	
8.4218653e-01	
8.4048830e-01	
8.3878178e-01	
8.3706697e-01	
8.3534391e-01	
8.3361259e-01	
8.3187305e-01	
8.3012530e-01	
8.2836935e-01	
8.2660522e-01	
8.2483293e-01	
8.2305251e-01	
8.2126395e-01	
8.1946729e-01	
8.1766254e-01	
8.1584972e-01	
8.1402884e-01	
8.1219993e-01	
8.1036300e-01	
8.0851808e-01	
8.0666517e-01	
8.0480429e-01	
8.0293548e-01	
8.0105873e-01	
7.9917408e-01	
7.9728154e-01	
7.9538113e-01	
7.9347287e-01	
7.9155677e-01	
7.8963286e-01	
7.8770116e-01	
7.8576168e-01	
7.8381444e-01	
7.8185947e-01	
7.7989677e-01	
7.7792638e-01	
7.7594831e-01	
7.7396258e-01	
7.7196921e-01	
7.6996822e-01	
7.6795963e-01	
7.6594345e-01	
7.6391972e-01	
7.6188845e-01	
7.5984965e-01	
7.5780335e-01	
7.5574957e-01	
7.5368834e-01	
7.5161966e-01	
7.4954356e-01	
7.4746006e-01	
7.4536919e-01	
7.4327095e-01	
7.4116538e-01	
7.3905249e-01	
7.3693231e-01	
7.3480485e-01	
7.3267014e-01	
7.3052820e-01	
7.2837904e-01	
7.2622270e-01	
7.2405918e-01	
7.2188852e-01	
7.1971073e-01	
7.1752584e-01	
7.1533386e-01	
7.1313482e-01	
7.1092875e-01	
7.0871565e-01	
7.0649556e-01	
7.0426849e-01	
7.0203448e-01	
6.9979353e-01	
6.9754567e-01	
6.9529093e-01	
6.9302932e-01	
6.9076088e-01	
6.8848561e-01	
6.8620355e-01	
6.8391471e-01	
6.8161912e-01	
6.7931681e-01	
6.7700779e-01	
6.7469208e-01	
6.7236971e-01	
6.7004071e-01	
6.6770509e-01	
6.6536289e-01	
6.6301411e-01	
6.6065879e-01	
6.5829694e-01	
6.5592860e-01	
6.5355378e-01	
6.5117252e-01	
6.4878482e-01	
6.4639072e-01	
6.4399024e-01	
6.4158340e-01	
6.3917022e-01	
6.3675074e-01	
6.3432497e-01	
6.3189294e-01	
6.2945468e-01	
6.2701019e-01	
6.2455952e-01	
6.2210269e-01	
6.1963971e-01	
6.1717062e-01	
6.1469543e-01	
6.1221417e-01	
6.0972688e-01	
6.0723356e-01	
6.0473425e-01	
6.0222897e-01	
5.9971774e-01	
5.9720059e-01	
5.9467755e-01	
5.9214864e-01	
5.8961388e-01	
5.8707331e-01	
5.8452693e-01	
5.8197479e-01	
5.7941690e-01	
5.7685329e-01	
5.7428399e-01	
5.7170902e-01	
5.6912840e-01	
5.6654217e-01	
5.6395034e-01	
5.6135295e-01	
5.5875001e-01	
5.5614156e-01	
5.5352762e-01	
5.5090822e-01	
5.4828338e-01	
5.4565312e-01	
5.4301748e-01	
5.4037648e-01	
5.3773014e-01	
5.3507850e-01	
5.3242157e-01	
5.2975939e-01	
5.2709197e-01	
5.2441936e-01	
5.2174157e-01	
5.1905862e-01	
5.1637056e-01	
5.1367739e-01	
5.1097916e-01	
5.0827588e-01	
5.0556758e-01	
5.0285429e-01	
5.0013604e-01	
4.9741285e-01	
4.9468476e-01	
4.9195177e-01	
4.8921394e-01	
4.8647127e-01	
4.8372380e-01	
4.8097155e-01	
4.7821456e-01	
4.7545285e-01	
4.7268644e-01	
4.6991537e-01	
4.6713965e-01	
4.6435933e-01	
4.6157442e-01	
4.5878496e-01	
4.5599097e-01	
4.5319247e-01	
4.5038950e-01	
4.4758209e-01	
4.4477026e-01	
4.4195403e-01	
4.3913345e-01	
4.3630853e-01	
4.3347930e-01	
4.3064579e-01	
4.2780804e-01	
4.2496606e-01	
4.2211988e-01	
4.1926954e-01	
4.1641505e-01	
4.1355646e-01	
4.1069379e-01	
4.0782706e-01	
4.0495630e-01	
4.0208155e-01	
3.9920283e-01	
3.9632016e-01	
3.9343359e-01	
3.9054313e-01	
3.8764882e-01	
3.8475068e-01	
3.8184874e-01	
3.7894303e-01	
3.7603358e-01	
3.7312042e-01	
3.7020357e-01	
3.6728308e-01	
3.6435895e-01	
3.6143123e-01	
3.5849994e-01	
3.5556511e-01	
3.5262677e-01	
3.4968496e-01	
3.4673968e-01	
3.4379099e-01	
3.4083890e-01	
3.3788345e-01	
3.3492466e-01	
3.3196257e-01	
3.2899720e-01	
3.2602858e-01	
3.2305674e-01	
3.2008172e-01	
3.1710353e-01	
3.1412221e-01	
3.1113780e-01	
3.0815031e-01	
3.0515978e-01	
3.0216623e-01	
2.9916971e-01	
2.9617023e-01	
2.9316783e-01	
2.9016253e-01	
2.8715437e-01	
2.8414337e-01	
2.8112957e-01	
2.7811300e-01	
2.7509368e-01	
2.7207164e-01	
2.6904692e-01	
2.6601954e-01	
2.6298953e-01	
2.5995693e-01	
2.5692177e-01	
2.5388406e-01	
2.5084385e-01	
2.4780117e-01	
2.4475604e-01	
2.4170849e-01	
2.3865856e-01	
2.3560627e-01	
2.3255165e-01	
2.2949474e-01	
2.2643556e-01	
2.2337415e-01	
2.2031053e-01	
2.1724474e-01	
2.1417680e-01	
2.1110675e-01	
2.0803462e-01	
2.0496043e-01	
2.0188422e-01	
1.9880601e-01	
1.9572585e-01	
1.9264375e-01	
1.8955975e-01	
1.8647388e-01	
1.8338616e-01	
1.8029664e-01	
1.7720534e-01	
1.7411228e-01	
1.7101751e-01	
1.6792105e-01	
1.6482294e-01	
1.6172319e-01	
1.5862185e-01	
1.5551895e-01	
1.5241451e-01	
1.4930856e-01	
1.4620114e-01	
1.4309228e-01	
1.3998200e-01	
1.3687034e-01	
1.3375733e-01	
1.3064300e-01	
1.2752739e-01	
1.2441051e-01	
1.2129240e-01	
1.1817310e-01	
1.1505263e-01	
1.1193102e-01	
1.0880831e-01	
1.0568453e-01	
1.0255970e-01	
9.9433862e-02	
9.6307040e-02	
9.3179267e-02	
9.0050575e-02	
8.6920994e-02	
8.3790555e-02	
8.0659288e-02	
7.7527226e-02	
7.4394398e-02	
7.1260835e-02	
6.8126570e-02	
6.4991631e-02	
6.1856051e-02	
5.8719861e-02	
5.5583091e-02	
5.2445772e-02	
4.9307935e-02	
4.6169612e-02	
4.3030833e-02	
3.9891629e-02	
3.6752031e-02	
3.3612071e-02	
3.0471779e-02	
2.7331186e-02	
2.4190323e-02	
2.1049221e-02	
1.7907912e-02	
1.4766425e-02	
1.1624793e-02	
8.4830467e-03	
5.3412162e-03	
2.1993330e-03	
-9.4257191e-04	
-4.0844675e-03	
-7.2263228e-03	
-1.0368107e-02	
-1.3509788e-02	
-1.6651337e-02	
-1.9792721e-02	
-2.2933909e-02	
-2.6074871e-02	
-2.9215576e-02	
-3.2355992e-02	
-3.5496089e-02	
-3.8635836e-02	
-4.1775201e-02	
-4.4914153e-02	
-4.8052663e-02	
-5.1190698e-02	
-5.4328227e-02	
-5.7465221e-02	
-6.0601647e-02	
-6.3737475e-02	
-6.6872673e-02	
-7.0007212e-02	
-7.3141059e-02	
-7.6274185e-02	
-7.9406557e-02	
-8.2538146e-02	
-8.5668920e-02	
-8.8798848e-02	
-9.1927899e-02	
-9.5056043e-02	
-9.8183249e-02	
-1.0130949e-01	
-1.0443472e-01	
-1.0755893e-01	
-1.1068207e-01	
-1.1380412e-01	
-1.1692505e-01	
-1.2004482e-01	
-1.2316341e-01	
-1.2628078e-01	
-1.2939691e-01	
-1.3251176e-01	
-1.3562530e-01	
-1.3873750e-01	
-1.4184833e-01	
-1.4495777e-01	
-1.4806577e-01	
-1.5117231e-01	
-1.5427735e-01	
-1.5738088e-01	
-1.6048285e-01	
-1.6358323e-01	
-1.6668200e-01	
-1.6977913e-01	
-1.7287458e-01	
-1.7596832e-01	
-1.7906033e-01	
-1.8215057e-01	
-1.8523901e-01	
-1.8832562e-01	
-1.9141037e-01	
-1.9449324e-01	
-1.9757418e-01	
-2.0065317e-01	
-2.0373019e-01	
-2.0680519e-01	
-2.0987815e-01	
-2.1294904e-01	
-2.1601782e-01	
-2.1908448e-01	
-2.2214897e-01	
-2.2521126e-01	
-2.2827134e-01	
-2.3132916e-01	
-2.3438470e-01	
-2.3743792e-01	
-2.4048880e-01	
-2.4353731e-01	
-2.4658341e-01	
-2.4962708e-01	
-2.5266828e-01	
-2.5570699e-01	
-2.5874317e-01	
-2.6177680e-01	
-2.6480785e-01	
-2.6783628e-01	
-2.7086207e-01	
-2.7388519e-01	
-2.7690560e-01	
-2.7992327e-01	
-2.8293819e-01	
-2.8595031e-01	
-2.8895961e-01	
-2.9196605e-01	
-2.9496962e-01	
-2.9797027e-01	
-3.0096798e-01	
-3.0396272e-01	
-3.0695446e-01	
-3.0994317e-01	
-3.1292882e-01	
-3.1591138e-01	
-3.1889082e-01	
-3.2186711e-01	
-3.2484023e-01	
-3.2781014e-01	
-3.3077681e-01	
-3.3374022e-01	
-3.3670033e-01	
-3.3965712e-01	
-3.4261056e-01	
-3.4556062e-01	
-3.4850726e-01	
-3.5145046e-01	
-3.5439020e-01	
-3.5732643e-01	
-3.6025914e-01	
-3.6318829e-01	
-3.6611386e-01	
-3.6903581e-01	
-3.7195412e-01	
-3.7486876e-01	
-3.7777970e-01	
-3.8068691e-01	
-3.8359036e-01	
-3.8649002e-01	
-3.8938587e-01	
-3.9227787e-01	
-3.9516600e-01	
-3.9805023e-01	
-4.0093054e-01	
-4.0380688e-01	
-4.0667924e-01	
-4.0954758e-01	
-4.1241188e-01	
-4.1527211e-01	
-4.1812824e-01	
-4.2098024e-01	
-4.2382809e-01	
-4.2667175e-01	
-4.2951120e-01	
-4.3234641e-01	
-4.3517735e-01	
-4.3800400e-01	
-4.4082632e-01	
-4.4364429e-01	
-4.4645789e-01	
-4.4926707e-01	
-4.5207182e-01	
-4.5487211e-01	
-4.5766790e-01	
-4.6045918e-01	
-4.6324592e-01	
-4.6602808e-01	
-4.6880564e-01	
-4.7157857e-01	
-4.7434684e-01	
-4.7711044e-01	
-4.7986932e-01	
-4.8262347e-01	
-4.8537285e-01	
-4.8811745e-01	
-4.9085722e-01	
-4.9359215e-01	
-4.9632220e-01	
-4.9904736e-01	
-5.0176759e-01	
-5.0448286e-01	
-5.0719316e-01	
-5.0989845e-01	
-5.1259870e-01	
-5.1529390e-01	
-5.1798401e-01	
-5.2066900e-01	
-5.2334886e-01	
-5.2602355e-01	
-5.2869305e-01	
-5.3135732e-01	
-5.3401636e-01	
-5.3667012e-01	
-5.3931858e-01	
-5.4196172e-01	
-5.4459951e-01	
-5.4723192e-01	
-5.4985893e-01	
-5.5248052e-01	
-5.5509665e-01	
-5.5770729e-01	
-5.6031244e-01	
-5.6291205e-01	
-5.6550611e-01	
-5.6809458e-01	
-5.7067745e-01	
-5.7325468e-01	
-5.7582625e-01	
-5.7839214e-01	
-5.8095232e-01	
-5.8350677e-01	
-5.8605545e-01	
-5.8859835e-01	
-5.9113544e-01	
-5.9366669e-01	
-5.9619208e-01	
-5.9871159e-01	
-6.0122519e-01	
-6.0373285e-01	
-6.0623455e-01	
-6.0873027e-01	
-6.1121998e-01	
-6.1370365e-01	
-6.1618127e-01	
-6.1865281e-01	
-6.2111823e-01	
-6.2357753e-01	
-6.2603067e-01	
-6.2847763e-01	
-6.3091838e-01	
-6.3335291e-01	
-6.3578119e-01	
-6.3820319e-01	
-6.4061889e-01	
-6.4302826e-01	
-6.4543129e-01	
-6.4782795e-01	
-6.5021821e-01	
-6.5260205e-01	
-6.5497945e-01	
-6.5735039e-01	
-6.5971483e-01	
-6.6207276e-01	
-6.6442416e-01	
-6.6676900e-01	
-6.6910726e-01	
-6.7143891e-01	
-6.7376393e-01	
-6.7608230e-01	
-6.7839400e-01	
-6.8069900e-01	
-6.8299729e-01	
-6.8528883e-01	
-6.8757360e-01	
-6.8985159e-01	
-6.9212276e-01	
-6.9438711e-01	
-6.9664460e-01	
-6.9889521e-01	
-7.0113893e-01	
-7.0337572e-01	
-7.0560557e-01	
-7.0782845e-01	
-7.1004435e-01	
-7.1225324e-01	
-7.1445509e-01	
-7.1664990e-01	
-7.1883763e-01	
-7.2101826e-01	
-7.2319177e-01	
-7.2535815e-01	
-7.2751737e-01	
-7.2966940e-01	
-7.3181423e-01	
-7.3395184e-01	
-7.3608220e-01	
-7.3820530e-01	
-7.4032110e-01	
-7.4242960e-01	
-7.4453078e-01	
-7.4662460e-01	
-7.4871105e-01	
-7.5079011e-01	
-7.5286176e-01	
-7.5492597e-01	
-7.5698274e-01	
-7.5903203e-01	
-7.6107383e-01	
-7.6310811e-01	
-7.6513487e-01	
-7.6715407e-01	
-7.6916569e-01	
-7.7116973e-01	
-7.7316615e-01	
-7.7515494e-01	
-7.7713608e-01	
-7.7910954e-01	
-7.8107531e-01	
-7.8303338e-01	
-7.8498371e-01	
-7.8692630e-01	
-7.8886111e-01	
-7.9078814e-01	
-7.9270737e-01	
-7.9461877e-01	
-7.9652232e-01	
-7.9841801e-01	
-8.0030582e-01	
-8.0218573e-01	
-8.0405772e-01	
-8.0592177e-01	
-8.0777787e-01	
-8.0962599e-01	
-8.1146612e-01	
-8.1329824e-01	
-8.1512234e-01	
-8.1693838e-01	
-8.1874636e-01	
-8.2054626e-01	
-8.2233806e-01	
-8.2412174e-01	
-8.2589728e-01	
-8.2766468e-01	
-8.2942390e-01	
-8.3117493e-01	
-8.3291776e-01	
-8.3465237e-01	
-8.3637874e-01	
-8.3809685e-01	
-8.3980669e-01	
-8.4150824e-01	
-8.4320148e-01	
-8.4488639e-01	
-8.4656297e-01	
-8.4823119e-01	
-8.4989104e-01	
-8.5154249e-01	
-8.5318554e-01	
-8.5482017e-01	
-8.5644636e-01	
-8.5806410e-01	
-8.5967336e-01	
-8.6127414e-01	
-8.6286642e-01	
-8.6445018e-01	
-8.6602540e-01	
-8.6759208e-01	
-8.6915019e-01	
-8.7069972e-01	
-8.7224066e-01	
-8.7377299e-01	
-8.7529669e-01	
-8.7681175e-01	
-8.7831815e-01	
-8.7981589e-01	
-8.8130494e-01	
-8.8278529e-01	
-8.8425692e-01	
-8.8571983e-01	
-8.8717399e-01	
-8.8861939e-01	
-8.9005603e-01	
-8.9148387e-01	
-8.9290292e-01	
-8.9431315e-01	
-8.9571455e-01	
-8.9710712e-01	
-8.9849082e-01	
-8.9986566e-01	
-9.0123161e-01	
-9.0258867e-01	
-9.0393681e-01	
-9.0527604e-01	
-9.0660632e-01	
-9.0792766e-01	
-9.0924003e-01	
-9.1054343e-01	
-9.1183784e-01	
-9.1312325e-01	
-9.1439965e-01	
-9.1566701e-01	
-9.1692534e-01	
-9.1817462e-01	
-9.1941483e-01	
-9.2064597e-01	
-9.2186802e-01	
-9.2308097e-01	
-9.2428481e-01	
-9.2547952e-01	
-9.2666510e-01	
-9.2784153e-01	
-9.2900880e-01	
-9.3016690e-01	
-9.3131581e-01	
-9.3245554e-01	
-9.3358606e-01	
-9.3470736e-01	
-9.3581943e-01	
-9.3692227e-01	
-9.3801586e-01	
-9.3910019e-01	
-9.4017525e-01	
-9.4124103e-01	
-9.4229751e-01	
-9.4334470e-01	
-9.4438257e-01	
-9.4541112e-01	
-9.4643034e-01	
-9.4744021e-01	
-9.4844073e-01	
-9.4943189e-01	
-9.5041368e-01	
-9.5138608e-01	
-9.5234909e-01	
-9.5330270e-01	
-9.5424691e-01	
-9.5518169e-01	
-9.5610704e-01	
-9.5702295e-01	
-9.5792942e-01	
-9.5882643e-01	
-9.5971397e-01	
-9.6059204e-01	
-9.6146063e-01	
-9.6231973e-01	
-9.6316933e-01	
-9.6400942e-01	
-9.6483999e-01	
-9.6566104e-01	
-9.6647255e-01	
-9.6727453e-01	
-9.6806696e-01	
-9.6884983e-01	
-9.6962313e-01	
-9.7038687e-01	
-9.7114102e-01	
-9.7188559e-01	
-9.7262057e-01	
-9.7334594e-01	
-9.7406171e-01	
-9.7476786e-01	
-9.7546438e-01	
-9.7615128e-01	
-9.7682854e-01	
-9.7749616e-01	
-9.7815413e-01	
-9.7880245e-01	
-9.7944110e-01	
-9.8007008e-01	
-9.8068939e-01	
-9.8129901e-01	
-9.8189895e-01	
-9.8248920e-01	
-9.8306975e-01	
-9.8364059e-01	
-9.8420173e-01	
-9.8475315e-01	
-9.8529484e-01	
-9.8582681e-01	
-9.8634905e-01	
-9.8686155e-01	
-9.8736432e-01	
-9.8785733e-01	
-9.8834059e-01	
-9.8881410e-01	
-9.8927784e-01	
-9.8973182e-01	
-9.9017603e-01	
-9.9061046e-01	
-9.9103512e-01	
-9.9144999e-01	
-9.9185507e-01	
-9.9225036e-01	
-9.9263586e-01	
-9.9301156e-01	
-9.9337746e-01	
-9.9373355e-01	
-9.9407983e-01	
-9.9441630e-01	
-9.9474295e-01	
-9.9505978e-01	
-9.9536679e-01	
-9.9566397e-01	
-9.9595133e-01	
-9.9622885e-01	
-9.9649654e-01	
-9.9675439e-01	
-9.9700240e-01	
-9.9724057e-01	
-9.9746890e-01	
-9.9768738e-01	
-9.9789601e-01	
-9.9809479e-01	
-9.9828371e-01	
-9.9846278e-01	
-9.9863200e-01	
-9.9879136e-01	
-9.9894086e-01	
-9.9908049e-01	
-9.9921027e-01	
-9.9933018e-01	
-9.9944022e-01	
-9.9954040e-01	
-9.9963071e-01	
-9.9971116e-01	
-9.9978173e-01	
-9.9984244e-01	
-9.9989328e-01	
-9.9993424e-01	
-9.9996534e-01	
-9.9998656e-01	
-9.9999791e-01	
-9.9999940e-01	
-9.9999100e-01	
-9.9997274e-01	
-9.9994461e-01	
-9.9990660e-01	
-9.9985873e-01	
-9.9980098e-01	
-9.9973337e-01	
-9.9965588e-01	
-9.9956853e-01	
-9.9947131e-01	
-9.9936423e-01	
-9.9924728e-01	
-9.9912046e-01	
-9.9898378e-01	
-9.9883724e-01	
-9.9868084e-01	
-9.9851458e-01	
-9.9833847e-01	
-9.9815250e-01	
-9.9795667e-01	
-9.9775100e-01	
-9.9753548e-01	
-9.9731010e-01	
-9.9707489e-01	
-9.9682983e-01	
-9.9657493e-01	
-9.9631019e-01	
-9.9603562e-01	
-9.9575121e-01	
-9.9545698e-01	
-9.9515292e-01	
-9.9483903e-01	
-9.9451533e-01	
-9.9418180e-01	
-9.9383846e-01	
-9.9348532e-01	
-9.9312236e-01	
-9.9274960e-01	
-9.9236704e-01	
-9.9197469e-01	
-9.9157254e-01	
-9.9116060e-01	
-9.9073888e-01	
-9.9030738e-01	
-9.8986611e-01	
-9.8941506e-01	
-9.8895424e-01	
-9.8848367e-01	
-9.8800333e-01	
-9.8751324e-01	
-9.8701341e-01	
-9.8650383e-01	
-9.8598451e-01	
-9.8545546e-01	
-9.8491668e-01	
-9.8436817e-01	
-9.8380995e-01	
-9.8324202e-01	
-9.8266438e-01	
-9.8207705e-01	
-9.8148001e-01	
-9.8087329e-01	
-9.8025689e-01	
-9.7963081e-01	
-9.7899506e-01	
-9.7834964e-01	
-9.7769457e-01	
-9.7702984e-01	
-9.7635547e-01	
-9.7567147e-01	
-9.7497783e-01	
-9.7427456e-01	
-9.7356168e-01	
-9.7283919e-01	
-9.7210709e-01	
-9.7136540e-01	
-9.7061412e-01	
-9.6985326e-01	
-9.6908282e-01	
-9.6830282e-01	
-9.6751326e-01	
-9.6671415e-01	
-9.6590549e-01	
-9.6508730e-01	
-9.6425959e-01	
-9.6342235e-01	
-9.6257561e-01	
-9.6171936e-01	
-9.6085362e-01	
-9.5997839e-01	
-9.5909368e-01	
-9.5819951e-01	
-9.5729588e-01	
-9.5638280e-01	
-9.5546028e-01	
-9.5452833e-01	
-9.5358695e-01	
-9.5263616e-01	
-9.5167597e-01	
-9.5070638e-01	
-9.4972741e-01	
-9.4873906e-01	
-9.4774135e-01	
-9.4673428e-01	
-9.4571786e-01	
-9.4469211e-01	
-9.4365704e-01	
-9.4261265e-01	
-9.4155895e-01	
-9.4049596e-01	
-9.3942368e-01	
-9.3834213e-01	
-9.3725132e-01	
-9.3615126e-01	
-9.3504195e-01	
-9.3392342e-01	
-9.3279566e-01	
-9.3165870e-01	
-9.3051254e-01	
-9.2935719e-01	
-9.2819267e-01	
-9.2701899e-01	
-9.2583615e-01	
-9.2464418e-01	
-9.2344308e-01	
-9.2223286e-01	
-9.2101354e-01	
-9.1978513e-01	
-9.1854764e-01	
-9.1730108e-01	
-9.1604546e-01	
-9.1478080e-01	
-9.1350712e-01	
-9.1222441e-01	
-9.1093270e-01	
-9.0963200e-01	
-9.0832231e-01	
-9.0700366e-01	
-9.0567606e-01	
-9.0433952e-01	
-9.0299405e-01	
-9.0163966e-01	
-9.0027638e-01	
-8.9890420e-01	
-8.9752316e-01	
-8.9613325e-01	
-8.9473450e-01	
-8.9332691e-01	
-8.9191051e-01	
-8.9048530e-01	
-8.8905131e-01	
-8.8760853e-01	
-8.8615699e-01	
-8.8469671e-01	
-8.8322769e-01	
-8.8174996e-01	
-8.8026351e-01	
-8.7876838e-01	
-8.7726458e-01	
-8.7575211e-01	
-8.7423100e-01	
-8.7270126e-01	
-8.7116291e-01	
-8.6961595e-01	
-8.6806041e-01	
-8.6649631e-01	
-8.6492364e-01	
-8.6334244e-01	
-8.6175272e-01	
-8.6015449e-01	
-8.5854777e-01	
-8.5693257e-01	
-8.5530892e-01	
-8.5367682e-01	
-8.5203629e-01	
-8.5038736e-01	
-8.4873002e-01	
-8.4706432e-01	
-8.4539024e-01	
-8.4370783e-01	
-8.4201708e-01	
-8.4031802e-01	
-8.3861067e-01	
-8.3689504e-01	
-8.3517115e-01	
-8.3343901e-01	
-8.3169865e-01	
-8.2995007e-01	
-8.2819330e-01	
-8.2642836e-01	
-8.2465526e-01	
-8.2287402e-01	
-8.2108465e-01	
-8.1928718e-01	
-8.1748162e-01	
-8.1566799e-01	
-8.1384632e-01	
-8.1201660e-01	
-8.1017887e-01	
-8.0833314e-01	
-8.0647944e-01	
-8.0461777e-01	
-8.0274816e-01	
-8.0087062e-01	
-7.9898518e-01	
-7.9709185e-01	
-7.9519066e-01	
-7.9328161e-01	
-7.9136473e-01	
-7.8944004e-01	
-7.8750756e-01	
-7.8556730e-01	
-7.8361929e-01	
-7.8166354e-01	
-7.7970008e-01	
-7.7772892e-01	
-7.7575008e-01	
-7.7376359e-01	
-7.7176945e-01	
-7.6976770e-01	
-7.6775835e-01	
-7.6574142e-01	
-7.6371693e-01	
-7.6168490e-01	
-7.5964536e-01	
-7.5759831e-01	
-7.5554379e-01	
-7.5348180e-01	
-7.5141238e-01	
-7.4933554e-01	
-7.4725131e-01	
-7.4515969e-01	
-7.4306073e-01	
-7.4095442e-01	
-7.3884080e-01	
-7.3671989e-01	
-7.3459171e-01	
-7.3245627e-01	
-7.3031361e-01	
-7.2816373e-01	
-7.2600667e-01	
-7.2384244e-01	
-7.2167106e-01	
-7.1949256e-01	
-7.1730696e-01	
-7.1511428e-01	
-7.1291453e-01	
-7.1070775e-01	
-7.0849396e-01	
-7.0627317e-01	
-7.0404540e-01	
-7.0181069e-01	
-6.9956905e-01	
-6.9732051e-01	
-6.9506508e-01	
-6.9280279e-01	
-6.9053366e-01	
-6.8825771e-01	
-6.8597497e-01	
-6.8368546e-01	
-6.8138919e-01	
-6.7908621e-01	
-6.7677652e-01	
-6.7446014e-01	
-6.7213711e-01	
-6.6980745e-01	
-6.6747117e-01	
-6.6512830e-01	
-6.6277887e-01	
-6.6042290e-01	
-6.5806040e-01	
-6.5569141e-01	
-6.5331595e-01	
-6.5093404e-01	
-6.4854570e-01	
-6.4615096e-01	
-6.4374984e-01	
-6.4134236e-01	
-6.3892856e-01	
-6.3650845e-01	
-6.3408205e-01	
-6.3164940e-01	
-6.2921051e-01	
-6.2676541e-01	
-6.2431412e-01	
-6.2185667e-01	
-6.1939308e-01	
-6.1692337e-01	
-6.1444758e-01	
-6.1196572e-01	
-6.0947782e-01	
-6.0698390e-01	
-6.0448399e-01	
-6.0197811e-01	
-5.9946629e-01	
-5.9694855e-01	
-5.9442493e-01	
-5.9189543e-01	
-5.8936009e-01	
-5.8681893e-01	
-5.8427198e-01	
-5.8171926e-01	
-5.7916080e-01	
-5.7659662e-01	
-5.7402675e-01	
-5.7145121e-01	
-5.6887003e-01	
-5.6628324e-01	
-5.6369085e-01	
-5.6109290e-01	
-5.5848942e-01	
-5.5588042e-01	
-5.5326593e-01	
-5.5064598e-01	
-5.4802059e-01	
-5.4538980e-01	
-5.4275362e-01	
-5.4011208e-01	
-5.3746521e-01	
-5.3481304e-01	
-5.3215559e-01	
-5.2949288e-01	
-5.2682495e-01	
-5.2415181e-01	
-5.2147350e-01	
-5.1879005e-01	
-5.1610147e-01	
-5.1340780e-01	
-5.1070906e-01	
-5.0800527e-01	
-5.0529648e-01	
-5.0258269e-01	
-4.9986395e-01	
-4.9714026e-01	
-4.9441168e-01	
-4.9167821e-01	
-4.8893989e-01	
-4.8619674e-01	
-4.8344879e-01	
-4.8069607e-01	
-4.7793860e-01	
-4.7517642e-01	
-4.7240954e-01	
-4.6963800e-01	
-4.6686183e-01	
-4.6408105e-01	
-4.6129568e-01	
-4.5850576e-01	
-4.5571132e-01	
-4.5291238e-01	
-4.5010896e-01	
-4.4730111e-01	
-4.4448883e-01	
-4.4167217e-01	
-4.3885115e-01	
-4.3602580e-01	
-4.3319614e-01	
-4.3036221e-01	
-4.2752403e-01	
-4.2468163e-01	
-4.2183503e-01	
-4.1898427e-01	
-4.1612938e-01	
-4.1327038e-01	
-4.1040730e-01	
-4.0754016e-01	
-4.0466901e-01	
-4.0179386e-01	
-3.9891474e-01	
-3.9603168e-01	
-3.9314472e-01	
-3.9025387e-01	
-3.8735917e-01	
-3.8446065e-01	
-3.8155834e-01	
-3.7865225e-01	
-3.7574243e-01	
-3.7282890e-01	
-3.6991169e-01	
-3.6699083e-01	
-3.6406634e-01	
-3.6113826e-01	
-3.5820662e-01	
-3.5527144e-01	
-3.5233275e-01	
-3.4939058e-01	
-3.4644497e-01	
-3.4349593e-01	
-3.4054351e-01	
-3.3758772e-01	
-3.3462860e-01	
-3.3166618e-01	
-3.2870048e-01	
-3.2573154e-01	
-3.2275938e-01	
-3.1978404e-01	
-3.1680554e-01	
-3.1382391e-01	
-3.1083919e-01	
-3.0785139e-01	
-3.0486056e-01	
-3.0186672e-01	
-2.9886989e-01	
-2.9587012e-01	
-2.9286743e-01	
-2.8986184e-01	
-2.8685340e-01	
-2.8384212e-01	
-2.8082804e-01	
-2.7781119e-01	
-2.7479159e-01	
-2.7176929e-01	
-2.6874430e-01	
-2.6571666e-01	
-2.6268639e-01	
-2.5965353e-01	
-2.5661811e-01	
-2.5358015e-01	
-2.5053970e-01	
-2.4749677e-01	
-2.4445139e-01	
-2.4140360e-01	
-2.3835343e-01	
-2.3530091e-01	
-2.3224606e-01	
-2.2918892e-01	
-2.2612952e-01	
-2.2306789e-01	
-2.2000405e-01	
-2.1693804e-01	
-2.1386989e-01	
-2.1079963e-01	
-2.0772729e-01	
-2.0465290e-01	
-2.0157649e-01	
-1.9849809e-01	
-1.9541772e-01	
-1.9233543e-01	
-1.8925124e-01	
-1.8616519e-01	
-1.8307729e-01	
-1.7998759e-01	
-1.7689611e-01	
-1.7380288e-01	
-1.7070794e-01	
-1.6761132e-01	
-1.6451304e-01	
-1.6141313e-01	
-1.5831163e-01	
-1.5520857e-01	
-1.5210398e-01	
-1.4899788e-01	
-1.4589032e-01	
-1.4278131e-01	
-1.3967090e-01	
-1.3655910e-01	
-1.3344596e-01	
-1.3033150e-01	
-1.2721575e-01	
-1.2409875e-01	
-1.2098053e-01	
-1.1786110e-01	
-1.1474052e-01	
-1.1161880e-01	
-1.0849598e-01	
-1.0537209e-01	
-1.0224716e-01	
-9.9121223e-02	
-9.5994305e-02	
-9.2866439e-02	
-8.9737657e-02	
-8.6607988e-02	
-8.3477465e-02	
-8.0346117e-02	
-7.7213977e-02	
-7.4081074e-02	
-7.0947440e-02	
-6.7813106e-02	
-6.4678102e-02	
-6.1542459e-02	
-5.8406210e-02	
-5.5269383e-02	
-5.2132011e-02	
-4.8994124e-02	
-4.5855754e-02	
-4.2716931e-02	
-3.9577687e-02	
-3.6438051e-02	
-3.3298056e-02	
-3.0157732e-02	
-2.7017111e-02	
-2.3876223e-02	
-2.0735099e-02	
-1.7593771e-02	
-1.4452268e-02	
-1.1310623e-02	
-8.1688669e-03	
-5.0270298e-03	
-1.8851430e-03	
1.2567624e-03	
4.3986554e-03	
7.5405050e-03	
1.0682280e-02	
1.3823950e-02	
1.6965483e-02	
2.0106849e-02	
2.3248016e-02	
2.6388954e-02	
2.9529631e-02	
3.2670017e-02	
3.5810080e-02	
3.8949790e-02	
4.2089115e-02	
4.5228025e-02	
4.8366488e-02	
5.1504474e-02	
5.4641951e-02	
5.7778889e-02	
6.0915257e-02	
6.4051023e-02	
6.7186157e-02	
7.0320628e-02	
7.3454405e-02	
7.6587456e-02	
7.9719752e-02	
8.2851260e-02	
8.5981951e-02	
8.9111793e-02	
9.2240755e-02	
9.5368807e-02	
9.8495917e-02	
1.0162205e-01	
1.0474719e-01	
1.0787129e-01	
1.1099433e-01	
1.1411627e-01	
1.1723708e-01	
1.2035674e-01	
1.2347520e-01	
1.2659245e-01	
1.2970845e-01	
1.3282317e-01	
1.3593658e-01	
1.3904865e-01	
1.4215934e-01	
1.4526863e-01	
1.4837649e-01	
1.5148288e-01	
1.5458777e-01	
1.5769114e-01	
1.6079296e-01	
1.6389318e-01	
1.6699179e-01	
1.7008875e-01	
1.7318403e-01	
1.7627760e-01	
1.7936943e-01	
1.8245949e-01	
1.8554775e-01	
1.8863418e-01	
1.9171875e-01	
1.9480142e-01	
1.9788217e-01	
2.0096097e-01	
2.0403778e-01	
2.0711258e-01	
2.1018533e-01	
2.1325601e-01	
2.1632458e-01	
2.1939102e-01	
2.2245529e-01	
2.2551737e-01	
2.2857722e-01	
2.3163482e-01	
2.3469012e-01	
2.3774311e-01	
2.4079376e-01	
2.4384203e-01	
2.4688788e-01	
2.4993131e-01	
2.5297226e-01	
2.5601072e-01	
2.5904665e-01	
2.6208003e-01	
2.6511081e-01	
2.6813898e-01	
2.7116450e-01	
2.7418735e-01	
2.7720749e-01	
2.8022489e-01	
2.8323953e-01	
2.8625137e-01	
2.8926038e-01	
2.9226654e-01	
2.9526982e-01	
2.9827017e-01	
3.0126759e-01	
3.0426203e-01	
3.0725347e-01	
3.1024187e-01	
3.1322721e-01	
3.1620946e-01	
3.1918859e-01	
3.2216457e-01	
3.2513736e-01	
3.2810695e-01	
3.3107330e-01	
3.3403638e-01	
3.3699616e-01	
3.3995262e-01	
3.4290572e-01	
3.4585543e-01	
3.4880174e-01	
3.5174459e-01	
3.5468398e-01	
3.5761986e-01	
3.6055222e-01	
3.6348101e-01	
3.6640622e-01	
3.6932781e-01	
3.7224575e-01	
3.7516002e-01	
3.7807059e-01	
3.8097742e-01	
3.8388049e-01	
3.8677978e-01	
3.8967524e-01	
3.9256686e-01	
3.9545460e-01	
3.9833844e-01	
4.0121835e-01	
4.0409429e-01	
4.0696625e-01	
4.0983419e-01	
4.1269809e-01	
4.1555791e-01	
4.1841362e-01	
4.2126521e-01	
4.2411264e-01	
4.2695588e-01	
4.2979491e-01	
4.3262970e-01	
4.3546021e-01	
4.3828643e-01	
4.4110832e-01	
4.4392585e-01	
4.4673900e-01	
4.4954775e-01	
4.5235205e-01	
4.5515189e-01	
4.5794724e-01	
4.6073806e-01	
4.6352434e-01	
4.6630604e-01	
4.6908314e-01	
4.7185561e-01	
4.7462342e-01	
4.7738654e-01	
4.8014495e-01	
4.8289862e-01	
4.8564753e-01	
4.8839164e-01	
4.9113093e-01	
4.9386537e-01	
4.9659494e-01	
4.9931960e-01	
5.0203934e-01	
5.0475412e-01	
5.0746391e-01	
5.1016870e-01	
5.1286845e-01	
5.1556314e-01	
5.1825274e-01	
5.2093722e-01	
5.2361656e-01	
5.2629073e-01	
5.2895971e-01	
5.3162346e-01	
5.3428197e-01	
5.3693520e-01	
5.3958313e-01	
5.4222574e-01	
5.4486299e-01	
5.4749487e-01	
5.5012134e-01	
5.5274238e-01	
5.5535796e-01	
5.5796806e-01	
5.6057265e-01	
5.6317171e-01	
5.6576521e-01	
5.6835312e-01	
5.7093542e-01	
5.7351209e-01	
5.7608310e-01	
5.7864842e-01	
5.8120802e-01	
5.8376189e-01	
5.8631000e-01	
5.8885232e-01	
5.9138883e-01	
5.9391949e-01	
5.9644430e-01	
5.9896322e-01	
6.0147622e-01	
6.0398329e-01	
6.0648439e-01	
6.0897951e-01	
6.1146862e-01	
6.1395169e-01	
6.1642870e-01	
6.1889962e-01	
6.2136444e-01	
6.2382312e-01	
6.2627564e-01	
6.2872198e-01	
6.3116212e-01	
6.3359602e-01	
6.3602367e-01	
6.3844504e-01	
6.4086011e-01	
6.4326885e-01	
6.4567124e-01	
6.4806726e-01	
6.5045688e-01	
6.5284008e-01	
6.5521684e-01	
6.5758712e-01	
6.5995092e-01	
6.6230820e-01	
6.6465894e-01	
6.6700312e-01	
6.6934072e-01	
6.7167171e-01	
6.7399607e-01	
6.7631377e-01	
6.7862480e-01	
6.8092913e-01	
6.8322674e-01	
6.8551761e-01	
6.8780170e-01	
6.9007901e-01	
6.9234951e-01	
6.9461317e-01	
6.9686997e-01	
6.9911990e-01	
7.0136292e-01	
7.0359902e-01	
7.0582817e-01	
7.0805036e-01	
7.1026555e-01	
7.1247374e-01	
7.1467489e-01	
7.1686899e-01	
7.1905601e-01	
7.2123593e-01	
7.2340873e-01	
7.2557439e-01	
7.2773289e-01	
7.2988421e-01	
7.3202832e-01	
7.3416520e-01	
7.3629484e-01	
7.3841720e-01	
7.4053228e-01	
7.4264005e-01	
7.4474049e-01	
7.4683357e-01	
7.4891929e-01	
7.5099761e-01	
7.5306851e-01	
7.5513199e-01	
7.5718800e-01	
7.5923655e-01	
7.6127760e-01	
7.6331113e-01	
7.6533713e-01	
7.6735557e-01	
7.6936644e-01	
7.7136971e-01	
7.7336537e-01	
7.7535340e-01	
7.7733377e-01	
7.7930646e-01	
7.8127147e-01	
7.8322876e-01	
7.8517832e-01	
7.8712013e-01	
7.8905417e-01	
7.9098042e-01	
7.9289886e-01	
7.9480947e-01	
7.9671224e-01	
7.9860715e-01	
8.0049417e-01	
8.0237328e-01	
8.0424448e-01	
8.0610774e-01	
8.0796304e-01	
8.0981037e-01	
8.1164970e-01	
8.1348101e-01	
8.1530430e-01	
8.1711954e-01	
8.1892672e-01	
8.2072581e-01	
8.2251679e-01	
8.2429966e-01	
8.2607439e-01	
8.2784097e-01	
8.2959937e-01	
8.3134959e-01	
8.3309159e-01	
8.3482538e-01	
8.3655092e-01	
8.3826821e-01	
8.3997722e-01	
8.4167793e-01	
8.4337034e-01	
8.4505443e-01	
8.4673017e-01	
8.4839755e-01	
8.5005656e-01	
8.5170718e-01	
8.5334939e-01	
8.5498317e-01	
8.5660852e-01	
8.5822541e-01	
8.5983382e-01	
8.6143375e-01	
8.6302518e-01	
8.6460809e-01	
8.6618246e-01	
8.6774828e-01	
8.6930553e-01	
8.7085420e-01	
8.7239428e-01	
8.7392575e-01	
8.7544858e-01	
8.7696278e-01	
8.7846832e-01	
8.7996518e-01	
8.8145336e-01	
8.8293284e-01	
8.8440360e-01	
8.8586564e-01	
8.8731892e-01	
8.8876345e-01	
8.9019921e-01	
8.9162617e-01	
8.9304434e-01	
8.9445369e-01	
8.9585421e-01	
8.9724588e-01	
8.9862870e-01	
9.0000265e-01	
9.0136772e-01	
9.0272388e-01	
9.0407114e-01	
9.0540947e-01	
9.0673886e-01	
9.0805930e-01	
9.0937078e-01	
9.1067328e-01	
9.1196679e-01	
9.1325130e-01	
9.1452679e-01	
9.1579325e-01	
9.1705068e-01	
9.1829905e-01	
9.1953836e-01	
9.2076859e-01	
9.2198973e-01	
9.2320176e-01	
9.2440469e-01	
9.2559849e-01	
9.2678315e-01	
9.2795867e-01	
9.2912502e-01	
9.3028220e-01	
9.3143020e-01	
9.3256900e-01	
9.3369860e-01	
9.3481898e-01	
9.3593013e-01	
9.3703205e-01	
9.3812471e-01	
9.3920811e-01	
9.4028224e-01	
9.4134709e-01	
9.4240265e-01	
9.4344890e-01	
9.4448584e-01	
9.4551346e-01	
9.4653174e-01	
9.4754068e-01	
9.4854027e-01	
9.4953049e-01	
9.5051134e-01	
9.5148280e-01	
9.5244488e-01	
9.5339755e-01	
9.5434081e-01	
9.5527465e-01	
9.5619905e-01	
9.5711402e-01	
9.5801954e-01	
9.5891561e-01	
9.5980221e-01	
9.6067933e-01	
9.6154697e-01	
9.6240512e-01	
9.6325376e-01	
9.6409290e-01	
9.6492252e-01	
9.6574262e-01	
9.6655318e-01	
9.6735420e-01	
9.6814567e-01	
9.6892759e-01	
9.6969994e-01	
9.7046272e-01	
9.7121591e-01	
9.7195952e-01	
9.7269354e-01	
9.7341795e-01	
9.7413276e-01	
9.7483794e-01	
9.7553351e-01	
9.7621944e-01	
9.7689574e-01	
9.7756239e-01	
9.7821940e-01	
9.7886675e-01	
9.7950443e-01	
9.8013245e-01	
9.8075079e-01	
9.8135944e-01	
9.8195842e-01	
9.8254769e-01	
9.8312727e-01	
9.8369714e-01	
9.8425731e-01	
9.8480775e-01	
9.8534848e-01	
9.8587948e-01	
9.8640074e-01	
9.8691227e-01	
9.8741406e-01	
9.8790609e-01	
9.8838838e-01	
9.8886091e-01	
9.8932368e-01	
9.8977668e-01	
9.9021991e-01	
9.9065337e-01	
9.9107704e-01	
9.9149094e-01	
9.9189504e-01	
9.9228936e-01	
9.9267387e-01	
9.9304859e-01	
9.9341351e-01	
9.9376862e-01	
9.9411392e-01	
9.9444941e-01	
9.9477508e-01	
9.9509092e-01	
9.9539695e-01	
9.9569315e-01	
9.9597952e-01	
9.9625606e-01	
9.9652277e-01	
9.9677963e-01	
9.9702666e-01	
9.9726385e-01	
9.9749119e-01	
9.9770868e-01	
9.9791633e-01	
9.9811412e-01	
9.9830206e-01	
9.9848015e-01	
9.9864838e-01	
9.9880675e-01	
9.9895526e-01	
9.9909391e-01	
9.9922270e-01	
9.9934163e-01	
9.9945068e-01	
9.9954988e-01	
9.9963920e-01	
9.9971866e-01	
9.9978825e-01	
9.9984797e-01	
9.9989782e-01	
9.9993780e-01	
9.9996791e-01	
9.9998814e-01	
9.9999851e-01	
9.9999900e-01	
9.9998962e-01	
9.9997037e-01	
9.9994125e-01	
9.9990226e-01	
9.9985340e-01	
9.9979467e-01	
9.9972606e-01	
9.9964759e-01	
9.9955925e-01	
9.9946105e-01	
9.9935298e-01	
9.9923504e-01	
9.9910724e-01	
9.9896957e-01	
9.9882205e-01	
9.9866466e-01	
9.9849742e-01	
9.9832032e-01	
9.9813336e-01	
9.9793655e-01	
9.9772989e-01	
9.9751338e-01	
9.9728702e-01	
9.9705082e-01	
9.9680478e-01	
9.9654890e-01	
9.9628318e-01	
9.9600762e-01	
9.9572223e-01	
9.9542701e-01	
9.9512197e-01	
9.9480710e-01	
9.9448241e-01	
9.9414791e-01	
9.9380359e-01	
9.9344946e-01	
9.9308553e-01	
9.9271179e-01	
9.9232825e-01	
9.9193491e-01	
9.9153179e-01	
9.9111887e-01	
9.9069617e-01	
9.9026370e-01	
9.8982144e-01	
9.8936942e-01	
9.8890763e-01	
9.8843607e-01	
9.8795476e-01	
9.8746370e-01	
9.8696289e-01	
9.8645233e-01	
9.8593204e-01	
9.8540202e-01	
9.8486226e-01	
9.8431279e-01	
9.8375360e-01	
9.8318470e-01	
9.8260609e-01	
9.8201778e-01	
9.8141978e-01	
9.8081209e-01	
9.8019472e-01	
9.7956767e-01	
9.7893095e-01	
9.7828457e-01	
9.7762853e-01	
9.7696284e-01	
9.7628751e-01	
9.7560253e-01	
9.7490793e-01	
9.7420371e-01	
9.7348986e-01	
9.7276641e-01	
9.7203336e-01	
9.7129071e-01	
9.7053847e-01	
9.6977665e-01	
9.6900525e-01	
9.6822430e-01	
9.6743378e-01	
9.6663371e-01	
9.6582410e-01	
9.6500496e-01	
9.6417629e-01	
9.6333810e-01	
9.6249041e-01	
9.6163321e-01	
9.6076652e-01	
9.5989034e-01	
9.5900469e-01	
9.5810958e-01	
9.5720500e-01	
9.5629098e-01	
9.5536751e-01	
9.5443462e-01	
9.5349230e-01	
9.5254057e-01	
9.5157943e-01	
9.5060891e-01	
9.4962900e-01	
9.4863971e-01	
9.4764106e-01	
9.4663306e-01	
9.4561571e-01	
9.4458903e-01	
9.4355302e-01	
9.4250769e-01	
9.4145307e-01	
9.4038915e-01	
9.3931594e-01	
9.3823347e-01	
9.3714173e-01	
9.3604074e-01	
9.3493051e-01	
9.3381105e-01	
9.3268238e-01	
9.3154449e-01	
9.3039742e-01	
9.2924115e-01	
9.2807571e-01	
9.2690112e-01	
9.2571737e-01	
9.2452448e-01	
9.2332247e-01	
9.2211134e-01	
9.2089111e-01	
9.1966179e-01	
9.1842339e-01	
9.1717592e-01	
9.1591940e-01	
9.1465384e-01	
9.1337925e-01	
9.1209564e-01	
9.1080303e-01	
9.0950143e-01	
9.0819085e-01	
9.0687131e-01	
9.0554281e-01	
9.0420537e-01	
9.0285901e-01	
9.0150373e-01	
9.0013956e-01	
8.9876650e-01	
8.9738457e-01	
8.9599377e-01	
8.9459414e-01	
8.9318567e-01	
8.9176839e-01	
8.9034230e-01	
8.8890742e-01	
8.8746377e-01	
8.8601136e-01	
8.8455020e-01	
8.8308031e-01	
8.8160170e-01	
8.8011439e-01	
8.7861839e-01	
8.7711372e-01	
8.7560039e-01	
8.7407842e-01	
8.7254782e-01	
8.7100860e-01	
8.6946079e-01	
8.6790439e-01	
8.6633942e-01	
8.6476591e-01	
8.6318385e-01	
8.6159328e-01	
8.5999420e-01	
8.5838663e-01	
8.5677059e-01	
8.5514609e-01	
8.5351314e-01	
8.5187178e-01	
8.5022200e-01	
8.4856383e-01	
8.4689728e-01	
8.4522238e-01	
8.4353913e-01	
8.4184755e-01	
8.4014766e-01	
8.3843948e-01	
8.3672302e-01	
8.3499830e-01	
8.3326534e-01	
8.3152416e-01	
8.2977476e-01	
8.2801718e-01	
8.2625142e-01	
8.2447750e-01	
8.2269545e-01	
8.2090527e-01	
8.1910699e-01	
8.1730062e-01	
8.1548619e-01	
8.1366370e-01	
8.1183319e-01	
8.0999466e-01	
8.0814813e-01	
8.0629363e-01	
8.0443117e-01	
8.0256076e-01	
8.0068243e-01	
7.9879620e-01	
7.9690209e-01	
7.9500010e-01	
7.9309027e-01	
7.9117261e-01	
7.8924714e-01	
7.8731388e-01	
7.8537285e-01	
7.8342406e-01	
7.8146754e-01	
7.7950331e-01	
7.7753138e-01	
7.7555178e-01	
7.7356452e-01	
7.7156962e-01	
7.6956711e-01	
7.6755700e-01	
7.6553931e-01	
7.6351407e-01	
7.6148129e-01	
7.5944099e-01	
7.5739319e-01	
7.5533792e-01	
7.5327519e-01	
7.5120503e-01	
7.4912745e-01	
7.4704248e-01	
7.4495013e-01	
7.4285043e-01	
7.4074339e-01	
7.3862904e-01	
7.3650740e-01	
7.3437849e-01	
7.3224233e-01	
7.3009894e-01	
7.2794835e-01	
7.2579057e-01	
7.2362562e-01	
7.2145353e-01	
7.1927432e-01	
7.1708801e-01	
7.1489462e-01	
7.1269417e-01	
7.1048669e-01	
7.0827219e-01	
7.0605070e-01	
7.0382225e-01	
7.0158684e-01	
6.9934451e-01	
6.9709527e-01	
6.9483916e-01	
6.9257618e-01	
6.9030637e-01	
6.8802974e-01	
6.8574632e-01	
6.8345613e-01	
6.8115920e-01	
6.7885554e-01	
6.7654518e-01	
6.7422814e-01	
6.7190444e-01	
6.6957412e-01	
6.6723718e-01	
6.6489366e-01	
6.6254357e-01	
6.6018694e-01	
6.5782379e-01	
6.5545416e-01	
6.5307805e-01	
6.5069549e-01	
6.4830651e-01	
6.4591113e-01	
6.4350938e-01	
6.4110127e-01	
6.3868683e-01	
6.3626609e-01	
6.3383907e-01	
6.3140579e-01	
6.2896628e-01	
6.2652056e-01	
6.2406865e-01	
6.2161058e-01	
6.1914638e-01	
6.1667607e-01	
6.1419966e-01	
6.1171720e-01	
6.0922869e-01	
6.0673418e-01	
6.0423367e-01	
6.0172720e-01	
5.9921478e-01	
5.9669646e-01	
5.9417224e-01	
5.9164216e-01	
5.8910623e-01	
5.8656449e-01	
5.8401696e-01	
5.8146367e-01	
5.7890464e-01	
5.7633989e-01	
5.7376945e-01	
5.7119335e-01	
5.6861160e-01	
5.6602425e-01	
5.6343131e-01	
5.6083280e-01	
5.5822877e-01	
5.5561921e-01	
5.5300418e-01	
5.5038368e-01	
5.4775776e-01	
5.4512642e-01	
5.4248971e-01	
5.3984764e-01	
5.3720023e-01	
5.3454753e-01	
5.3188955e-01	
5.2922632e-01	
5.2655787e-01	
5.2388421e-01	
5.2120539e-01	
5.1852142e-01	
5.1583233e-01	
5.1313815e-01	
5.1043890e-01	
5.0773462e-01	
5.0502532e-01	
5.0231104e-01	
4.9959180e-01	
4.9686763e-01	
4.9413855e-01	
4.9140459e-01	
4.8866579e-01	
4.8592216e-01	
4.8317373e-01	
4.8042053e-01	
4.7766259e-01	
4.7489994e-01	
4.7213260e-01	
4.6936059e-01	
4.6658396e-01	
4.6380271e-01	
4.6101689e-01	
4.5822652e-01	
4.5543163e-01	
4.5263224e-01	
4.4982838e-01	
4.4702008e-01	
4.4420736e-01	
4.4139027e-01	
4.3856881e-01	
4.3574303e-01	
4.3291294e-01	
4.3007858e-01	
4.2723998e-01	
4.2439715e-01	
4.2155014e-01	
4.1869897e-01	
4.1584366e-01	
4.1298425e-01	
4.1012076e-01	
4.0725323e-01	
4.0438167e-01	
4.0150612e-01	
3.9862661e-01	
3.9574316e-01	
3.9285581e-01	
3.8996458e-01	
3.8706949e-01	
3.8417059e-01	
3.8126790e-01	
3.7836144e-01	
3.7545124e-01	
3.7253734e-01	
3.6961977e-01	
3.6669854e-01	
3.6377369e-01	
3.6084526e-01	
3.5791326e-01	
3.5497773e-01	
3.5203869e-01	
3.4909618e-01	
3.4615022e-01	
3.4320084e-01	
3.4024808e-01	
3.3729196e-01	
3.3433251e-01	
3.3136976e-01	
3.2840373e-01	
3.2543447e-01	
3.2246199e-01	
3.1948633e-01	
3.1650752e-01	
3.1352558e-01	
3.1054054e-01	
3.0755244e-01	
3.0456131e-01	
3.0156717e-01	
2.9857005e-01	
2.9556998e-01	
2.9256700e-01	
2.8956113e-01	
2.8655240e-01	
2.8354084e-01	
2.8052648e-01	
2.7750935e-01	
2.7448949e-01	
2.7146691e-01	
2.6844165e-01	
2.6541375e-01	
2.6238322e-01	
2.5935010e-01	
2.5631443e-01	
2.5327622e-01	
2.5023551e-01	
2.4719234e-01	
2.4414672e-01	
2.4109869e-01	
2.3804828e-01	
2.3499553e-01	
2.3194045e-01	
2.2888308e-01	
2.2582346e-01	
2.2276160e-01	
2.1969755e-01	
2.1663132e-01	
2.1356296e-01	
2.1049249e-01	
2.0741994e-01	
2.0434535e-01	
2.0126874e-01	
1.9819014e-01	
1.9510958e-01	
1.9202710e-01	
1.8894272e-01	
1.8585648e-01	
1.8276840e-01	
1.7967852e-01	
1.7658687e-01	
1.7349347e-01	
1.7039836e-01	
1.6730156e-01	
1.6420312e-01	
1.6110305e-01	
1.5800140e-01	
1.5489818e-01	
1.5179344e-01	
1.4868719e-01	
1.4557948e-01	
1.4247033e-01	
1.3935978e-01	
1.3624785e-01	
1.3313457e-01	
1.3001998e-01	
1.2690411e-01	
1.2378698e-01	
1.2066864e-01	
1.1754910e-01	
1.1442840e-01	
1.1130657e-01	
1.0818364e-01	
1.0505965e-01	
1.0193461e-01	
9.8808575e-02	
9.5681561e-02	
9.2553602e-02	
8.9424729e-02	
8.6294974e-02	
8.3164367e-02	
8.0032939e-02	
7.6900720e-02	
7.3767743e-02	
7.0634038e-02	
6.7499635e-02	
6.4364566e-02	
6.1228861e-02	
5.8092552e-02	
5.4955670e-02	
5.1818245e-02	
4.8680309e-02	
4.5541892e-02	
4.2403025e-02	
3.9263740e-02	
3.6124067e-02	
3.2984038e-02	
2.9843683e-02	
2.6703034e-02	
2.3562121e-02	
2.0420975e-02	
1.7279628e-02	
1.4138110e-02	
1.0996452e-02	
7.8546863e-03	
4.7128428e-03	
1.5709528e-03	
-1.5709528e-03	
-4.7128428e-03	
-7.8546863e-03	
-1.0996452e-02	
-1.4138110e-02	
-1.7279628e-02	
-2.0420975e-02	
-2.3562121e-02	
-2.6703034e-02	
-2.9843683e-02	
-3.2984038e-02	
-3.6124067e-02	
-3.9263740e-02	
-4.2403025e-02	
-4.5541892e-02	
-4.8680309e-02	
-5.1818245e-02	
-5.4955670e-02	
-5.8092552e-02	
-6.1228861e-02	
-6.4364566e-02	
-6.7499635e-02	
-7.0634038e-02	
-7.3767743e-02	
-7.6900720e-02	
-8.0032939e-02	
-8.3164367e-02	
-8.6294974e-02	
-8.9424729e-02	
-9.2553602e-02	
-9.5681561e-02	
-9.8808575e-02	
-1.0193461e-01	
-1.0505965e-01	
-1.0818364e-01	
-1.1130657e-01	
-1.1442840e-01	
-1.1754910e-01	
-1.2066864e-01	
-1.2378698e-01	
-1.2690411e-01	
-1.3001998e-01	
-1.3313457e-01	
-1.3624785e-01	
-1.3935978e-01	
-1.4247033e-01	
-1.4557948e-01	
-1.4868719e-01	
-1.5179344e-01	
-1.5489818e-01	
-1.5800140e-01	
-1.6110305e-01	
-1.6420312e-01	
-1.6730156e-01	
-1.7039836e-01	
-1.7349347e-01	
-1.7658687e-01	
-1.7967852e-01	
-1.8276840e-01	
-1.8585648e-01	
-1.8894272e-01	
-1.9202710e-01	
-1.9510958e-01	
-1.9819014e-01	
-2.0126874e-01	
-2.0434535e-01	
-2.0741994e-01	
-2.1049249e-01	
-2.1356296e-01	
-2.1663132e-01	
-2.1969755e-01	
-2.2276160e-01	
-2.2582346e-01	
-2.2888308e-01	
-2.3194045e-01	
-2.3499553e-01	
-2.3804828e-01	
-2.4109869e-01	
-2.4414672e-01	
-2.4719234e-01	
-2.5023551e-01	
-2.5327622e-01	
-2.5631443e-01	
-2.5935010e-01	
-2.6238322e-01	
-2.6541375e-01	
-2.6844165e-01	
-2.7146691e-01	
-2.7448949e-01	
-2.7750935e-01	
-2.8052648e-01	
-2.8354084e-01	
-2.8655240e-01	
-2.8956113e-01	
-2.9256700e-01	
-2.9556998e-01	
-2.9857005e-01	
-3.0156717e-01	
-3.0456131e-01	
-3.0755244e-01	
-3.1054054e-01	
-3.1352558e-01	
-3.1650752e-01	
-3.1948633e-01	
-3.2246199e-01	
-3.2543447e-01	
-3.2840373e-01	
-3.3136976e-01	
-3.3433251e-01	
-3.3729196e-01	
-3.4024808e-01	
-3.4320084e-01	
-3.4615022e-01	
-3.4909618e-01	
-3.5203869e-01	
-3.5497773e-01	
-3.5791326e-01	
-3.6084526e-01	
-3.6377369e-01	
-3.6669854e-01	
-3.6961977e-01	
-3.7253734e-01	
-3.7545124e-01	
-3.7836144e-01	
-3.8126790e-01	
-3.8417059e-01	
-3.8706949e-01	
-3.8996458e-01	
-3.9285581e-01	
-3.9574316e-01	
-3.9862661e-01	
-4.0150612e-01	
-4.0438167e-01	
-4.0725323e-01	
-4.1012076e-01	
-4.1298425e-01	
-4.1584366e-01	
-4.1869897e-01	
-4.2155014e-01	
-4.2439715e-01	
-4.2723998e-01	
-4.3007858e-01	
-4.3291294e-01	
-4.3574303e-01	
-4.3856881e-01	
-4.4139027e-01	
-4.4420736e-01	
-4.4702008e-01	
-4.4982838e-01	
-4.5263224e-01	
-4.5543163e-01	
-4.5822652e-01	
-4.6101689e-01	
-4.6380271e-01	
-4.6658396e-01	
-4.6936059e-01	
-4.7213260e-01	
-4.7489994e-01	
-4.7766259e-01	
-4.8042053e-01	
-4.8317373e-01	
-4.8592216e-01	
-4.8866579e-01	
-4.9140459e-01	
-4.9413855e-01	
-4.9686763e-01	
-4.9959180e-01	
-5.0231104e-01	
-5.0502532e-01	
-5.0773462e-01	
-5.1043890e-01	
-5.1313815e-01	
-5.1583233e-01	
-5.1852142e-01	
-5.2120539e-01	
-5.2388421e-01	
-5.2655787e-01	
-5.2922632e-01	
-5.3188955e-01	
-5.3454753e-01	
-5.3720023e-01	
-5.3984764e-01	
-5.4248971e-01	
-5.4512642e-01	
-5.4775776e-01	
-5.5038368e-01	
-5.5300418e-01	
-5.5561921e-01	
-5.5822877e-01	
-5.6083280e-01	
-5.6343131e-01	
-5.6602425e-01	
-5.6861160e-01	
-5.7119335e-01	
-5.7376945e-01	
-5.7633989e-01	
-5.7890464e-01	
-5.8146367e-01	
-5.8401696e-01	
-5.8656449e-01	
-5.8910623e-01	
-5.9164216e-01	
-5.9417224e-01	
-5.9669646e-01	
-5.9921478e-01	
-6.0172720e-01	
-6.0423367e-01	
-6.0673418e-01	
-6.0922869e-01	
-6.1171720e-01	
-6.1419966e-01	
-6.1667607e-01	
-6.1914638e-01	
-6.2161058e-01	
-6.2406865e-01	
-6.2652056e-01	
-6.2896628e-01	
-6.3140579e-01	
-6.3383907e-01	
-6.3626609e-01	
-6.3868683e-01	
-6.4110127e-01	
-6.4350938e-01	
-6.4591113e-01	
-6.4830651e-01	
-6.5069549e-01	
-6.5307805e-01	
-6.5545416e-01	
-6.5782379e-01	
-6.6018694e-01	
-6.6254357e-01	
-6.6489366e-01	
-6.6723718e-01	
-6.6957412e-01	
-6.7190444e-01	
-6.7422814e-01	
-6.7654518e-01	
-6.7885554e-01	
-6.8115920e-01	
-6.8345613e-01	
-6.8574632e-01	
-6.8802974e-01	
-6.9030637e-01	
-6.9257618e-01	
-6.9483916e-01	
-6.9709527e-01	
-6.9934451e-01	
-7.0158684e-01	
-7.0382225e-01	
-7.0605070e-01	
-7.0827219e-01	
-7.1048669e-01	
-7.1269417e-01	
-7.1489462e-01	
-7.1708801e-01	
-7.1927432e-01	
-7.2145353e-01	
-7.2362562e-01	
-7.2579057e-01	
-7.2794835e-01	
-7.3009894e-01	
-7.3224233e-01	
-7.3437849e-01	
-7.3650740e-01	
-7.3862904e-01	
-7.4074339e-01	
-7.4285043e-01	
-7.4495013e-01	
-7.4704248e-01	
-7.4912745e-01	
-7.5120503e-01	
-7.5327519e-01	
-7.5533792e-01	
-7.5739319e-01	
-7.5944099e-01	
-7.6148129e-01	
-7.6351407e-01	
-7.6553931e-01	
-7.6755700e-01	
-7.6956711e-01	
-7.7156962e-01	
-7.7356452e-01	
-7.7555178e-01	
-7.7753138e-01	
-7.7950331e-01	
-7.8146754e-01	
-7.8342406e-01	
-7.8537285e-01	
-7.8731388e-01	
-7.8924714e-01	
-7.9117261e-01	
-7.9309027e-01	
-7.9500010e-01	
-7.9690209e-01	
-7.9879620e-01	
-8.0068243e-01	
-8.0256076e-01	
-8.0443117e-01	
-8.0629363e-01	
-8.0814813e-01	
-8.0999466e-01	
-8.1183319e-01	
-8.1366370e-01	
-8.1548619e-01	
-8.1730062e-01	
-8.1910699e-01	
-8.2090527e-01	
-8.2269545e-01	
-8.2447750e-01	
-8.2625142e-01	
-8.2801718e-01	
-8.2977476e-01	
-8.3152416e-01	
-8.3326534e-01	
-8.3499830e-01	
-8.3672302e-01	
-8.3843948e-01	
-8.4014766e-01	
-8.4184755e-01	
-8.4353913e-01	
-8.4522238e-01	
-8.4689728e-01	
-8.4856383e-01	
-8.5022200e-01	
-8.5187178e-01	
-8.5351314e-01	
-8.5514609e-01	
-8.5677059e-01	
-8.5838663e-01	
-8.5999420e-01	
-8.6159328e-01	
-8.6318385e-01	
-8.6476591e-01	
-8.6633942e-01	
-8.6790439e-01	
-8.6946079e-01	
-8.7100860e-01	
-8.7254782e-01	
-8.7407842e-01	
-8.7560039e-01	
-8.7711372e-01	
-8.7861839e-01	
-8.8011439e-01	
-8.8160170e-01	
-8.8308031e-01	
-8.8455020e-01	
-8.8601136e-01	
-8.8746377e-01	
-8.8890742e-01	
-8.9034230e-01	
-8.9176839e-01	
-8.9318567e-01	
-8.9459414e-01	
-8.9599377e-01	
-8.9738457e-01	
-8.9876650e-01	
-9.0013956e-01	
-9.0150373e-01	
-9.0285901e-01	
-9.0420537e-01	
-9.0554281e-01	
-9.0687131e-01	
-9.0819085e-01	
-9.0950143e-01	
-9.1080303e-01	
-9.1209564e-01	
-9.1337925e-01	
-9.1465384e-01	
-9.1591940e-01	
-9.1717592e-01	
-9.1842339e-01	
-9.1966179e-01	
-9.2089111e-01	
-9.2211134e-01	
-9.2332247e-01	
-9.2452448e-01	
-9.2571737e-01	
-9.2690112e-01	
-9.2807571e-01	
-9.2924115e-01	
-9.3039742e-01	
-9.3154449e-01	
-9.3268238e-01	
-9.3381105e-01	
-9.3493051e-01	
-9.3604074e-01	
-9.3714173e-01	
-9.3823347e-01	
-9.3931594e-01	
-9.4038915e-01	
-9.4145307e-01	
-9.4250769e-01	
-9.4355302e-01	
-9.4458903e-01	
-9.4561571e-01	
-9.4663306e-01	
-9.4764106e-01	
-9.4863971e-01	
-9.4962900e-01	
-9.5060891e-01	
-9.5157943e-01	
-9.5254057e-01	
-9.5349230e-01	
-9.5443462e-01	
-9.5536751e-01	
-9.5629098e-01	
-9.5720500e-01	
-9.5810958e-01	
-9.5900469e-01	
-9.5989034e-01	
-9.6076652e-01	
-9.6163321e-01	
-9.6249041e-01	
-9.6333810e-01	
-9.6417629e-01	
-9.6500496e-01	
-9.6582410e-01	
-9.6663371e-01	
-9.6743378e-01	
-9.6822430e-01	
-9.6900525e-01	
-9.6977665e-01	
-9.7053847e-01	
-9.7129071e-01	
-9.7203336e-01	
-9.7276641e-01	
-9.7348986e-01	
-9.7420371e-01	
-9.7490793e-01	
-9.7560253e-01	
-9.7628751e-01	
-9.7696284e-01	
-9.7762853e-01	
-9.7828457e-01	
-9.7893095e-01	
-9.7956767e-01	
-9.8019472e-01	
-9.8081209e-01	
-9.8141978e-01	
-9.8201778e-01	
-9.8260609e-01	
-9.8318470e-01	
-9.8375360e-01	
-9.8431279e-01	
-9.8486226e-01	
-9.8540202e-01	
-9.8593204e-01	
-9.8645233e-01	
-9.8696289e-01	
-9.8746370e-01	
-9.8795476e-01	
-9.8843607e-01	
-9.8890763e-01	
-9.8936942e-01	
-9.8982144e-01	
-9.9026370e-01	
-9.9069617e-01	
-9.9111887e-01	
-9.9153179e-01	
-9.9193491e-01	
-9.9232825e-01	
-9.9271179e-01	
-9.9308553e-01	
-9.9344946e-01	
-9.9380359e-01	
-9.9414791e-01	
-9.9448241e-01	
-9.9480710e-01	
-9.9512197e-01	
-9.9542701e-01	
-9.9572223e-01	
-9.9600762e-01	
-9.9628318e-01	
-9.9654890e-01	
-9.9680478e-01	
-9.9705082e-01	
-9.9728702e-01	
-9.9751338e-01	
-9.9772989e-01	
-9.9793655e-01	
-9.9813336e-01	
-9.9832032e-01	
-9.9849742e-01	
-9.9866466e-01	
-9.9882205e-01	
-9.9896957e-01	
-9.9910724e-01	
-9.9923504e-01	
-9.9935298e-01	
-9.9946105e-01	
-9.9955925e-01	
-9.9964759e-01	
-9.9972606e-01	
-9.9979467e-01	
-9.9985340e-01	
-9.9990226e-01	
-9.9994125e-01	
-9.9997037e-01	
-9.9998962e-01	
-9.9999900e-01	
-9.9999851e-01	
-9.9998814e-01	
-9.9996791e-01	
-9.9993780e-01	
-9.9989782e-01	
-9.9984797e-01	
-9.9978825e-01	
-9.9971866e-01	
-9.9963920e-01	
-9.9954988e-01	
-9.9945068e-01	
-9.9934163e-01	
-9.9922270e-01	
-9.9909391e-01	
-9.9895526e-01	
-9.9880675e-01	
-9.9864838e-01	
-9.9848015e-01	
-9.9830206e-01	
-9.9811412e-01	
-9.9791633e-01	
-9.9770868e-01	
-9.9749119e-01	
-9.9726385e-01	
-9.9702666e-01	
-9.9677963e-01	
-9.9652277e-01	
-9.9625606e-01	
-9.9597952e-01	
-9.9569315e-01	
-9.9539695e-01	
-9.9509092e-01	
-9.9477508e-01	
-9.9444941e-01	
-9.9411392e-01	
-9.9376862e-01	
-9.9341351e-01	
-9.9304859e-01	
-9.9267387e-01	
-9.9228936e-01	
-9.9189504e-01	
-9.9149094e-01	
-9.9107704e-01	
-9.9065337e-01	
-9.9021991e-01	
-9.8977668e-01	
-9.8932368e-01	
-9.8886091e-01	
-9.8838838e-01	
-9.8790609e-01	
-9.8741406e-01	
-9.8691227e-01	
-9.8640074e-01	
-9.8587948e-01	
-9.8534848e-01	
-9.8480775e-01	
-9.8425731e-01	
-9.8369714e-01	
-9.8312727e-01	
-9.8254769e-01	
-9.8195842e-01	
-9.8135944e-01	
-9.8075079e-01	
-9.8013245e-01	
-9.7950443e-01	
-9.7886675e-01	
-9.7821940e-01	
-9.7756239e-01	
-9.7689574e-01	
-9.7621944e-01	
-9.7553351e-01	
-9.7483794e-01	
-9.7413276e-01	
-9.7341795e-01	
-9.7269354e-01	
-9.7195952e-01	
-9.7121591e-01	
-9.7046272e-01	
-9.6969994e-01	
-9.6892759e-01	
-9.6814567e-01	
-9.6735420e-01	
-9.6655318e-01	
-9.6574262e-01	
-9.6492252e-01	
-9.6409290e-01	
-9.6325376e-01	
-9.6240512e-01	
-9.6154697e-01	
-9.6067933e-01	
-9.5980221e-01	
-9.5891561e-01	
-9.5801954e-01	
-9.5711402e-01	
-9.5619905e-01	
-9.5527465e-01	
-9.5434081e-01	
-9.5339755e-01	
-9.5244488e-01	
-9.5148280e-01	
-9.5051134e-01	
-9.4953049e-01	
-9.4854027e-01	
-9.4754068e-01	
-9.4653174e-01	
-9.4551346e-01	
-9.4448584e-01	
-9.4344890e-01	
-9.4240265e-01	
-9.4134709e-01	
-9.4028224e-01	
-9.3920811e-01	
-9.3812471e-01	
-9.3703205e-01	
-9.3593013e-01	
-9.3481898e-01	
-9.3369860e-01	
-9.3256900e-01	
-9.3143020e-01	
-9.3028220e-01	
-9.2912502e-01	
-9.2795867e-01	
-9.2678315e-01	
-9.2559849e-01	
-9.2440469e-01	
-9.2320176e-01	
-9.2198973e-01	
-9.2076859e-01	
-9.1953836e-01	
-9.1829905e-01	
-9.1705068e-01	
-9.1579325e-01	
-9.1452679e-01	
-9.1325130e-01	
-9.1196679e-01	
-9.1067328e-01	
-9.0937078e-01	
-9.0805930e-01	
-9.0673886e-01	
-9.0540947e-01	
-9.0407114e-01	
-9.0272388e-01	
-9.0136772e-01	
-9.0000265e-01	
-8.9862870e-01	
-8.9724588e-01	
-8.9585421e-01	
-8.9445369e-01	
-8.9304434e-01	
-8.9162617e-01	
-8.9019921e-01	
-8.8876345e-01	
-8.8731892e-01	
-8.8586564e-01	
-8.8440360e-01	
-8.8293284e-01	
-8.8145336e-01	
-8.7996518e-01	
-8.7846832e-01	
-8.7696278e-01	
-8.7544858e-01	
-8.7392575e-01	
-8.7239428e-01	
-8.7085420e-01	
-8.6930553e-01	
-8.6774828e-01	
-8.6618246e-01	
-8.6460809e-01	
-8.6302518e-01	
-8.6143375e-01	
-8.5983382e-01	
-8.5822541e-01	
-8.5660852e-01	
-8.5498317e-01	
-8.5334939e-01	
-8.5170718e-01	
-8.5005656e-01	
-8.4839755e-01	
-8.4673017e-01	
-8.4505443e-01	
-8.4337034e-01	
-8.4167793e-01	
-8.3997722e-01	
-8.3826821e-01	
-8.3655092e-01	
-8.3482538e-01	
-8.3309159e-01	
-8.3134959e-01	
-8.2959937e-01	
-8.2784097e-01	
-8.2607439e-01	
-8.2429966e-01	
-8.2251679e-01	
-8.2072581e-01	
-8.1892672e-01	
-8.1711954e-01	
-8.1530430e-01	
-8.1348101e-01	
-8.1164970e-01	
-8.0981037e-01	
-8.0796304e-01	
-8.0610774e-01	
-8.0424448e-01	
-8.0237328e-01	
-8.0049417e-01	
-7.9860715e-01	
-7.9671224e-01	
-7.9480947e-01	
-7.9289886e-01	
-7.9098042e-01	
-7.8905417e-01	
-7.8712013e-01	
-7.8517832e-01	
-7.8322876e-01	
-7.8127147e-01	
-7.7930646e-01	
-7.7733377e-01	
-7.7535340e-01	
-7.7336537e-01	
-7.7136971e-01	
-7.6936644e-01	
-7.6735557e-01	
-7.6533713e-01	
-7.6331113e-01	
-7.6127760e-01	
-7.5923655e-01	
-7.5718800e-01	
-7.5513199e-01	
-7.5306851e-01	
-7.5099761e-01	
-7.4891929e-01	
-7.4683357e-01	
-7.4474049e-01	
-7.4264005e-01	
-7.4053228e-01	
-7.3841720e-01	
-7.3629484e-01	
-7.3416520e-01	
-7.3202832e-01	
-7.2988421e-01	
-7.2773289e-01	
-7.2557439e-01	
-7.2340873e-01	
-7.2123593e-01	
-7.1905601e-01	
-7.1686899e-01	
-7.1467489e-01	
-7.1247374e-01	
-7.1026555e-01	
-7.0805036e-01	
-7.0582817e-01	
-7.0359902e-01	
-7.0136292e-01	
-6.9911990e-01	
-6.9686997e-01	
-6.9461317e-01	
-6.9234951e-01	
-6.9007901e-01	
-6.8780170e-01	
-6.8551761e-01	
-6.8322674e-01	
-6.8092913e-01	
-6.7862480e-01	
-6.7631377e-01	
-6.7399607e-01	
-6.7167171e-01	
-6.6934072e-01	
-6.6700312e-01	
-6.6465894e-01	
-6.6230820e-01	
-6.5995092e-01	
-6.5758712e-01	
-6.5521684e-01	
-6.5284008e-01	
-6.5045688e-01	
-6.4806726e-01	
-6.4567124e-01	
-6.4326885e-01	
-6.4086011e-01	
-6.3844504e-01	
-6.3602367e-01	
-6.3359602e-01	
-6.3116212e-01	
-6.2872198e-01	
-6.2627564e-01	
-6.2382312e-01	
-6.2136444e-01	
-6.1889962e-01	
-6.1642870e-01	
-6.1395169e-01	
-6.1146862e-01	
-6.0897951e-01	
-6.0648439e-01	
-6.0398329e-01	
-6.0147622e-01	
-5.9896322e-01	
-5.9644430e-01	
-5.9391949e-01	
-5.9138883e-01	
-5.8885232e-01	
-5.8631000e-01	
-5.8376189e-01	
-5.8120802e-01	
-5.7864842e-01	
-5.7608310e-01	
-5.7351209e-01	
-5.7093542e-01	
-5.6835312e-01	
-5.6576521e-01	
-5.6317171e-01	
-5.6057265e-01	
-5.5796806e-01	
-5.5535796e-01	
-5.5274238e-01	
-5.5012134e-01	
-5.4749487e-01	
-5.4486299e-01	
-5.4222574e-01	
-5.3958313e-01	
-5.3693520e-01	
-5.3428197e-01	
-5.3162346e-01	
-5.2895971e-01	
-5.2629073e-01	
-5.2361656e-01	
-5.2093722e-01	
-5.1825274e-01	
-5.1556314e-01	
-5.1286845e-01	
-5.1016870e-01	
-5.0746391e-01	
-5.0475412e-01	
-5.0203934e-01	
-4.9931960e-01	
-4.9659494e-01	
-4.9386537e-01	
-4.9113093e-01	
-4.8839164e-01	
-4.8564753e-01	
-4.8289862e-01	
-4.8014495e-01	
-4.7738654e-01	
-4.7462342e-01	
-4.7185561e-01	
-4.6908314e-01	
-4.6630604e-01	
-4.6352434e-01	
-4.6073806e-01	
-4.5794724e-01	
-4.5515189e-01	
-4.5235205e-01	
-4.4954775e-01	
-4.4673900e-01	
-4.4392585e-01	
-4.4110832e-01	
-4.3828643e-01	
-4.3546021e-01	
-4.3262970e-01	
-4.2979491e-01	
-4.2695588e-01	
-4.2411264e-01	
-4.2126521e-01	
-4.1841362e-01	
-4.1555791e-01	
-4.1269809e-01	
-4.0983419e-01	
-4.0696625e-01	
-4.0409429e-01	
-4.0121835e-01	
-3.9833844e-01	
-3.9545460e-01	
-3.9256686e-01	
-3.8967524e-01	
-3.8677978e-01	
-3.8388049e-01	
-3.8097742e-01	
-3.7807059e-01	
-3.7516002e-01	
-3.7224575e-01	
-3.6932781e-01	
-3.6640622e-01	
-3.6348101e-01	
-3.6055222e-01	
-3.5761986e-01	
-3.5468398e-01	
-3.5174459e-01	
-3.4880174e-01	
-3.4585543e-01	
-3.4290572e-01	
-3.3995262e-01	
-3.3699616e-01	
-3.3403638e-01	
-3.3107330e-01	
-3.2810695e-01	
-3.2513736e-01	
-3.2216457e-01	
-3.1918859e-01	
-3.1620946e-01	
-3.1322721e-01	
-3.1024187e-01	
-3.0725347e-01	
-3.0426203e-01	
-3.0126759e-01	
-2.9827017e-01	
-2.9526982e-01	
-2.9226654e-01	
-2.8926038e-01	
-2.8625137e-01	
-2.8323953e-01	
-2.8022489e-01	
-2.7720749e-01	
-2.7418735e-01	
-2.7116450e-01	
-2.6813898e-01	
-2.6511081e-01	
-2.6208003e-01	
-2.5904665e-01	
-2.5601072e-01	
-2.5297226e-01	
-2.4993131e-01	
-2.4688788e-01	
-2.4384203e-01	
-2.4079376e-01	
-2.3774311e-01	
-2.3469012e-01	
-2.3163482e-01	
-2.2857722e-01	
-2.2551737e-01	
-2.2245529e-01	
-2.1939102e-01	
-2.1632458e-01	
-2.1325601e-01	
-2.1018533e-01	
-2.0711258e-01	
-2.0403778e-01	
-2.0096097e-01	
-1.9788217e-01	
-1.9480142e-01	
-1.9171875e-01	
-1.8863418e-01	
-1.8554775e-01	
-1.8245949e-01	
-1.7936943e-01	
-1.7627760e-01	
-1.7318403e-01	
-1.7008875e-01	
-1.6699179e-01	
-1.6389318e-01	
-1.6079296e-01	
-1.5769114e-01	
-1.5458777e-01	
-1.5148288e-01	
-1.4837649e-01	
-1.4526863e-01	
-1.4215934e-01	
-1.3904865e-01	
-1.3593658e-01	
-1.3282317e-01	
-1.2970845e-01	
-1.2659245e-01	
-1.2347520e-01	
-1.2035674e-01	
-1.1723708e-01	
-1.1411627e-01	
-1.1099433e-01	
-1.0787129e-01	
-1.0474719e-01	
-1.0162205e-01	
-9.8495917e-02	
-9.5368807e-02	
-9.2240755e-02	
-8.9111793e-02	
-8.5981951e-02	
-8.2851260e-02	
-7.9719752e-02	
-7.6587456e-02	
-7.3454405e-02	
-7.0320628e-02	
-6.7186157e-02	
-6.4051023e-02	
-6.0915257e-02	
-5.7778889e-02	
-5.4641951e-02	
-5.1504474e-02	
-4.8366488e-02	
-4.5228025e-02	
-4.2089115e-02	
-3.8949790e-02	
-3.5810080e-02	
-3.2670017e-02	
-2.9529631e-02	
-2.6388954e-02	
-2.3248016e-02	
-2.0106849e-02	
-1.6965483e-02	
-1.3823950e-02	
-1.0682280e-02	
-7.5405050e-03	
-4.3986554e-03	
-1.2567624e-03	
1.8851430e-03	
5.0270298e-03	
8.1688669e-03	
1.1310623e-02	
1.4452268e-02	
1.7593771e-02	
2.0735099e-02	
2.3876223e-02	
2.7017111e-02	
3.0157732e-02	
3.3298056e-02	
3.6438051e-02	
3.9577687e-02	
4.2716931e-02	
4.5855754e-02	
4.8994124e-02	
5.2132011e-02	
5.5269383e-02	
5.8406210e-02	
6.1542459e-02	
6.4678102e-02	
6.7813106e-02	
7.0947440e-02	
7.4081074e-02	
7.7213977e-02	
8.0346117e-02	
8.3477465e-02	
8.6607988e-02	
8.9737657e-02	
9.2866439e-02	
9.5994305e-02	
9.9121223e-02	
1.0224716e-01	
1.0537209e-01	
1.0849598e-01	
1.1161880e-01	
1.1474052e-01	
1.1786110e-01	
1.2098053e-01	
1.2409875e-01	
1.2721575e-01	
1.3033150e-01	
1.3344596e-01	
1.3655910e-01	
1.3967090e-01	
1.4278131e-01	
1.4589032e-01	
1.4899788e-01	
1.5210398e-01	
1.5520857e-01	
1.5831163e-01	
1.6141313e-01	
1.6451304e-01	
1.6761132e-01	
1.7070794e-01	
1.7380288e-01	
1.7689611e-01	
1.7998759e-01	
1.8307729e-01	
1.8616519e-01	
1.8925124e-01	
1.9233543e-01	
1.9541772e-01	
1.9849809e-01	
2.0157649e-01	
2.0465290e-01	
2.0772729e-01	
2.1079963e-01	
2.1386989e-01	
2.1693804e-01	
2.2000405e-01	
2.2306789e-01	
2.2612952e-01	
2.2918892e-01	
2.3224606e-01	
2.3530091e-01	
2.3835343e-01	
2.4140360e-01	
2.4445139e-01	
2.4749677e-01	
2.5053970e-01	
2.5358015e-01	
2.5661811e-01	
2.5965353e-01	
2.6268639e-01	
2.6571666e-01	
2.6874430e-01	
2.7176929e-01	
2.7479159e-01	
2.7781119e-01	
2.8082804e-01	
2.8384212e-01	
2.8685340e-01	
2.8986184e-01	
2.9286743e-01	
2.9587012e-01	
2.9886989e-01	
3.0186672e-01	
3.0486056e-01	
3.0785139e-01	
3.1083919e-01	
3.1382391e-01	
3.1680554e-01	
3.1978404e-01	
3.2275938e-01	
3.2573154e-01	
3.2870048e-01	
3.3166618e-01	
3.3462860e-01	
3.3758772e-01	
3.4054351e-01	
3.4349593e-01	
3.4644497e-01	
3.4939058e-01	
3.5233275e-01	
3.5527144e-01	
3.5820662e-01	
3.6113826e-01	
3.6406634e-01	
3.6699083e-01	
3.6991169e-01	
3.7282890e-01	
3.7574243e-01	
3.7865225e-01	
3.8155834e-01	
3.8446065e-01	
3.8735917e-01	
3.9025387e-01	
3.9314472e-01	
3.9603168e-01	
3.9891474e-01	
4.0179386e-01	
4.0466901e-01	
4.0754016e-01	
4.1040730e-01	
4.1327038e-01	
4.1612938e-01	
4.1898427e-01	
4.2183503e-01	
4.2468163e-01	
4.2752403e-01	
4.3036221e-01	
4.3319614e-01	
4.3602580e-01	
4.3885115e-01	
4.4167217e-01	
4.4448883e-01	
4.4730111e-01	
4.5010896e-01	
4.5291238e-01	
4.5571132e-01	
4.5850576e-01	
4.6129568e-01	
4.6408105e-01	
4.6686183e-01	
4.6963800e-01	
4.7240954e-01	
4.7517642e-01	
4.7793860e-01	
4.8069607e-01	
4.8344879e-01	
4.8619674e-01	
4.8893989e-01	
4.9167821e-01	
4.9441168e-01	
4.9714026e-01	
4.9986395e-01	
5.0258269e-01	
5.0529648e-01	
5.0800527e-01	
5.1070906e-01	
5.1340780e-01	
5.1610147e-01	
5.1879005e-01	
5.2147350e-01	
5.2415181e-01	
5.2682495e-01	
5.2949288e-01	
5.3215559e-01	
5.3481304e-01	
5.3746521e-01	
5.4011208e-01	
5.4275362e-01	
5.4538980e-01	
5.4802059e-01	
5.5064598e-01	
5.5326593e-01	
5.5588042e-01	
5.5848942e-01	
5.6109290e-01	
5.6369085e-01	
5.6628324e-01	
5.6887003e-01	
5.7145121e-01	
5.7402675e-01	
5.7659662e-01	
5.7916080e-01	
5.8171926e-01	
5.8427198e-01	
5.8681893e-01	
5.8936009e-01	
5.9189543e-01	
5.9442493e-01	
5.9694855e-01	
5.9946629e-01	
6.0197811e-01	
6.0448399e-01	
6.0698390e-01	
6.0947782e-01	
6.1196572e-01	
6.1444758e-01	
6.1692337e-01	
6.1939308e-01	
6.2185667e-01	
6.2431412e-01	
6.2676541e-01	
6.2921051e-01	
6.3164940e-01	
6.3408205e-01	
6.3650845e-01	
6.3892856e-01	
6.4134236e-01	
6.4374984e-01	
6.4615096e-01	
6.4854570e-01	
6.5093404e-01	
6.5331595e-01	
6.5569141e-01	
6.5806040e-01	
6.6042290e-01	
6.6277887e-01	
6.6512830e-01	
6.6747117e-01	
6.6980745e-01	
6.7213711e-01	
6.7446014e-01	
6.7677652e-01	
6.7908621e-01	
6.8138919e-01	
6.8368546e-01	
6.8597497e-01	
6.8825771e-01	
6.9053366e-01	
6.9280279e-01	
6.9506508e-01	
6.9732051e-01	
6.9956905e-01	
7.0181069e-01	
7.0404540e-01	
7.0627317e-01	
7.0849396e-01	
7.1070775e-01	
7.1291453e-01	
7.1511428e-01	
7.1730696e-01	
7.1949256e-01	
7.2167106e-01	
7.2384244e-01	
7.2600667e-01	
7.2816373e-01	
7.3031361e-01	
7.3245627e-01	
7.3459171e-01	
7.3671989e-01	
7.3884080e-01	
7.4095442e-01	
7.4306073e-01	
7.4515969e-01	
7.4725131e-01	
7.4933554e-01	
7.5141238e-01	
7.5348180e-01	
7.5554379e-01	
7.5759831e-01	
7.5964536e-01	
7.6168490e-01	
7.6371693e-01	
7.6574142e-01	
7.6775835e-01	
7.6976770e-01	
7.7176945e-01	
7.7376359e-01	
7.7575008e-01	
7.7772892e-01	
7.7970008e-01	
7.8166354e-01	
7.8361929e-01	
7.8556730e-01	
7.8750756e-01	
7.8944004e-01	
7.9136473e-01	
7.9328161e-01	
7.9519066e-01	
7.9709185e-01	
7.9898518e-01	
8.0087062e-01	
8.0274816e-01	
8.0461777e-01	
8.0647944e-01	
8.0833314e-01	
8.1017887e-01	
8.1201660e-01	
8.1384632e-01	
8.1566799e-01	
8.1748162e-01	
8.1928718e-01	
8.2108465e-01	
8.2287402e-01	
8.2465526e-01	
8.2642836e-01	
8.2819330e-01	
8.2995007e-01	
8.3169865e-01	
8.3343901e-01	
8.3517115e-01	
8.3689504e-01	
8.3861067e-01	
8.4031802e-01	
8.4201708e-01	
8.4370783e-01	
8.4539024e-01	
8.4706432e-01	
8.4873002e-01	
8.5038736e-01	
8.5203629e-01	
8.5367682e-01	
8.5530892e-01	
8.5693257e-01	
8.5854777e-01	
8.6015449e-01	
8.6175272e-01	
8.6334244e-01	
8.6492364e-01	
8.6649631e-01	
8.6806041e-01	
8.6961595e-01	
8.7116291e-01	
8.7270126e-01	
8.7423100e-01	
8.7575211e-01	
8.7726458e-01	
8.7876838e-01	
8.8026351e-01	
8.8174996e-01	
8.8322769e-01	
8.8469671e-01	
8.8615699e-01	
8.8760853e-01	
8.8905131e-01	
8.9048530e-01	
8.9191051e-01	
8.9332691e-01	
8.9473450e-01	
8.9613325e-01	
8.9752316e-01	
8.9890420e-01	
9.0027638e-01	
9.0163966e-01	
9.0299405e-01	
9.0433952e-01	
9.0567606e-01	
9.0700366e-01	
9.0832231e-01	
9.0963200e-01	
9.1093270e-01	
9.1222441e-01	
9.1350712e-01	
9.1478080e-01	
9.1604546e-01	
9.1730108e-01	
9.1854764e-01	
9.1978513e-01	
9.2101354e-01	
9.2223286e-01	
9.2344308e-01	
9.2464418e-01	
9.2583615e-01	
9.2701899e-01	
9.2819267e-01	
9.2935719e-01	
9.3051254e-01	
9.3165870e-01	
9.3279566e-01	
9.3392342e-01	
9.3504195e-01	
9.3615126e-01	
9.3725132e-01	
9.3834213e-01	
9.3942368e-01	
9.4049596e-01	
9.4155895e-01	
9.4261265e-01	
9.4365704e-01	
9.4469211e-01	
9.4571786e-01	
9.4673428e-01	
9.4774135e-01	
9.4873906e-01	
9.4972741e-01	
9.5070638e-01	
9.5167597e-01	
9.5263616e-01	
9.5358695e-01	
9.5452833e-01	
9.5546028e-01	
9.5638280e-01	
9.5729588e-01	
9.5819951e-01	
9.5909368e-01	
9.5997839e-01	
9.6085362e-01	
9.6171936e-01	
9.6257561e-01	
9.6342235e-01	
9.6425959e-01	
9.6508730e-01	
9.6590549e-01	
9.6671415e-01	
9.6751326e-01	
9.6830282e-01	
9.6908282e-01	
9.6985326e-01	
9.7061412e-01	
9.7136540e-01	
9.7210709e-01	
9.7283919e-01	
9.7356168e-01	
9.7427456e-01	
9.7497783e-01	
9.7567147e-01	
9.7635547e-01	
9.7702984e-01	
9.7769457e-01	
9.7834964e-01	
9.7899506e-01	
9.7963081e-01	
9.8025689e-01	
9.8087329e-01	
9.8148001e-01	
9.8207705e-01	
9.8266438e-01	
9.8324202e-01	
9.8380995e-01	
9.8436817e-01	
9.8491668e-01	
9.8545546e-01	
9.8598451e-01	
9.8650383e-01	
9.8701341e-01	
9.8751324e-01	
9.8800333e-01	
9.8848367e-01	
9.8895424e-01	
9.8941506e-01	
9.8986611e-01	
9.9030738e-01	
9.9073888e-01	
9.9116060e-01	
9.9157254e-01	
9.9197469e-01	
9.9236704e-01	
9.9274960e-01	
9.9312236e-01	
9.9348532e-01	
9.9383846e-01	
9.9418180e-01	
9.9451533e-01	
9.9483903e-01	
9.9515292e-01	
9.9545698e-01	
9.9575121e-01	
9.9603562e-01	
9.9631019e-01	
9.9657493e-01	
9.9682983e-01	
9.9707489e-01	
9.9731010e-01	
9.9753548e-01	
9.9775100e-01	
9.9795667e-01	
9.9815250e-01	
9.9833847e-01	
9.9851458e-01	
9.9868084e-01	
9.9883724e-01	
9.9898378e-01	
9.9912046e-01	
9.9924728e-01	
9.9936423e-01	
9.9947131e-01	
9.9956853e-01	
9.9965588e-01	
9.9973337e-01	
9.9980098e-01	
9.9985873e-01	
9.9990660e-01	
9.9994461e-01	
9.9997274e-01	
9.9999100e-01	
9.9999940e-01	
9.9999791e-01	
9.9998656e-01	
9.9996534e-01	
9.9993424e-01	
9.9989328e-01	
9.9984244e-01	
9.9978173e-01	
9.9971116e-01	
9.9963071e-01	
9.9954040e-01	
9.9944022e-01	
9.9933018e-01	
9.9921027e-01	
9.9908049e-01	
9.9894086e-01	
9.9879136e-01	
9.9863200e-01	
9.9846278e-01	
9.9828371e-01	
9.9809479e-01	
9.9789601e-01	
9.9768738e-01	
9.9746890e-01	
9.9724057e-01	
9.9700240e-01	
9.9675439e-01	
9.9649654e-01	
9.9622885e-01	
9.9595133e-01	
9.9566397e-01	
9.9536679e-01	
9.9505978e-01	
9.9474295e-01	
9.9441630e-01	
9.9407983e-01	
9.9373355e-01	
9.9337746e-01	
9.9301156e-01	
9.9263586e-01	
9.9225036e-01	
9.9185507e-01	
9.9144999e-01	
9.9103512e-01	
9.9061046e-01	
9.9017603e-01	
9.8973182e-01	
9.8927784e-01	
9.8881410e-01	
9.8834059e-01	
9.8785733e-01	
9.8736432e-01	
9.8686155e-01	
9.8634905e-01	
9.8582681e-01	
9.8529484e-01	
9.8475315e-01	
9.8420173e-01	
9.8364059e-01	
9.8306975e-01	
9.8248920e-01	
9.8189895e-01	
9.8129901e-01	
9.8068939e-01	
9.8007008e-01	
9.7944110e-01	
9.7880245e-01	
9.7815413e-01	
9.7749616e-01	
9.7682854e-01	
9.7615128e-01	
9.7546438e-01	
9.7476786e-01	
9.7406171e-01	
9.7334594e-01	
9.7262057e-01	
9.7188559e-01	
9.7114102e-01	
9.7038687e-01	
9.6962313e-01	
9.6884983e-01	
9.6806696e-01	
9.6727453e-01	
9.6647255e-01	
9.6566104e-01	
9.6483999e-01	
9.6400942e-01	
9.6316933e-01	
9.6231973e-01	
9.6146063e-01	
9.6059204e-01	
9.5971397e-01	
9.5882643e-01	
9.5792942e-01	
9.5702295e-01	
9.5610704e-01	
9.5518169e-01	
9.5424691e-01	
9.5330270e-01	
9.5234909e-01	
9.5138608e-01	
9.5041368e-01	
9.4943189e-01	
9.4844073e-01	
9.4744021e-01	
9.4643034e-01	
9.4541112e-01	
9.4438257e-01	
9.4334470e-01	
9.4229751e-01	
9.4124103e-01	
9.4017525e-01	
9.3910019e-01	
9.3801586e-01	
9.3692227e-01	
9.3581943e-01	
9.3470736e-01	
9.3358606e-01	
9.3245554e-01	
9.3131581e-01	
9.3016690e-01	
9.2900880e-01	
9.2784153e-01	
9.2666510e-01	
9.2547952e-01	
9.2428481e-01	
9.2308097e-01	
9.2186802e-01	
9.2064597e-01	
9.1941483e-01	
9.1817462e-01	
9.1692534e-01	
9.1566701e-01	
9.1439965e-01	
9.1312325e-01	
9.1183784e-01	
9.1054343e-01	
9.0924003e-01	
9.0792766e-01	
9.0660632e-01	
9.0527604e-01	
9.0393681e-01	
9.0258867e-01	
9.0123161e-01	
8.9986566e-01	
8.9849082e-01	
8.9710712e-01	
8.9571455e-01	
8.9431315e-01	
8.9290292e-01	
8.9148387e-01	
8.9005603e-01	
8.8861939e-01	
8.8717399e-01	
8.8571983e-01	
8.8425692e-01	
8.8278529e-01	
8.8130494e-01	
8.7981589e-01	
8.7831815e-01	
8.7681175e-01	
8.7529669e-01	
8.7377299e-01	
8.7224066e-01	
8.7069972e-01	
8.6915019e-01	
8.6759208e-01	
8.6602540e-01	
8.6445018e-01	
8.6286642e-01	
8.6127414e-01	
8.5967336e-01	
8.5806410e-01	
8.5644636e-01	
8.5482017e-01	
8.5318554e-01	
8.5154249e-01	
8.4989104e-01	
8.4823119e-01	
8.4656297e-01	
8.4488639e-01	
8.4320148e-01	
8.4150824e-01	
8.3980669e-01	
8.3809685e-01	
8.3637874e-01	
8.3465237e-01	
8.3291776e-01	
8.3117493e-01	
8.2942390e-01	
8.2766468e-01	
8.2589728e-01	
8.2412174e-01	
8.2233806e-01	
8.2054626e-01	
8.1874636e-01	
8.1693838e-01	
8.1512234e-01	
8.1329824e-01	
8.1146612e-01	
8.0962599e-01	
8.0777787e-01	
8.0592177e-01	
8.0405772e-01	
8.0218573e-01	
8.0030582e-01	
7.9841801e-01	
7.9652232e-01	
7.9461877e-01	
7.9270737e-01	
7.9078814e-01	
7.8886111e-01	
7.8692630e-01	
7.8498371e-01	
7.8303338e-01	
7.8107531e-01	
7.7910954e-01	
7.7713608e-01	
7.7515494e-01	
7.7316615e-01	
7.7116973e-01	
7.6916569e-01	
7.6715407e-01	
7.6513487e-01	
7.6310811e-01	
7.6107383e-01	
7.5903203e-01	
7.5698274e-01	
7.5492597e-01	
7.5286176e-01	
7.5079011e-01	
7.4871105e-01	
7.4662460e-01	
7.4453078e-01	
7.4242960e-01	
7.4032110e-01	
7.3820530e-01	
7.3608220e-01	
7.3395184e-01	
7.3181423e-01	
7.2966940e-01	
7.2751737e-01	
7.2535815e-01	
7.2319177e-01	
7.2101826e-01	
7.1883763e-01	
7.1664990e-01	
7.1445509e-01	
7.1225324e-01	
7.1004435e-01	
7.0782845e-01	
7.0560557e-01	
7.0337572e-01	
7.0113893e-01	
6.9889521e-01	
6.9664460e-01	
6.9438711e-01	
6.9212276e-01	
6.8985159e-01	
6.8757360e-01	
6.8528883e-01	
6.8299729e-01	
6.8069900e-01	
6.7839400e-01	
6.7608230e-01	
6.7376393e-01	
6.7143891e-01	
6.6910726e-01	
6.6676900e-01	
6.6442416e-01	
6.6207276e-01	
6.5971483e-01	
6.5735039e-01	
6.5497945e-01	
6.5260205e-01	
6.5021821e-01	
6.4782795e-01	
6.4543129e-01	
6.4302826e-01	
6.4061889e-01	
6.3820319e-01	
6.3578119e-01	
6.3335291e-01	
6.3091838e-01	
6.2847763e-01	
6.2603067e-01	
6.2357753e-01	
6.2111823e-01	
6.1865281e-01	
6.1618127e-01	
6.1370365e-01	
6.1121998e-01	
6.0873027e-01	
6.0623455e-01	
6.0373285e-01	
6.0122519e-01	
5.9871159e-01	
5.9619208e-01	
5.9366669e-01	
5.9113544e-01	
5.8859835e-01	
5.8605545e-01	
5.8350677e-01	
5.8095232e-01	
5.7839214e-01	
5.7582625e-01	
5.7325468e-01	
5.7067745e-01	
5.6809458e-01	
5.6550611e-01	
5.6291205e-01	
5.6031244e-01	
5.5770729e-01	
5.5509665e-01	
5.5248052e-01	
5.4985893e-01	
5.4723192e-01	
5.4459951e-01	
5.4196172e-01	
5.3931858e-01	
5.3667012e-01	
5.3401636e-01	
5.3135732e-01	
5.2869305e-01	
5.2602355e-01	
5.2334886e-01	
5.2066900e-01	
5.1798401e-01	
5.1529390e-01	
5.1259870e-01	
5.0989845e-01	
5.0719316e-01	
5.0448286e-01	
5.0176759e-01	
4.9904736e-01	
4.9632220e-01	
4.9359215e-01	
4.9085722e-01	
4.8811745e-01	
4.8537285e-01	
4.8262347e-01	
4.7986932e-01	
4.7711044e-01	
4.7434684e-01	
4.7157857e-01	
4.6880564e-01	
4.6602808e-01	
4.6324592e-01	
4.6045918e-01	
4.5766790e-01	
4.5487211e-01	
4.5207182e-01	
4.4926707e-01	
4.4645789e-01	
4.4364429e-01	
4.4082632e-01	
4.3800400e-01	
4.3517735e-01	
4.3234641e-01	
4.2951120e-01	
4.2667175e-01	
4.2382809e-01	
4.2098024e-01	
4.1812824e-01	
4.1527211e-01	
4.1241188e-01	
4.0954758e-01	
4.0667924e-01	
4.0380688e-01	
4.0093054e-01	
3.9805023e-01	
3.9516600e-01	
3.9227787e-01	
3.8938587e-01	
3.8649002e-01	
3.8359036e-01	
3.8068691e-01	
3.7777970e-01	
3.7486876e-01	
3.7195412e-01	
3.6903581e-01	
3.6611386e-01	
3.6318829e-01	
3.6025914e-01	
3.5732643e-01	
3.5439020e-01	
3.5145046e-01	
3.4850726e-01	
3.4556062e-01	
3.4261056e-01	
3.3965712e-01	
3.3670033e-01	
3.3374022e-01	
3.3077681e-01	
3.2781014e-01	
3.2484023e-01	
3.2186711e-01	
3.1889082e-01	
3.1591138e-01	
3.1292882e-01	
3.0994317e-01	
3.0695446e-01	
3.0396272e-01	
3.0096798e-01	
2.9797027e-01	
2.9496962e-01	
2.9196605e-01	
2.8895961e-01	
2.8595031e-01	
2.8293819e-01	
2.7992327e-01	
2.7690560e-01	
2.7388519e-01	
2.7086207e-01	
2.6783628e-01	
2.6480785e-01	
2.6177680e-01	
2.5874317e-01	
2.5570699e-01	
2.5266828e-01	
2.4962708e-01	
2.4658341e-01	
2.4353731e-01	
2.4048880e-01	
2.3743792e-01	
2.3438470e-01	
2.3132916e-01	
2.2827134e-01	
2.2521126e-01	
2.2214897e-01	
2.1908448e-01	
2.1601782e-01	
2.1294904e-01	
2.0987815e-01	
2.0680519e-01	
2.0373019e-01	
2.0065317e-01	
1.9757418e-01	
1.9449324e-01	
1.9141037e-01	
1.8832562e-01	
1.8523901e-01	
1.8215057e-01	
1.7906033e-01	
1.7596832e-01	
1.7287458e-01	
1.6977913e-01	
1.6668200e-01	
1.6358323e-01	
1.6048285e-01	
1.5738088e-01	
1.5427735e-01	
1.5117231e-01	
1.4806577e-01	
1.4495777e-01	
1.4184833e-01	
1.3873750e-01	
1.3562530e-01	
1.3251176e-01	
1.2939691e-01	
1.2628078e-01	
1.2316341e-01	
1.2004482e-01	
1.1692505e-01	
1.1380412e-01	
1.1068207e-01	
1.0755893e-01	
1.0443472e-01	
1.0130949e-01	
9.8183249e-02	
9.5056043e-02	
9.1927899e-02	
8.8798848e-02	
8.5668920e-02	
8.2538146e-02	
7.9406557e-02	
7.6274185e-02	
7.3141059e-02	
7.0007212e-02	
6.6872673e-02	
6.3737475e-02	
6.0601647e-02	
5.7465221e-02	
5.4328227e-02	
5.1190698e-02	
4.8052663e-02	
4.4914153e-02	
4.1775201e-02	
3.8635836e-02	
3.5496089e-02	
3.2355992e-02	
2.9215576e-02	
2.6074871e-02	
2.2933909e-02	
1.9792721e-02	
1.6651337e-02	
1.3509788e-02	
1.0368107e-02	
7.2263228e-03	
4.0844675e-03	
9.4257191e-04	
-2.1993330e-03	
-5.3412162e-03	
-8.4830467e-03	
-1.1624793e-02	
-1.4766425e-02	
-1.7907912e-02	
-2.1049221e-02	
-2.4190323e-02	
-2.7331186e-02	
-3.0471779e-02	
-3.3612071e-02	
-3.6752031e-02	
-3.9891629e-02	
-4.3030833e-02	
-4.6169612e-02	
-4.9307935e-02	
-5.2445772e-02	
-5.5583091e-02	
-5.8719861e-02	
-6.1856051e-02	
-6.4991631e-02	
-6.8126570e-02	
-7.1260835e-02	
-7.4394398e-02	
-7.7527226e-02	
-8.0659288e-02	
-8.3790555e-02	
-8.6920994e-02	
-9.0050575e-02	
-9.3179267e-02	
-9.6307040e-02	
-9.9433862e-02	
-1.0255970e-01	
-1.0568453e-01	
-1.0880831e-01	
-1.1193102e-01	
-1.1505263e-01	
-1.1817310e-01	
-1.2129240e-01	
-1.2441051e-01	
-1.2752739e-01	
-1.3064300e-01	
-1.3375733e-01	
-1.3687034e-01	
-1.3998200e-01	
-1.4309228e-01	
-1.4620114e-01	
-1.4930856e-01	
-1.5241451e-01	
-1.5551895e-01	
-1.5862185e-01	
-1.6172319e-01	
-1.6482294e-01	
-1.6792105e-01	
-1.7101751e-01	
-1.7411228e-01	
-1.7720534e-01	
-1.8029664e-01	
-1.8338616e-01	
-1.8647388e-01	
-1.8955975e-01	
-1.9264375e-01	
-1.9572585e-01	
-1.9880601e-01	
-2.0188422e-01	
-2.0496043e-01	
-2.0803462e-01	
-2.1110675e-01	
-2.1417680e-01	
-2.1724474e-01	
-2.2031053e-01	
-2.2337415e-01	
-2.2643556e-01	
-2.2949474e-01	
-2.3255165e-01	
-2.3560627e-01	
-2.3865856e-01	
-2.4170849e-01	
-2.4475604e-01	
-2.4780117e-01	
-2.5084385e-01	
-2.5388406e-01	
-2.5692177e-01	
-2.5995693e-01	
-2.6298953e-01	
-2.6601954e-01	
-2.6904692e-01	
-2.7207164e-01	
-2.7509368e-01	
-2.7811300e-01	
-2.8112957e-01	
-2.8414337e-01	
-2.8715437e-01	
-2.9016253e-01	
-2.9316783e-01	
-2.9617023e-01	
-2.9916971e-01	
-3.0216623e-01	
-3.0515978e-01	
-3.0815031e-01	
-3.1113780e-01	
-3.1412221e-01	
-3.1710353e-01	
-3.2008172e-01	
-3.2305674e-01	
-3.2602858e-01	
-3.2899720e-01	
-3.3196257e-01	
-3.3492466e-01	
-3.3788345e-01	
-3.4083890e-01	
-3.4379099e-01	
-3.4673968e-01	
-3.4968496e-01	
-3.5262677e-01	
-3.5556511e-01	
-3.5849994e-01	
-3.6143123e-01	
-3.6435895e-01	
-3.6728308e-01	
-3.7020357e-01	
-3.7312042e-01	
-3.7603358e-01	
-3.7894303e-01	
-3.8184874e-01	
-3.8475068e-01	
-3.8764882e-01	
-3.9054313e-01	
-3.9343359e-01	
-3.9632016e-01	
-3.9920283e-01	
-4.0208155e-01	
-4.0495630e-01	
-4.0782706e-01	
-4.1069379e-01	
-4.1355646e-01	
-4.1641505e-01	
-4.1926954e-01	
-4.2211988e-01	
-4.2496606e-01	
-4.2780804e-01	
-4.3064579e-01	
-4.3347930e-01	
-4.3630853e-01	
-4.3913345e-01	
-4.4195403e-01	
-4.4477026e-01	
-4.4758209e-01	
-4.5038950e-01	
-4.5319247e-01	
-4.5599097e-01	
-4.5878496e-01	
-4.6157442e-01	
-4.6435933e-01	
-4.6713965e-01	
-4.6991537e-01	
-4.7268644e-01	
-4.7545285e-01	
-4.7821456e-01	
-4.8097155e-01	
-4.8372380e-01	
-4.8647127e-01	
-4.8921394e-01	
-4.9195177e-01	
-4.9468476e-01	
-4.9741285e-01	
-5.0013604e-01	
-5.0285429e-01	
-5.0556758e-01	
-5.0827588e-01	
-5.1097916e-01	
-5.1367739e-01	
-5.1637056e-01	
-5.1905862e-01	
-5.2174157e-01	
-5.2441936e-01	
-5.2709197e-01	
-5.2975939e-01	
-5.3242157e-01	
-5.3507850e-01	
-5.3773014e-01	
-5.4037648e-01	
-5.4301748e-01	
-5.4565312e-01	
-5.4828338e-01	
-5.5090822e-01	
-5.5352762e-01	
-5.5614156e-01	
-5.5875001e-01	
-5.6135295e-01	
-5.6395034e-01	
-5.6654217e-01	
-5.6912840e-01	
-5.7170902e-01	
-5.7428399e-01	
-5.7685329e-01	
-5.7941690e-01	
-5.8197479e-01	
-5.8452693e-01	
-5.8707331e-01	
-5.8961388e-01	
-5.9214864e-01	
-5.9467755e-01	
-5.9720059e-01	
-5.9971774e-01	
-6.0222897e-01	
-6.0473425e-01	
-6.0723356e-01	
-6.0972688e-01	
-6.1221417e-01	
-6.1469543e-01	
-6.1717062e-01	
-6.1963971e-01	
-6.2210269e-01	
-6.2455952e-01	
-6.2701019e-01	
-6.2945468e-01	
-6.3189294e-01	
-6.3432497e-01	
-6.3675074e-01	
-6.3917022e-01	
-6.4158340e-01	
-6.4399024e-01	
-6.4639072e-01	
-6.4878482e-01	
-6.5117252e-01	
-6.5355378e-01	
-6.5592860e-01	
-6.5829694e-01	
-6.6065879e-01	
-6.6301411e-01	
-6.6536289e-01	
-6.6770509e-01	
-6.7004071e-01	
-6.7236971e-01	
-6.7469208e-01	
-6.7700779e-01	
-6.7931681e-01	
-6.8161912e-01	
-6.8391471e-01	
-6.8620355e-01	
-6.8848561e-01	
-6.9076088e-01	
-6.9302932e-01	
-6.9529093e-01	
-6.9754567e-01	
-6.9979353e-01	
-7.0203448e-01	
-7.0426849e-01	
-7.0649556e-01	
-7.0871565e-01	
-7.1092875e-01	
-7.1313482e-01	
-7.1533386e-01	
-7.1752584e-01	
-7.1971073e-01	
-7.2188852e-01	
-7.2405918e-01	
-7.2622270e-01	
-7.2837904e-01	
-7.3052820e-01	
-7.3267014e-01	
-7.3480485e-01	
-7.3693231e-01	
-7.3905249e-01	
-7.4116538e-01	
-7.4327095e-01	
-7.4536919e-01	
-7.4746006e-01	
-7.4954356e-01	
-7.5161966e-01	
-7.5368834e-01	
-7.5574957e-01	
-7.5780335e-01	
-7.5984965e-01	
-7.6188845e-01	
-7.6391972e-01	
-7.6594345e-01	
-7.6795963e-01	
-7.6996822e-01	
-7.7196921e-01	
-7.7396258e-01	
-7.7594831e-01	
-7.7792638e-01	
-7.7989677e-01	
-7.8185947e-01	
-7.8381444e-01	
-7.8576168e-01	
-7.8770116e-01	
-7.8963286e-01	
-7.9155677e-01	
-7.9347287e-01	
-7.9538113e-01	
-7.9728154e-01	
-7.9917408e-01	
-8.0105873e-01	
-8.0293548e-01	
-8.0480429e-01	
-8.0666517e-01	
-8.0851808e-01	
-8.1036300e-01	
-8.1219993e-01	
-8.1402884e-01	
-8.1584972e-01	
-8.1766254e-01	
-8.1946729e-01	
-8.2126395e-01	
-8.2305251e-01	
-8.2483293e-01	
-8.2660522e-01	
-8.2836935e-01	
-8.3012530e-01	
-8.3187305e-01	
-8.3361259e-01	
-8.3534391e-01	
-8.3706697e-01	
-8.3878178e-01	
-8.4048830e-01	
-8.4218653e-01	
-8.4387644e-01	
-8.4555803e-01	
-8.4723126e-01	
-8.4889614e-01	
-8.5055263e-01	
-8.5220072e-01	
-8.5384041e-01	
-8.5547166e-01	
-8.5709447e-01	
-8.5870882e-01	
-8.6031469e-01	
-8.6191207e-01	
-8.6350095e-01	
-8.6508129e-01	
-8.6665310e-01	
-8.6821635e-01	
-8.6977104e-01	
-8.7131713e-01	
-8.7285463e-01	
-8.7438350e-01	
-8.7590375e-01	
-8.7741535e-01	
-8.7891829e-01	
-8.8041255e-01	
-8.8189812e-01	
-8.8337499e-01	
-8.8484313e-01	
-8.8630254e-01	
-8.8775320e-01	
-8.8919510e-01	
-8.9062822e-01	
-8.9205255e-01	
-8.9346807e-01	
-8.9487477e-01	
-8.9627264e-01	
-8.9766166e-01	
-8.9904182e-01	
-9.0041310e-01	
-9.0177550e-01	
-9.0312899e-01	
-9.0447357e-01	
-9.0580922e-01	
-9.0713593e-01	
-9.0845368e-01	
-9.0976247e-01	
-9.1106227e-01	
-9.1235309e-01	
-9.1363489e-01	
-9.1490768e-01	
-9.1617143e-01	
-9.1742614e-01	
-9.1867179e-01	
-9.1990838e-01	
-9.2113588e-01	
-9.2235429e-01	
-9.2356360e-01	
-9.2476379e-01	
-9.2595485e-01	
-9.2713677e-01	
-9.2830954e-01	
-9.2947314e-01	
-9.3062757e-01	
-9.3177281e-01	
-9.3290885e-01	
-9.3403568e-01	
-9.3515330e-01	
-9.3626168e-01	
-9.3736082e-01	
-9.3845070e-01	
-9.3953133e-01	
-9.4060267e-01	
-9.4166474e-01	
-9.4271750e-01	
-9.4376096e-01	
-9.4479511e-01	
-9.4581993e-01	
-9.4683541e-01	
-9.4784154e-01	
-9.4883832e-01	
-9.4982573e-01	
-9.5080376e-01	
-9.5177241e-01	
-9.5273167e-01	
-9.5368151e-01	
-9.5462195e-01	
-9.5555296e-01	
-9.5647454e-01	
-9.5738667e-01	
-9.5828936e-01	
-9.5918258e-01	
-9.6006634e-01	
-9.6094062e-01	
-9.6180541e-01	
-9.6266071e-01	
-9.6350650e-01	
-9.6434279e-01	
-9.6516955e-01	
-9.6598679e-01	
-9.6679449e-01	
-9.6759265e-01	
-9.6838125e-01	
-9.6916030e-01	
-9.6992978e-01	
-9.7068968e-01	
-9.7144000e-01	
-9.7218074e-01	
-9.7291187e-01	
-9.7363340e-01	
-9.7434532e-01	
-9.7504762e-01	
-9.7574030e-01	
-9.7642334e-01	
-9.7709675e-01	
-9.7776051e-01	
-9.7841462e-01	
-9.7905907e-01	
-9.7969385e-01	
-9.8031896e-01	
-9.8093440e-01	
-9.8154015e-01	
-9.8213622e-01	
-9.8272259e-01	
-9.8329925e-01	
-9.8386621e-01	
-9.8442346e-01	
-9.8497099e-01	
-9.8550880e-01	
-9.8603688e-01	
-9.8655522e-01	
-9.8706383e-01	
-9.8756269e-01	
-9.8805180e-01	
-9.8853116e-01	
-9.8900077e-01	
-9.8946060e-01	
-9.8991067e-01	
-9.9035097e-01	
-9.9078150e-01	
-9.9120224e-01	
-9.9161320e-01	
-9.9201436e-01	
-9.9240574e-01	
-9.9278732e-01	
-9.9315910e-01	
-9.9352107e-01	
-9.9387324e-01	
-9.9421560e-01	
-9.9454814e-01	
-9.9487086e-01	
-9.9518376e-01	
-9.9548684e-01	
-9.9578010e-01	
-9.9606352e-01	
-9.9633711e-01	
-9.9660086e-01	
-9.9685478e-01	
-9.9709885e-01	
-9.9733308e-01	
-9.9755747e-01	
-9.9777201e-01	
-9.9797670e-01	
-9.9817154e-01	
-9.9835652e-01	
-9.9853165e-01	
-9.9869693e-01	
-9.9885234e-01	
-9.9899789e-01	
-9.9913359e-01	
-9.9925941e-01	
-9.9937538e-01	
-9.9948148e-01	
-9.9957771e-01	
-9.9966408e-01	
-9.9974057e-01	
-9.9980720e-01	
-9.9986396e-01	
-9.9991085e-01	
-9.9994787e-01	
-9.9997501e-01	
-9.9999229e-01	
-9.9999969e-01	
-9.9999722e-01	
-9.9998488e-01	
-9.9996267e-01	
-9.9993059e-01	
-9.9988864e-01	
-9.9983681e-01	
-9.9977512e-01	
-9.9970356e-01	
-9.9962213e-01	
-9.9953083e-01	
-9.9942966e-01	
-9.9931863e-01	
-9.9919773e-01	
-9.9906697e-01	
-9.9892635e-01	
-9.9877587e-01	
-9.9861552e-01	
-9.9844532e-01	
-9.9826526e-01	
-9.9807535e-01	
-9.9787559e-01	
-9.9766597e-01	
-9.9744651e-01	
-9.9721720e-01	
-9.9697804e-01	
-9.9672905e-01	
-9.9647021e-01	
-9.9620154e-01	
-9.9592303e-01	
-9.9563470e-01	
-9.9533653e-01	
-9.9502854e-01	
-9.9471073e-01	
-9.9438309e-01	
-9.9404564e-01	
-9.9369838e-01	
-9.9334131e-01	
-9.9297443e-01	
-9.9259775e-01	
-9.9221128e-01	
-9.9181500e-01	
-9.9140894e-01	
-9.9099309e-01	
-9.9056746e-01	
-9.9013205e-01	
-9.8968686e-01	
-9.8923190e-01	
-9.8876718e-01	
-9.8829270e-01	
-9.8780847e-01	
-9.8731448e-01	
-9.8681074e-01	
-9.8629727e-01	
-9.8577405e-01	
-9.8524111e-01	
-9.8469844e-01	
-9.8414605e-01	
-9.8358395e-01	
-9.8301213e-01	
-9.8243061e-01	
-9.8183940e-01	
-9.8123849e-01	
-9.8062789e-01	
-9.8000762e-01	
-9.7937767e-01	
-9.7873805e-01	
-9.7808877e-01	
-9.7742984e-01	
-9.7676125e-01	
-9.7608303e-01	
-9.7539517e-01	
-9.7469768e-01	
-9.7399056e-01	
-9.7327384e-01	
-9.7254750e-01	
-9.7181157e-01	
-9.7106604e-01	
-9.7031093e-01	
-9.6954623e-01	
-9.6877197e-01	
-9.6798814e-01	
-9.6719476e-01	
-9.6639183e-01	
-9.6557936e-01	
-9.6475736e-01	
-9.6392583e-01	
-9.6308479e-01	
-9.6223425e-01	
-9.6137420e-01	
-9.6050466e-01	
-9.5962564e-01	
-9.5873715e-01	
-9.5783920e-01	
-9.5693178e-01	
-9.5601493e-01	
-9.5508863e-01	
-9.5415291e-01	
-9.5320777e-01	
-9.5225321e-01	
-9.5128926e-01	
-9.5031592e-01	
-9.4933320e-01	
-9.4834110e-01	
-9.4733964e-01	
-9.4632883e-01	
-9.4530868e-01	
-9.4427920e-01	
-9.4324040e-01	
-9.4219228e-01	
-9.4113487e-01	
-9.4006816e-01	
-9.3899217e-01	
-9.3790692e-01	
-9.3681240e-01	
-9.3570864e-01	
-9.3459564e-01	
-9.3347342e-01	
-9.3234198e-01	
-9.3120134e-01	
-9.3005150e-01	
-9.2889248e-01	
-9.2772430e-01	
-9.2654695e-01	
-9.2536046e-01	
-9.2416483e-01	
-9.2296009e-01	
-9.2174623e-01	
-9.2052327e-01	
-9.1929122e-01	
-9.1805010e-01	
-9.1679992e-01	
-9.1554068e-01	
-9.1427241e-01	
-9.1299511e-01	
-9.1170881e-01	
-9.1041350e-01	
-9.0910920e-01	
-9.0779593e-01	
-9.0647370e-01	
-9.0514251e-01	
-9.0380240e-01	
-9.0245336e-01	
-9.0109541e-01	
-8.9972857e-01	
-8.9835285e-01	
-8.9696826e-01	
-8.9557481e-01	
-8.9417252e-01	
-8.9276141e-01	
-8.9134148e-01	
-8.8991276e-01	
-8.8847525e-01	
-8.8702897e-01	
-8.8557393e-01	
-8.8411015e-01	
-8.8263764e-01	
-8.8115642e-01	
-8.7966650e-01	
-8.7816790e-01	
-8.7666063e-01	
-8.7514471e-01	
-8.7362014e-01	
-8.7208695e-01	
-8.7054516e-01	
-8.6899477e-01	
-8.6743580e-01	
-8.6586827e-01	
-8.6429219e-01	
-8.6270757e-01	
-8.6111445e-01	
-8.5951282e-01	
-8.5790271e-01	
-8.5628412e-01	
-8.5465709e-01	
-8.5302162e-01	
-8.5137773e-01	
-8.4972543e-01	
-8.4806475e-01	
-8.4639569e-01	
-8.4471828e-01	
-8.4303253e-01	
-8.4133845e-01	
-8.3963608e-01	
-8.3792541e-01	
-8.3620647e-01	
-8.3447928e-01	
-8.3274385e-01	
-8.3100020e-01	
-8.2924835e-01	
-8.2748831e-01	
-8.2572010e-01	
-8.2394374e-01	
-8.2215924e-01	
-8.2036663e-01	
-8.1856593e-01	
-8.1675714e-01	
-8.1494029e-01	
-8.1311539e-01	
-8.1128247e-01	
-8.0944154e-01	
-8.0759262e-01	
-8.0573572e-01	
-8.0387088e-01	
-8.0199809e-01	
-8.0011739e-01	
-7.9822880e-01	
-7.9633232e-01	
-7.9442798e-01	
-7.9251580e-01	
-7.9059579e-01	
-7.8866798e-01	
-7.8673239e-01	
-7.8478903e-01	
-7.8283792e-01	
-7.8087908e-01	
-7.7891254e-01	
-7.7693831e-01	
-7.7495640e-01	
-7.7296685e-01	
-7.7096967e-01	
-7.6896487e-01	
-7.6695249e-01	
-7.6493253e-01	
-7.6290502e-01	
-7.6086999e-01	
-7.5882744e-01	
-7.5677740e-01	
-7.5471989e-01	
-7.5265493e-01	
-7.5058253e-01	
-7.4850273e-01	
-7.4641555e-01	
-7.4432099e-01	
-7.4221908e-01	
-7.4010985e-01	
-7.3799331e-01	
-7.3586949e-01	
-7.3373840e-01	
-7.3160007e-01	
-7.2945452e-01	
-7.2730177e-01	
-7.2514183e-01	
-7.2297474e-01	
-7.2080052e-01	
-7.1861917e-01	
-7.1643073e-01	
-7.1423522e-01	
-7.1203266e-01	
-7.0982308e-01	
-7.0760648e-01	
-7.0538290e-01	
-7.0315235e-01	
-7.0091487e-01	
-6.9867046e-01	
-6.9641916e-01	
-6.9416098e-01	
-6.9189595e-01	
-6.8962409e-01	
-6.8734543e-01	
-6.8505998e-01	
-6.8276776e-01	
-6.8046881e-01	
-6.7816313e-01	
-6.7585077e-01	
-6.7353173e-01	
-6.7120604e-01	
-6.6887373e-01	
-6.6653481e-01	
-6.6418932e-01	
-6.6183726e-01	
-6.5947868e-01	
-6.5711358e-01	
-6.5474200e-01	
-6.5236396e-01	
-6.4997947e-01	
-6.4758857e-01	
-6.4519127e-01	
-6.4278761e-01	
-6.4037760e-01	
-6.3796127e-01	
-6.3553864e-01	
-6.3310974e-01	
-6.3067459e-01	
-6.2823321e-01	
-6.2578563e-01	
-6.2333188e-01	
-6.2087197e-01	
-6.1840593e-01	
-6.1593378e-01	
-6.1345556e-01	
-6.1097128e-01	
-6.0848097e-01	
-6.0598465e-01	
-6.0348235e-01	
-6.0097410e-01	
-5.9845991e-01	
-5.9593981e-01	
-5.9341383e-01	
-5.9088199e-01	
-5.8834432e-01	
-5.8580084e-01	
-5.8325158e-01	
-5.8069656e-01	
-5.7813581e-01	
-5.7556935e-01	
-5.7299721e-01	
-5.7041941e-01	
-5.6783599e-01	
-5.6524695e-01	
-5.6265234e-01	
-5.6005217e-01	
-5.5744648e-01	
-5.5483528e-01	
-5.5221860e-01	
-5.4959648e-01	
-5.4696892e-01	
-5.4433597e-01	
-5.4169765e-01	
-5.3905397e-01	
-5.3640498e-01	
-5.3375069e-01	
-5.3109113e-01	
-5.2842633e-01	
-5.2575631e-01	
-5.2308111e-01	
-5.2040074e-01	
-5.1771523e-01	
-5.1502461e-01	
-5.1232891e-01	
-5.0962815e-01	
-5.0692235e-01	
-5.0421156e-01	
-5.0149579e-01	
-4.9877506e-01	
-4.9604942e-01	
-4.9331887e-01	
-4.9058346e-01	
-4.8784320e-01	
-4.8509813e-01	
-4.8234827e-01	
-4.7959365e-01	
-4.7683429e-01	
-4.7407023e-01	
-4.7130148e-01	
-4.6852809e-01	
-4.6575007e-01	
-4.6296745e-01	
-4.6018026e-01	
-4.5738853e-01	
-4.5459228e-01	
-4.5179155e-01	
-4.4898635e-01	
-4.4617672e-01	
-4.4336269e-01	
-4.4054429e-01	
-4.3772153e-01	
-4.3489445e-01	
-4.3206308e-01	
-4.2922745e-01	
-4.2638757e-01	
-4.2354349e-01	
-4.2069523e-01	
-4.1784281e-01	
-4.1498627e-01	
-4.1212563e-01	
-4.0926093e-01	
-4.0639218e-01	
-4.0351942e-01	
-4.0064268e-01	
-3.9776199e-01	
-3.9487736e-01	
-3.9198884e-01	
-3.8909645e-01	
-3.8620022e-01	
-3.8330018e-01	
-3.8039635e-01	
-3.7748877e-01	
-3.7457746e-01	
-3.7166246e-01	
-3.6874378e-01	
-3.6582147e-01	
-3.6289554e-01	
-3.5996603e-01	
-3.5703297e-01	
-3.5409638e-01	
-3.5115630e-01	
-3.4821275e-01	
-3.4526576e-01	
-3.4231537e-01	
-3.3936160e-01	
-3.3640447e-01	
-3.3344403e-01	
-3.3048029e-01	
-3.2751329e-01	
-3.2454306e-01	
-3.2156963e-01	
-3.1859302e-01	
-3.1561326e-01	
-3.1263039e-01	
-3.0964443e-01	
-3.0665542e-01	
-3.0366338e-01	
-3.0066834e-01	
-2.9767034e-01	
-2.9466939e-01	
-2.9166554e-01	
-2.8865881e-01	
-2.8564922e-01	
-2.8263682e-01	
-2.7962163e-01	
-2.7660368e-01	
-2.7358300e-01	
-2.7055961e-01	
-2.6753356e-01	
-2.6450486e-01	
-2.6147356e-01	
-2.5843967e-01	
-2.5540323e-01	
-2.5236427e-01	
-2.4932282e-01	
-2.4627891e-01	
-2.4323256e-01	
-2.4018382e-01	
-2.3713270e-01	
-2.3407925e-01	
-2.3102348e-01	
-2.2796543e-01	
-2.2490513e-01	
-2.2184262e-01	
-2.1877791e-01	
-2.1571104e-01	
-2.1264204e-01	
-2.0957095e-01	
-2.0649778e-01	
-2.0342258e-01	
-2.0034536e-01	
-1.9726617e-01	
-1.9418504e-01	
-1.9110198e-01	
-1.8801704e-01	
-1.8493025e-01	
-1.8184163e-01	
-1.7875121e-01	
-1.7565903e-01	
-1.7256511e-01	
-1.6946949e-01	
-1.6637220e-01	
-1.6327327e-01	
-1.6017272e-01	
-1.5707059e-01	
-1.5396692e-01	
-1.5086172e-01	
-1.4775503e-01	
-1.4464689e-01	
-1.4153731e-01	
-1.3842634e-01	
-1.3531401e-01	
-1.3220033e-01	
-1.2908535e-01	
-1.2596910e-01	
-1.2285161e-01	
-1.1973290e-01	
-1.1661301e-01	
-1.1349197e-01	
-1.1036981e-01	
-1.0724655e-01	
-1.0412224e-01	
-1.0099691e-01	
-9.7870572e-02	
-9.4743271e-02	
-9.1615034e-02	
-8.8485894e-02	
-8.5355880e-02	
-8.2225023e-02	
-7.9093355e-02	
-7.5960905e-02	
-7.2827706e-02	
-6.9693789e-02	
-6.6559183e-02	
-6.3423920e-02	
-6.0288031e-02	
-5.7151546e-02	
-5.4014498e-02	
-5.0876916e-02	
-4.7738833e-02	
-4.4600278e-02	
-4.1461282e-02	
-3.8321878e-02	
-3.5182095e-02	
-3.2041964e-02	
-2.8901518e-02	
-2.5760786e-02	
-2.2619800e-02	
-1.9478590e-02	
-1.6337189e-02	
-1.3195626e-02	
-1.0053933e-02	
-6.9121400e-03	
-3.7702793e-03	
-6.2838133e-04	
2.5135228e-03	
5.6554022e-03	
8.7972257e-03	
1.1938962e-02	
1.5080581e-02	
1.8222051e-02	
2.1363341e-02	
2.4504420e-02	
2.7645258e-02	
3.0785822e-02	
3.3926083e-02	
3.7066008e-02	
4.0205568e-02	
4.3344731e-02	
4.6483465e-02	
4.9621741e-02	
5.2759528e-02	
5.5896793e-02	
5.9033507e-02	
6.2169637e-02	
6.5305155e-02	
6.8440027e-02	
7.1574224e-02	
7.4707714e-02	
7.7840467e-02	
8.0972451e-02	
8.4103636e-02	
8.7233991e-02	
9.0363485e-02	
9.3492087e-02	
9.6619765e-02	
9.9746490e-02	
1.0287223e-01	
1.0599696e-01	
1.0912063e-01	
1.1224324e-01	
1.1536473e-01	
1.1848508e-01	
1.2160427e-01	
1.2472225e-01	
1.2783901e-01	
1.3095450e-01	
1.3406869e-01	
1.3718157e-01	
1.4029309e-01	
1.4340323e-01	
1.4651195e-01	
1.4961922e-01	
1.5272502e-01	
1.5582931e-01	
1.5893206e-01	
1.6203324e-01	
1.6513282e-01	
1.6823078e-01	
1.7132707e-01	
1.7442167e-01	
1.7751455e-01	
1.8060567e-01	
1.8369502e-01	
1.8678255e-01	
1.8986823e-01	
1.9295204e-01	
1.9603395e-01	
1.9911392e-01	
2.0219193e-01	
2.0526794e-01	
2.0834193e-01	
2.1141385e-01	
2.1448369e-01	
2.1755142e-01	
2.2061699e-01	
2.2368039e-01	
2.2674158e-01	
2.2980053e-01	
2.3285722e-01	
2.3591160e-01	
2.3896366e-01	
2.4201335e-01	
2.4506066e-01	
2.4810555e-01	
2.5114799e-01	
2.5418795e-01	
2.5722540e-01	
2.6026031e-01	
2.6329265e-01	
2.6632240e-01	
2.6934951e-01	
2.7237396e-01	
2.7539573e-01	
2.7841478e-01	
2.8143108e-01	
2.8444460e-01	
2.8745531e-01	
2.9046319e-01	
2.9346820e-01	
2.9647031e-01	
2.9946950e-01	
3.0246572e-01	
3.0545897e-01	
3.0844919e-01	
3.1143638e-01	
3.1442049e-01	
3.1740149e-01	
3.2037936e-01	
3.2335407e-01	
3.2632559e-01	
3.2929388e-01	
3.3225893e-01	
3.3522069e-01	
3.3817915e-01	
3.4113426e-01	
3.4408601e-01	
3.4703437e-01	
3.4997929e-01	
3.5292077e-01	
3.5585875e-01	
3.5879323e-01	
3.6172416e-01	
3.6465153e-01	
3.6757529e-01	
3.7049542e-01	
3.7341190e-01	
3.7632469e-01	
3.7923377e-01	
3.8213910e-01	
3.8504066e-01	
3.8793842e-01	
3.9083235e-01	
3.9372242e-01	
3.9660861e-01	
3.9949088e-01	
4.0236920e-01	
4.0524356e-01	
4.0811391e-01	
4.1098024e-01	
4.1384251e-01	
4.1670069e-01	
4.1955476e-01	
4.2240468e-01	
4.2525044e-01	
4.2809200e-01	
4.3092934e-01	
4.3376242e-01	
4.3659122e-01	
4.3941570e-01	
4.4223585e-01	
4.4505164e-01	
4.4786303e-01	
4.5067000e-01	
4.5347252e-01	
4.5627057e-01	
4.5906411e-01	
4.6185312e-01	
4.6463757e-01	
4.6741743e-01	
4.7019268e-01	
4.7296329e-01	
4.7572923e-01	
4.7849047e-01	
4.8124699e-01	
4.8399876e-01	
4.8674575e-01	
4.8948794e-01	
4.9222529e-01	
4.9495779e-01	
4.9768539e-01	
5.0040809e-01	
5.0312585e-01	
5.0583864e-01	
5.0854643e-01	
5.1124921e-01	
5.1394694e-01	
5.1663959e-01	
5.1932715e-01	
5.2200958e-01	
5.2468685e-01	
5.2735895e-01	
5.3002584e-01	
5.3268750e-01	
5.3534390e-01	
5.3799501e-01	
5.4064082e-01	
5.4328128e-01	
5.4591639e-01	
5.4854610e-01	
5.5117040e-01	
5.5378926e-01	
5.5640266e-01	
5.5901056e-01	
5.6161294e-01	
5.6420978e-01	
5.6680104e-01	
5.6938672e-01	
5.7196677e-01	
5.7454118e-01	
5.7710991e-01	
5.7967295e-01	
5.8223026e-01	
5.8478183e-01	
5.8732762e-01	
5.8986762e-01	
5.9240180e-01	
5.9493012e-01	
5.9745257e-01	
5.9996913e-01	
6.0247976e-01	
6.0498445e-01	
6.0748316e-01	
6.0997588e-01	
6.1246257e-01	
6.1494322e-01	
6.1741780e-01	
6.1988628e-01	
6.2234865e-01	
6.2480487e-01	
6.2725492e-01	
6.2969878e-01	
6.3213643e-01	
6.3456783e-01	
6.3699297e-01	
6.3941183e-01	
6.4182437e-01	
6.4423057e-01	
6.4663042e-01	
6.4902388e-01	
6.5141093e-01	
6.5379156e-01	
6.5616573e-01	
6.5853342e-01	
6.6089461e-01	
6.6324928e-01	
6.6559740e-01	
6.6793895e-01	
6.7027391e-01	
6.7260225e-01	
6.7492395e-01	
6.7723899e-01	
6.7954734e-01	
6.8184899e-01	
6.8414390e-01	
6.8643206e-01	
6.8871344e-01	
6.9098803e-01	
6.9325579e-01	
6.9551671e-01	
6.9777077e-01	
7.0001793e-01	
7.0225819e-01	
7.0449151e-01	
7.0671788e-01	
7.0893728e-01	
7.1114967e-01	
7.1335505e-01	
7.1555338e-01	
7.1774465e-01	
7.1992883e-01	
7.2210591e-01	
7.2427586e-01	
7.2643865e-01	
7.2859428e-01	
7.3074272e-01	
7.3288394e-01	
7.3501793e-01	
7.3714466e-01	
7.3926411e-01	
7.4137627e-01	
7.4348111e-01	
7.4557861e-01	
7.4766874e-01	
7.4975150e-01	
7.5182686e-01	
7.5389480e-01	
7.5595529e-01	
7.5800832e-01	
7.6005387e-01	
7.6209191e-01	
7.6412243e-01	
7.6614541e-01	
7.6816083e-01	
7.7016866e-01	
7.7216889e-01	
7.7416150e-01	
7.7614646e-01	
7.7812377e-01	
7.8009339e-01	
7.8205531e-01	
7.8400951e-01	
7.8595598e-01	
7.8789468e-01	
7.8982560e-01	
7.9174873e-01	
7.9366405e-01	
7.9557152e-01	
7.9747115e-01	
7.9936290e-01	
8.0124676e-01	
8.0312272e-01	
8.0499074e-01	
8.0685082e-01	
8.0870293e-01	
8.1054706e-01	
8.1238319e-01	
8.1421129e-01	
8.1603137e-01	
8.1784338e-01	
8.1964732e-01	
8.2144317e-01	
8.2323092e-01	
8.2501053e-01	
8.2678200e-01	
8.2854531e-01	
8.3030044e-01	
8.3204738e-01	
8.3378610e-01	
8.3551659e-01	
8.3723883e-01	
8.3895280e-01	
8.4065850e-01	
8.4235590e-01	
8.4404498e-01	
8.4572573e-01	
8.4739813e-01	
8.4906216e-01	
8.5071782e-01	
8.5236507e-01	
8.5400391e-01	
8.5563432e-01	
8.5725629e-01	
8.5886979e-01	
8.6047482e-01	
8.6207135e-01	
8.6365936e-01	
8.6523886e-01	
8.6680981e-01	
8.6837221e-01	
8.6992603e-01	
8.7147127e-01	
8.7300790e-01	
8.7453592e-01	
8.7605530e-01	
8.7756603e-01	
8.7906811e-01	
8.8056150e-01	
8.8204620e-01	
8.8352219e-01	
8.8498947e-01	
8.8644800e-01	
8.8789779e-01	
8.8933881e-01	
8.9077105e-01	
8.9219450e-01	
8.9360914e-01	
8.9501496e-01	
8.9641194e-01	
8.9780008e-01	
8.9917935e-01	
9.0054974e-01	
9.0191125e-01	
9.0326385e-01	
9.0460754e-01	
9.0594230e-01	
9.0726811e-01	
9.0858497e-01	
9.0989285e-01	
9.1119176e-01	
9.1248167e-01	
9.1376258e-01	
9.1503446e-01	
9.1629731e-01	
9.1755111e-01	
9.1879586e-01	
9.2003154e-01	
9.2125813e-01	
9.2247563e-01	
9.2368403e-01	
9.2488331e-01	
9.2607345e-01	
9.2725446e-01	
9.2842631e-01	
9.2958899e-01	
9.3074250e-01	
9.3188683e-01	
9.3302195e-01	
9.3414786e-01	
9.3526455e-01	
9.3637201e-01	
9.3747022e-01	
9.3855918e-01	
9.3963888e-01	
9.4070930e-01	
9.4177043e-01	
9.4282227e-01	
9.4386480e-01	
9.4489801e-01	
9.4592189e-01	
9.4693644e-01	
9.4794164e-01	
9.4893748e-01	
9.4992396e-01	
9.5090105e-01	
9.5186876e-01	
9.5282707e-01	
9.5377598e-01	
9.5471547e-01	
9.5564554e-01	
9.5656617e-01	
9.5747737e-01	
9.5837910e-01	
9.5927138e-01	
9.6015419e-01	
9.6102752e-01	
9.6189137e-01	
9.6274572e-01	
9.6359056e-01	
9.6442589e-01	
9.6525170e-01	
9.6606799e-01	
9.6687473e-01	
9.6767194e-01	
9.6845959e-01	
9.6923768e-01	
9.7000620e-01	
9.7076514e-01	
9.7151451e-01	
9.7225428e-01	
9.7298446e-01	
9.7370503e-01	
9.7441598e-01	
9.7511732e-01	
9.7580904e-01	
9.7649112e-01	
9.7716356e-01	
9.7782635e-01	
9.7847950e-01	
9.7912298e-01	
9.7975680e-01	
9.8038094e-01	
9.8099541e-01	
9.8160020e-01	
9.8219529e-01	
9.8278069e-01	
9.8335639e-01	
9.8392237e-01	
9.8447865e-01	
9.8502521e-01	
9.8556204e-01	
9.8608915e-01	
9.8660652e-01	
9.8711415e-01	
9.8761204e-01	
9.8810018e-01	
9.8857856e-01	
9.8904719e-01	
9.8950605e-01	
9.8995514e-01	
9.9039447e-01	
9.9082401e-01	
9.9124377e-01	
9.9165375e-01	
9.9205394e-01	
9.9244434e-01	
9.9282494e-01	
9.9319574e-01	
9.9355673e-01	
9.9390792e-01	
9.9424929e-01	
9.9458085e-01	
9.9490259e-01	
9.9521451e-01	
9.9551661e-01	
9.9580888e-01	
9.9609132e-01	
9.9636392e-01	
9.9662669e-01	
9.9687963e-01	
9.9712272e-01	
9.9735597e-01	
9.9757937e-01	
9.9779292e-01	
9.9799663e-01	
9.9819048e-01	
9.9837448e-01	
9.9854862e-01	
9.9871291e-01	
9.9886734e-01	
9.9901191e-01	
9.9914661e-01	
9.9927145e-01	
9.9938643e-01	
9.9949155e-01	
9.9958679e-01	
9.9967217e-01	
9.9974768e-01	
9.9981332e-01	
9.9986909e-01	
9.9991499e-01	
9.9995103e-01	
9.9997718e-01	
9.9999347e-01	
9.9999989e-01	
9.9999643e-01	
9.9998311e-01	
9.9995991e-01	
9.9992684e-01	
9.9988390e-01	
9.9983109e-01	
9.9976841e-01	
9.9969586e-01	
9.9961344e-01	
9.9952116e-01	
9.9941900e-01	
9.9930698e-01	
9.9918510e-01	
9.9905335e-01	
9.9891174e-01	
9.9876027e-01	
9.9859895e-01	
9.9842776e-01	
9.9824672e-01	
9.9805582e-01	
9.9785507e-01	
9.9764447e-01	
9.9742402e-01	
9.9719373e-01	
9.9695359e-01	
9.9670361e-01	
9.9644379e-01	
9.9617413e-01	
9.9589464e-01	
9.9560532e-01	
9.9530617e-01	
9.9499720e-01	
9.9467841e-01	
9.9434979e-01	
9.9401136e-01	
9.9366312e-01	
9.9330506e-01	
9.9293721e-01	
9.9255955e-01	
9.9217209e-01	
9.9177484e-01	
9.9136780e-01	
9.9095097e-01	
9.9052436e-01	
9.9008797e-01	
9.8964180e-01	
9.8918587e-01	
9.8872018e-01	
9.8824472e-01	
9.8775951e-01	
9.8726454e-01	
9.8675983e-01	
9.8624538e-01	
9.8572120e-01	
9.8518728e-01	
9.8464364e-01	
9.8409028e-01	
9.8352720e-01	
9.8295442e-01	
9.8237193e-01	
9.8177974e-01	
9.8117786e-01	
9.8056630e-01	
9.7994506e-01	
9.7931414e-01	
9.7867356e-01	
9.7802331e-01	
9.7736341e-01	
9.7669386e-01	
9.7601467e-01	
9.7532585e-01	
9.7462740e-01	
9.7391932e-01	
9.7320164e-01	
9.7247434e-01	
9.7173745e-01	
9.7099096e-01	
9.7023489e-01	
9.6946924e-01	
9.6869402e-01	
9.6790924e-01	
9.6711490e-01	
9.6631101e-01	
9.6549759e-01	
9.6467464e-01	
9.6384216e-01	
9.6300017e-01	
9.6214867e-01	
9.6128767e-01	
9.6041719e-01	
9.5953722e-01	
9.5864778e-01	
9.5774888e-01	
9.5684052e-01	
9.5592272e-01	
9.5499548e-01	
9.5405882e-01	
9.5311273e-01	
9.5215724e-01	
9.5119235e-01	
9.5021807e-01	
9.4923441e-01	
9.4824138e-01	
9.4723898e-01	
9.4622724e-01	
9.4520616e-01	
9.4417574e-01	
9.4313601e-01	
9.4208696e-01	
9.4102861e-01	
9.3996098e-01	
9.3888407e-01	
9.3779788e-01	
9.3670244e-01	
9.3559776e-01	
9.3448384e-01	
9.3336069e-01	
9.3222833e-01	
9.3108677e-01	
9.2993601e-01	
9.2877608e-01	
9.2760697e-01	
9.2642871e-01	
9.2524131e-01	
9.2404477e-01	
9.2283911e-01	
9.2162434e-01	
9.2040047e-01	
9.1916752e-01	
9.1792549e-01	
9.1667440e-01	
9.1541426e-01	
9.1414509e-01	
9.1286689e-01	
9.1157968e-01	
9.1028347e-01	
9.0897828e-01	
9.0766411e-01	
9.0634098e-01	
9.0500891e-01	
9.0366790e-01	
9.0231797e-01	
9.0095913e-01	
8.9959140e-01	
8.9821479e-01	
8.9682931e-01	
8.9543498e-01	
8.9403181e-01	
8.9261981e-01	
8.9119901e-01	
8.8976940e-01	
8.8833101e-01	
8.8688386e-01	
8.8542794e-01	
8.8396329e-01	
8.8248991e-01	
8.8100782e-01	
8.7951703e-01	
8.7801757e-01	
8.7650943e-01	
8.7499264e-01	
8.7346721e-01	
8.7193316e-01	
8.7039050e-01	
8.6883926e-01	
8.6727943e-01	
8.6571104e-01	
8.6413411e-01	
8.6254865e-01	
8.6095467e-01	
8.5935219e-01	
8.5774123e-01	
8.5612180e-01	
8.5449392e-01	
8.5285761e-01	
8.5121287e-01	
8.4955974e-01	
8.4789822e-01	
8.4622832e-01	
8.4455008e-01	
8.4286349e-01	
8.4116859e-01	
8.3946538e-01	
8.3775389e-01	
8.3603412e-01	
8.3430611e-01	
8.3256985e-01	
8.3082538e-01	
8.2907271e-01	
8.2731185e-01	
8.2554283e-01	
8.2376565e-01	
8.2198035e-01	
8.2018693e-01	
8.1838541e-01	
8.1657582e-01	
8.1475816e-01	
8.1293246e-01	
8.1109874e-01	
8.0925701e-01	
8.0740729e-01	
8.0554960e-01	
8.0368396e-01	
8.0181038e-01	
7.9992889e-01	
7.9803950e-01	
7.9614224e-01	
7.9423711e-01	
7.9232415e-01	
7.9040336e-01	
7.8847477e-01	
7.8653840e-01	
7.8459427e-01	
7.8264238e-01	
7.8068278e-01	
7.7871546e-01	
7.7674046e-01	
7.7475779e-01	
7.7276747e-01	
7.7076953e-01	
7.6876398e-01	
7.6675083e-01	
7.6473012e-01	
7.6270186e-01	
7.6066607e-01	
7.5862277e-01	
7.5657198e-01	
7.5451373e-01	
7.5244802e-01	
7.5037489e-01	
7.4829435e-01	
7.4620642e-01	
7.4411113e-01	
7.4200849e-01	
7.3989853e-01	
7.3778126e-01	
7.3565671e-01	
7.3352490e-01	
7.3138584e-01	
7.2923957e-01	
7.2708610e-01	
7.2492545e-01	
7.2275764e-01	
7.2058270e-01	
7.1840065e-01	
7.1621150e-01	
7.1401529e-01	
7.1181202e-01	
7.0960173e-01	
7.0738443e-01	
7.0516016e-01	
7.0292892e-01	
7.0069074e-01	
6.9844564e-01	
6.9619365e-01	
6.9393479e-01	
6.9166907e-01	
6.8939653e-01	
6.8711719e-01	
6.8483106e-01	
6.8253817e-01	
6.8023854e-01	
6.7793220e-01	
6.7561916e-01	
6.7329946e-01	
6.7097311e-01	
6.6864013e-01	
6.6630056e-01	
6.6395441e-01	
6.6160170e-01	
6.5924246e-01	
6.5687672e-01	
6.5450449e-01	
6.5212580e-01	
6.4974067e-01	
6.4734913e-01	
6.4495119e-01	
6.4254689e-01	
6.4013625e-01	
6.3771929e-01	
6.3529603e-01	
6.3286651e-01	
6.3043073e-01	
6.2798873e-01	
6.2554053e-01	
6.2308616e-01	
6.2062564e-01	
6.1815899e-01	
6.1568623e-01	
6.1320740e-01	
6.1072252e-01	
6.0823161e-01	
6.0573469e-01	
6.0323179e-01	
6.0072294e-01	
5.9820816e-01	
5.9568748e-01	
5.9316091e-01	
5.9062849e-01	
5.8809023e-01	
5.8554618e-01	
5.8299634e-01	
5.8044074e-01	
5.7787942e-01	
5.7531239e-01	
5.7273969e-01	
5.7016132e-01	
5.6757733e-01	
5.6498774e-01	
5.6239257e-01	
5.5979185e-01	
5.5718560e-01	
5.5457386e-01	
5.5195664e-01	
5.4933396e-01	
5.4670587e-01	
5.4407238e-01	
5.4143352e-01	
5.3878931e-01	
5.3613979e-01	
5.3348497e-01	
5.3082489e-01	
5.2815956e-01	
5.2548903e-01	
5.2281330e-01	
5.2013242e-01	
5.1744640e-01	
5.1475527e-01	
5.1205906e-01	
5.0935779e-01	
5.0665150e-01	
5.0394021e-01	
5.0122394e-01	
4.9850272e-01	
4.9577658e-01	
4.9304555e-01	
4.9030965e-01	
4.8756891e-01	
4.8482336e-01	
4.8207302e-01	
4.7931792e-01	
4.7655810e-01	
4.7379356e-01	
4.7102435e-01	
4.6825049e-01	
4.6547201e-01	
4.6268893e-01	
4.5990129e-01	
4.5710910e-01	
4.5431241e-01	
4.5151123e-01	
4.4870559e-01	
4.4589552e-01	
4.4308105e-01	
4.4026221e-01	
4.3743902e-01	
4.3461151e-01	
4.3177971e-01	
4.2894365e-01	
4.2610335e-01	
4.2325885e-01	
4.2041017e-01	
4.1755734e-01	
4.1470039e-01	
4.1183934e-01	
4.0897423e-01	
4.0610509e-01	
4.0323193e-01	
4.0035479e-01	
3.9747370e-01	
3.9458869e-01	
3.9169978e-01	
3.8880700e-01	
3.8591039e-01	
3.8300997e-01	
3.8010576e-01	
3.7719781e-01	
3.7428613e-01	
3.7137075e-01	
3.6845171e-01	
3.6552903e-01	
3.6260275e-01	
3.5967288e-01	
3.5673947e-01	
3.5380253e-01	
3.5086210e-01	
3.4791821e-01	
3.4497088e-01	
3.4202014e-01	
3.3906603e-01	
3.3610858e-01	
3.3314780e-01	
3.3018374e-01	
3.2721641e-01	
3.2424586e-01	
3.2127211e-01	
3.1829518e-01	
3.1531511e-01	
3.1233193e-01	
3.0934567e-01	
3.0635635e-01	
3.0336401e-01	
3.0036868e-01	
2.9737037e-01	
2.9436914e-01	
2.9136500e-01	
2.8835798e-01	
2.8534811e-01	
2.8233543e-01	
2.7931996e-01	
2.7630173e-01	
2.7328078e-01	
2.7025713e-01	
2.6723081e-01	
2.6420185e-01	
2.6117028e-01	
2.5813614e-01	
2.5509945e-01	
2.5206024e-01	
2.4901854e-01	
2.4597438e-01	
2.4292780e-01	
2.3987881e-01	
2.3682746e-01	
2.3377377e-01	
2.3071778e-01	
2.2765950e-01	
2.2459898e-01	
2.2153624e-01	
2.1847132e-01	
2.1540423e-01	
2.1233503e-01	
2.0926372e-01	
2.0619035e-01	
2.0311494e-01	
2.0003753e-01	
1.9695815e-01	
1.9387682e-01	
1.9079357e-01	
1.8770845e-01	
1.8462147e-01	
1.8153266e-01	
1.7844207e-01	
1.7534971e-01	
1.7225563e-01	
1.6915984e-01	
1.6606238e-01	
1.6296328e-01	
1.5986258e-01	
1.5676030e-01	
1.5365646e-01	
1.5055112e-01	
1.4744428e-01	
1.4433599e-01	
1.4122628e-01	
1.3811517e-01	
1.3500270e-01	
1.3188889e-01	
1.2877379e-01	
1.2565741e-01	
1.2253979e-01	
1.1942096e-01	
1.1630096e-01	
1.1317980e-01	
1.1005753e-01	
1.0693417e-01	
1.0380976e-01	
1.0068432e-01	
9.7557884e-02	
9.4430489e-02	
9.1302161e-02	
8.8172931e-02	
8.5042831e-02	
8.1911892e-02	
7.8780144e-02	
7.5647619e-02	
7.2514347e-02	
6.9380358e-02	
6.6245685e-02	
6.3110358e-02	
5.9974408e-02	
5.6837866e-02	
5.3700763e-02	
5.0563130e-02	
4.7424998e-02	
4.4286397e-02	
4.1147360e-02	
3.8007916e-02	
3.4868097e-02	
3.1727933e-02	
2.8587457e-02	
2.5446698e-02	
2.2305689e-02	
1.9164458e-02	
1.6023039e-02	
1.2881462e-02	
9.7397572e-03	
6.5979565e-03	
3.4560906e-03	
3.1419068e-04	
-2.8277124e-03	
-5.9695875e-03	
-9.1114038e-03	
-1.2253130e-02	
-1.5394735e-02	
-1.8536189e-02	
-2.1677459e-02	
-2.4818515e-02	
-2.7959327e-02	
-3.1099862e-02	
-3.4240091e-02	
-3.7379981e-02	
-4.0519502e-02	
-4.3658624e-02	
-4.6797314e-02	
-4.9935543e-02	
-5.3073278e-02	
-5.6210490e-02	
-5.9347146e-02	
-6.2483217e-02	
-6.5618671e-02	
-6.8753478e-02	
-7.1887605e-02	
-7.5021023e-02	
-7.8153700e-02	
-8.1285606e-02	
-8.4416710e-02	
-8.7546980e-02	
-9.0676386e-02	
-9.3804897e-02	
-9.6932481e-02	
-1.0005911e-01	
-1.0318475e-01	
-1.0630937e-01	
-1.0943294e-01	
-1.1255543e-01	
-1.1567682e-01	
-1.1879705e-01	
-1.2191612e-01	
-1.2503398e-01	
-1.2815061e-01	
-1.3126597e-01	
-1.3438004e-01	
-1.3749278e-01	
-1.4060417e-01	
-1.4371416e-01	
-1.4682274e-01	
-1.4992987e-01	
-1.5303551e-01	
-1.5613965e-01	
-1.5924225e-01	
-1.6234327e-01	
-1.6544269e-01	
-1.6854048e-01	
-1.7163660e-01	
-1.7473103e-01	
-1.7782374e-01	
-1.8091469e-01	
-1.8400385e-01	
-1.8709120e-01	
-1.9017670e-01	
-1.9326032e-01	
-1.9634204e-01	
-1.9942181e-01	
-2.0249962e-01	
-2.0557543e-01	
-2.0864921e-01	
-2.1172093e-01	
-2.1479056e-01	
-2.1785807e-01	
-2.2092343e-01	
-2.2398661e-01	
-2.2704758e-01	
-2.3010630e-01	
-2.3316276e-01	
-2.3621691e-01	
-2.3926873e-01	
-2.4231819e-01	
-2.4536526e-01	
-2.4840990e-01	
-2.5145210e-01	
-2.5449181e-01	
-2.5752900e-01	
-2.6056366e-01	
-2.6359574e-01	
-2.6662523e-01	
-2.6965208e-01	
-2.7267626e-01	
-2.7569776e-01	
-2.7871653e-01	
-2.8173256e-01	
-2.8474580e-01	
-2.8775623e-01	
-2.9076382e-01	
-2.9376854e-01	
-2.9677036e-01	
-2.9976925e-01	
-3.0276518e-01	
-3.0575813e-01	
-3.0874805e-01	
-3.1173493e-01	
-3.1471873e-01	
-3.1769942e-01	
-3.2067697e-01	
-3.2365137e-01	
-3.2662256e-01	
-3.2959053e-01	
-3.3255525e-01	
-3.3551669e-01	
-3.3847481e-01	
-3.4142959e-01	
-3.4438100e-01	
-3.4732901e-01	
-3.5027360e-01	
-3.5321472e-01	
-3.5615236e-01	
-3.5908648e-01	
-3.6201706e-01	
-3.6494407e-01	
-3.6786747e-01	
-3.7078724e-01	
-3.7370335e-01	
-3.7661577e-01	
-3.7952447e-01	
-3.8242943e-01	
-3.8533061e-01	
-3.8822799e-01	
-3.9112153e-01	
-3.9401122e-01	
-3.9689701e-01	
-3.9977889e-01	
-4.0265682e-01	
-4.0553077e-01	
-4.0840073e-01	
-4.1126665e-01	
-4.1412851e-01	
-4.1698628e-01	
-4.1983994e-01	
-4.2268945e-01	
-4.2553479e-01	
-4.2837593e-01	
-4.3121284e-01	
-4.3404549e-01	
-4.3687386e-01	
-4.3969791e-01	
-4.4251763e-01	
-4.4533298e-01	
-4.4814393e-01	
-4.5095045e-01	
-4.5375253e-01	
-4.5655013e-01	
-4.5934321e-01	
-4.6213177e-01	
-4.6491576e-01	
-4.6769517e-01	
-4.7046995e-01	
-4.7324009e-01	
-4.7600557e-01	
-4.7876634e-01	
-4.8152238e-01	
-4.8427367e-01	
-4.8702019e-01	
-4.8976189e-01	
-4.9249876e-01	
-4.9523077e-01	
-4.9795789e-01	
-5.0068009e-01	
-5.0339735e-01	
-5.0610964e-01	
-5.0881694e-01	
-5.1151921e-01	
-5.1421643e-01	
-5.1690858e-01	
-5.1959562e-01	
-5.2227754e-01	
-5.2495430e-01	
-5.2762587e-01	
-5.3029224e-01	
-5.3295338e-01	
-5.3560925e-01	
-5.3825983e-01	
-5.4090510e-01	
-5.4354504e-01	
-5.4617960e-01	
-5.4880878e-01	
-5.5143254e-01	
-5.5405085e-01	
-5.5666369e-01	
-5.5927104e-01	
-5.6187287e-01	
-5.6446915e-01	
-5.6705986e-01	
-5.6964498e-01	
-5.7222446e-01	
-5.7479830e-01	
-5.7736647e-01	
-5.7992894e-01	
-5.8248568e-01	
-5.8503667e-01	
-5.8758189e-01	
-5.9012130e-01	
-5.9265489e-01	
-5.9518263e-01	
-5.9770450e-01	
-6.0022046e-01	
-6.0273050e-01	
-6.0523459e-01	
-6.0773270e-01	
-6.1022482e-01	
-6.1271091e-01	
-6.1519095e-01	
-6.1766492e-01	
-6.2013280e-01	
-6.2259455e-01	
-6.2505015e-01	
-6.2749959e-01	
-6.2994283e-01	
-6.3237985e-01	
-6.3481063e-01	
-6.3723514e-01	
-6.3965336e-01	
-6.4206527e-01	
-6.4447084e-01	
-6.4687005e-01	
-6.4926287e-01	
-6.5164928e-01	
-6.5402926e-01	
-6.5640279e-01	
-6.5876983e-01	
-6.6113037e-01	
-6.6348439e-01	
-6.6583185e-01	
-6.6817275e-01	
-6.7050704e-01	
-6.7283472e-01	
-6.7515575e-01	
-6.7747013e-01	
-6.7977781e-01	
-6.8207878e-01	
-6.8437302e-01	
-6.8666050e-01	
-6.8894121e-01	
-6.9121511e-01	
-6.9348219e-01	
-6.9574243e-01	
-6.9799579e-01	
-7.0024227e-01	
-7.0248183e-01	
-7.0471446e-01	
-7.0694014e-01	
-7.0915883e-01	
-7.1137052e-01	
-7.1357520e-01	
-7.1577282e-01	
-7.1796338e-01	
-7.2014686e-01	
-7.2232322e-01	
-7.2449246e-01	
-7.2665454e-01	
-7.2880945e-01	
-7.3095716e-01	
-7.3309766e-01	
-7.3523093e-01	
-7.3735693e-01	
-7.3947566e-01	
-7.4158708e-01	
-7.4369119e-01	
-7.4578795e-01	
-7.4787735e-01	
-7.4995937e-01	
-7.5203399e-01	
-7.5410118e-01	
-7.5616093e-01	
-7.5821321e-01	
-7.6025801e-01	
-7.6229530e-01	
-7.6432507e-01	
-7.6634729e-01	
-7.6836195e-01	
-7.7036903e-01	
-7.7236850e-01	
-7.7436034e-01	
-7.7634454e-01	
-7.7832108e-01	
-7.8028993e-01	
-7.8225108e-01	
-7.8420451e-01	
-7.8615019e-01	
-7.8808812e-01	
-7.9001827e-01	
-7.9194062e-01	
-7.9385515e-01	
-7.9576184e-01	
-7.9766068e-01	
-7.9955164e-01	
-8.0143471e-01	
-8.0330987e-01	
-8.0517710e-01	
-8.0703639e-01	
-8.0888770e-01	
-8.1073103e-01	
-8.1256636e-01	
-8.1439366e-01	
-8.1621293e-01	
-8.1802414e-01	
-8.1982727e-01	
-8.2162231e-01	
-8.2340924e-01	
-8.2518804e-01	
-8.2695870e-01	
-8.2872119e-01	
-8.3047550e-01	
-8.3222162e-01	
-8.3395952e-01	
-8.3568918e-01	
-8.3741060e-01	
-8.3912375e-01	
-8.4082861e-01	
-8.4252518e-01	
-8.4421343e-01	
-8.4589334e-01	
-8.4756491e-01	
-8.4922810e-01	
-8.5088292e-01	
-8.5252933e-01	
-8.5416733e-01	
-8.5579690e-01	
-8.5741802e-01	
-8.5903068e-01	
-8.6063485e-01	
-8.6223053e-01	
-8.6381770e-01	
-8.6539634e-01	
-8.6696644e-01	
-8.6852798e-01	
-8.7008094e-01	
-8.7162532e-01	
-8.7316109e-01	
-8.7468824e-01	
-8.7620676e-01	
-8.7771663e-01	
-8.7921784e-01	
-8.8071036e-01	
-8.8219419e-01	
-8.8366931e-01	
-8.8513571e-01	
-8.8659337e-01	
-8.8804228e-01	
-8.8948243e-01	
-8.9091379e-01	
-8.9233636e-01	
-8.9375012e-01	
-8.9515505e-01	
-8.9655115e-01	
-8.9793840e-01	
-8.9931679e-01	
-9.0068630e-01	
-9.0204691e-01	
-9.0339862e-01	
-9.0474142e-01	
-9.0607528e-01	
-9.0740020e-01	
-9.0871616e-01	
-9.1002315e-01	
-9.1132116e-01	
-9.1261017e-01	
-9.1389017e-01	
-9.1516115e-01	
-9.1642310e-01	
-9.1767600e-01	
-9.1891984e-01	
-9.2015461e-01	
-9.2138029e-01	
-9.2259688e-01	
-9.2380437e-01	
-9.2500273e-01	
-9.2619196e-01	
-9.2737205e-01	
-9.2854299e-01	
-9.2970476e-01	
-9.3085735e-01	
-9.3200075e-01	
-9.3313495e-01	
-9.3425994e-01	
-9.3537571e-01	
-9.3648225e-01	
-9.3757954e-01	
-9.3866757e-01	
-9.3974634e-01	
-9.4081583e-01	
-9.4187603e-01	
-9.4292694e-01	
-9.4396854e-01	
-9.4500082e-01	
-9.4602377e-01	
-9.4703738e-01	
-9.4804165e-01	
-9.4903655e-01	
-9.5002209e-01	
-9.5099825e-01	
-9.5196502e-01	
-9.5292239e-01	
-9.5387035e-01	
-9.5480890e-01	
-9.5573803e-01	
-9.5665772e-01	
-9.5756797e-01	
-9.5846876e-01	
-9.5936009e-01	
-9.6024195e-01	
-9.6111433e-01	
-9.6197723e-01	
-9.6283063e-01	
-9.6367452e-01	
-9.6450890e-01	
-9.6533376e-01	
-9.6614909e-01	
-9.6695488e-01	
-9.6775113e-01	
-9.6853783e-01	
-9.6931496e-01	
-9.7008252e-01	
-9.7084051e-01	
-9.7158892e-01	
-9.7232773e-01	
-9.7305695e-01	
-9.7377655e-01	
-9.7448655e-01	
-9.7518693e-01	
-9.7587768e-01	
-9.7655880e-01	
-9.7723027e-01	
-9.7789210e-01	
-9.7854428e-01	
-9.7918680e-01	
-9.7981965e-01	
-9.8044283e-01	
-9.8105633e-01	
-9.8166014e-01	
-9.8225427e-01	
-9.8283869e-01	
-9.8341342e-01	
-9.8397844e-01	
-9.8453374e-01	
-9.8507933e-01	
-9.8561519e-01	
-9.8614133e-01	
-9.8665772e-01	
-9.8716438e-01	
-9.8766129e-01	
-9.8814846e-01	
-9.8862586e-01	
-9.8909351e-01	
-9.8955140e-01	
-9.8999952e-01	
-9.9043786e-01	
-9.9086643e-01	
-9.9128521e-01	
-9.9169421e-01	
-9.9209342e-01	
-9.9248284e-01	
-9.9286246e-01	
-9.9323228e-01	
-9.9359229e-01	
-9.9394250e-01	
-9.9428289e-01	
-9.9461347e-01	
-9.9493423e-01	
-9.9524517e-01	
-9.9554628e-01	
-9.9583757e-01	
-9.9611902e-01	
-9.9639064e-01	
-9.9665243e-01	
-9.9690438e-01	
-9.9714649e-01	
-9.9737875e-01	
-9.9760117e-01	
-9.9781374e-01	
-9.9801646e-01	
-9.9820932e-01	
-9.9839234e-01	
-9.9856550e-01	
-9.9872880e-01	
-9.9888224e-01	
-9.9902582e-01	
-9.9915954e-01	
-9.9928340e-01	
-9.9939739e-01	
-9.9950151e-01	
-9.9959577e-01	
-9.9968017e-01	
-9.9975469e-01	
-9.9981934e-01	
-9.9987413e-01	
-9.9991904e-01	
-9.9995409e-01	
-9.9997926e-01	
-9.9999456e-01	
-9.9999999e-01	
-9.9999555e-01	
-9.9998123e-01	
-9.9995705e-01	
-9.9992299e-01	
-9.9987906e-01	
-9.9982527e-01	
-9.9976160e-01	
-9.9968806e-01	
-9.9960466e-01	
-9.9951138e-01	
-9.9940824e-01	
-9.9929524e-01	
-9.9917237e-01	
-9.9903964e-01	
-9.9889704e-01	
-9.9874459e-01	
-9.9858227e-01	
-9.9841010e-01	
-9.9822807e-01	
-9.9803619e-01	
-9.9783445e-01	
-9.9762287e-01	
-9.9740143e-01	
-9.9717015e-01	
-9.9692903e-01	
-9.9667807e-01	
-9.9641727e-01	
-9.9614663e-01	
-9.9586615e-01	
-9.9557585e-01	
-9.9527572e-01	
-9.9496576e-01	
-9.9464599e-01	
-9.9431639e-01	
-9.9397698e-01	
-9.9362775e-01	
-9.9326872e-01	
-9.9289988e-01	
-9.9252124e-01	
-9.9213281e-01	
-9.9173457e-01	
-9.9132655e-01	
-9.9090875e-01	
-9.9048116e-01	
-9.9004379e-01	
-9.8959665e-01	
-9.8913974e-01	
-9.8867307e-01	
-9.8819664e-01	
-9.8771045e-01	
-9.8721451e-01	
-9.8670883e-01	
-9.8619340e-01	
-9.8566824e-01	
-9.8513335e-01	
-9.8458874e-01	
-9.8403441e-01	
-9.8347036e-01	
-9.8289660e-01	
-9.8231315e-01	
-9.8171999e-01	
-9.8111714e-01	
-9.8050461e-01	
-9.7988240e-01	
-9.7925052e-01	
-9.7860897e-01	
-9.7795776e-01	
-9.7729689e-01	
-9.7662638e-01	
-9.7594622e-01	
-9.7525644e-01	
-9.7455702e-01	
-9.7384799e-01	
-9.7312934e-01	
-9.7240108e-01	
-9.7166323e-01	
-9.7091578e-01	
-9.7015875e-01	
-9.6939215e-01	
-9.6861597e-01	
-9.6783023e-01	
-9.6703494e-01	
-9.6623010e-01	
-9.6541572e-01	
-9.6459182e-01	
-9.6375839e-01	
-9.6291544e-01	
-9.6206300e-01	
-9.6120105e-01	
-9.6032962e-01	
-9.5944870e-01	
-9.5855832e-01	
-9.5765847e-01	
-9.5674917e-01	
-9.5583042e-01	
-9.5490224e-01	
-9.5396463e-01	
-9.5301761e-01	
-9.5206118e-01	
-9.5109534e-01	
-9.5012013e-01	
-9.4913553e-01	
-9.4814156e-01	
-9.4713823e-01	
-9.4612555e-01	
-9.4510353e-01	
-9.4407219e-01	
-9.4303152e-01	
-9.4198154e-01	
-9.4092227e-01	
-9.3985371e-01	
-9.3877586e-01	
-9.3768876e-01	
-9.3659239e-01	
-9.3548678e-01	
-9.3437194e-01	
-9.3324787e-01	
-9.3211459e-01	
-9.3097210e-01	
-9.2982043e-01	
-9.2865958e-01	
-9.2748956e-01	
-9.2631038e-01	
-9.2512207e-01	
-9.2392461e-01	
-9.2271804e-01	
-9.2150236e-01	
-9.2027758e-01	
-9.1904372e-01	
-9.1780079e-01	
-9.1654879e-01	
-9.1528775e-01	
-9.1401767e-01	
-9.1273857e-01	
-9.1145046e-01	
-9.1015335e-01	
-9.0884726e-01	
-9.0753220e-01	
-9.0620817e-01	
-9.0487521e-01	
-9.0353330e-01	
-9.0218248e-01	
-9.0082276e-01	
-8.9945414e-01	
-8.9807664e-01	
-8.9669028e-01	
-8.9529506e-01	
-8.9389101e-01	
-8.9247813e-01	
-8.9105644e-01	
-8.8962596e-01	
-8.8818669e-01	
-8.8673866e-01	
-8.8528187e-01	
-8.8381635e-01	
-8.8234210e-01	
-8.8085913e-01	
-8.7936748e-01	
-8.7786714e-01	
-8.7635814e-01	
-8.7484048e-01	
-8.7331419e-01	
-8.7177928e-01	
-8.7023577e-01	
-8.6868366e-01	
-8.6712298e-01	
-8.6555373e-01	
-8.6397595e-01	
-8.6238963e-01	
-8.6079480e-01	
-8.5919147e-01	
-8.5757967e-01	
-8.5595939e-01	
-8.5433067e-01	
-8.5269351e-01	
-8.5104794e-01	
-8.4939396e-01	
-8.4773160e-01	
-8.4606087e-01	
-8.4438179e-01	
-8.4269438e-01	
-8.4099864e-01	
-8.3929461e-01	
-8.3758228e-01	
-8.3586169e-01	
-8.3413285e-01	
-8.3239578e-01	
-8.3065048e-01	
-8.2889699e-01	
-8.2713532e-01	
-8.2536548e-01	
-8.2358749e-01	
-8.2180137e-01	
-8.2000714e-01	
-8.1820482e-01	
-8.1639441e-01	
-8.1457595e-01	
-8.1274945e-01	
-8.1091492e-01	
-8.0907239e-01	
-8.0722188e-01	
-8.0536339e-01	
-8.0349695e-01	
-8.0162259e-01	
-7.9974031e-01	
-7.9785013e-01	
-7.9595208e-01	
-7.9404617e-01	
-7.9213242e-01	
-7.9021085e-01	
-7.8828149e-01	
-7.8634434e-01	
-7.8439943e-01	
-7.8244677e-01	
-7.8048639e-01	
-7.7851831e-01	
-7.7654254e-01	
-7.7455910e-01	
-7.7256802e-01	
-7.7056932e-01	
-7.6856300e-01	
-7.6654910e-01	
-7.6452763e-01	
-7.6249862e-01	
-7.6046208e-01	
-7.5841803e-01	
-7.5636649e-01	
-7.5430749e-01	
-7.5224104e-01	
-7.5016717e-01	
-7.4808589e-01	
-7.4599722e-01	
-7.4390119e-01	
-7.4179782e-01	
-7.3968713e-01	
-7.3756913e-01	
-7.3544385e-01	
-7.3331132e-01	
-7.3117154e-01	
-7.2902455e-01	
-7.2687035e-01	
-7.2470899e-01	
-7.2254047e-01	
-7.2036482e-01	
-7.1818205e-01	
-7.1599220e-01	
-7.1379528e-01	
-7.1159131e-01	
-7.0938032e-01	
-7.0716232e-01	
-7.0493734e-01	
-7.0270541e-01	
-7.0046654e-01	
-6.9822075e-01	
-6.9596807e-01	
-6.9370852e-01	
-6.9144213e-01	
-6.8916890e-01	
-6.8688888e-01	
-6.8460207e-01	
-6.8230851e-01	
-6.8000821e-01	
-6.7770119e-01	
-6.7538749e-01	
-6.7306712e-01	
-6.7074011e-01	
-6.6840647e-01	
-6.6606624e-01	
-6.6371943e-01	
-6.6136607e-01	
-6.5900618e-01	
-6.5663979e-01	
-6.5426691e-01	
-6.5188757e-01	
-6.4950180e-01	
-6.4710962e-01	
-6.4471105e-01	
-6.4230611e-01	
-6.3989484e-01	
-6.3747725e-01	
-6.3505336e-01	
-6.3262321e-01	
-6.3018681e-01	
-6.2774419e-01	
-6.2529537e-01	
-6.2284038e-01	
-6.2037925e-01	
-6.1791199e-01	
-6.1543862e-01	
-6.1295919e-01	
-6.1047370e-01	
-6.0798218e-01	
-6.0548467e-01	
-6.0298118e-01	
-6.0047173e-01	
-5.9795636e-01	
-5.9543508e-01	
-5.9290793e-01	
-5.9037492e-01	
-5.8783609e-01	
-5.8529145e-01	
-5.8274104e-01	
-5.8018487e-01	
-5.7762297e-01	
-5.7505538e-01	
-5.7248210e-01	
-5.6990318e-01	
-5.6731863e-01	
-5.6472848e-01	
-5.6213275e-01	
-5.5953148e-01	
-5.5692468e-01	
-5.5431238e-01	
-5.5169461e-01	
-5.4907140e-01	
-5.4644276e-01	
-5.4380874e-01	
-5.4116934e-01	
-5.3852460e-01	
-5.3587454e-01	
-5.3321920e-01	
-5.3055859e-01	
-5.2789274e-01	
-5.2522169e-01	
-5.2254544e-01	
-5.1986404e-01	
-5.1717751e-01	
-5.1448587e-01	
-5.1178916e-01	
-5.0908739e-01	
-5.0638060e-01	
-5.0366880e-01	
-5.0095204e-01	
-4.9823033e-01	
-4.9550370e-01	
-4.9277218e-01	
-4.9003579e-01	
-4.8729457e-01	
-4.8454854e-01	
-4.8179773e-01	
-4.7904215e-01	
-4.7628185e-01	
-4.7351685e-01	
-4.7074718e-01	
-4.6797285e-01	
-4.6519391e-01	
-4.6241037e-01	
-4.5962227e-01	
-4.5682964e-01	
-4.5403249e-01	
-4.5123086e-01	
-4.4842478e-01	
-4.4561427e-01	
-4.4279936e-01	
-4.3998008e-01	
-4.3715646e-01	
-4.3432852e-01	
-4.3149629e-01	
-4.2865981e-01	
-4.2581909e-01	
-4.2297417e-01	
-4.2012508e-01	
-4.1727183e-01	
-4.1441447e-01	
-4.1155302e-01	
-4.0868750e-01	
-4.0581795e-01	
-4.0294439e-01	
-4.0006686e-01	
-3.9718538e-01	
-3.9429997e-01	
-3.9141067e-01	
-3.8851751e-01	
-3.8562052e-01	
-3.8271972e-01	
-3.7981514e-01	
-3.7690681e-01	
-3.7399476e-01	
-3.7107901e-01	
-3.6815961e-01	
-3.6523657e-01	
-3.6230992e-01	
-3.5937970e-01	
-3.5644593e-01	
-3.5350864e-01	
-3.5056787e-01	
-3.4762363e-01	
-3.4467596e-01	
-3.4172488e-01	
-3.3877044e-01	
-3.3581265e-01	
-3.3285154e-01	
-3.2988715e-01	
-3.2691950e-01	
-3.2394863e-01	
-3.2097456e-01	
-3.1799732e-01	
-3.1501694e-01	
-3.1203345e-01	
-3.0904688e-01	
-3.0605725e-01	
-3.0306461e-01	
-3.0006898e-01	
-2.9707038e-01	
-2.9406885e-01	
-2.9106442e-01	
-2.8805712e-01	
-2.8504697e-01	
-2.8203401e-01	
-2.7901826e-01	
-2.7599976e-01	
-2.7297853e-01	
-2.6995461e-01	
-2.6692803e-01	
-2.6389881e-01	
-2.6086698e-01	
-2.5783258e-01	
-2.5479564e-01	
-2.5175618e-01	
-2.4871423e-01	
-2.4566983e-01	
-2.4262301e-01	
-2.3957378e-01	
-2.3652220e-01	
-2.3346828e-01	
-2.3041205e-01	
-2.2735355e-01	
-2.2429281e-01	
-2.2122985e-01	
-2.1816471e-01	
-2.1509741e-01	
-2.1202799e-01	
-2.0895648e-01	
-2.0588290e-01	
-2.0280729e-01	
-1.9972968e-01	
-1.9665010e-01	
-1.9356858e-01	
-1.9048515e-01	
-1.8739983e-01	
-1.8431267e-01	
-1.8122368e-01	
-1.7813291e-01	
-1.7504038e-01	
-1.7194612e-01	
-1.6885017e-01	
-1.6575254e-01	
-1.6265329e-01	
-1.5955242e-01	
-1.5644998e-01	
-1.5334600e-01	
-1.5024050e-01	
-1.4713352e-01	
-1.4402508e-01	
-1.4091523e-01	
-1.3780398e-01	
-1.3469138e-01	
-1.3157744e-01	
-1.2846221e-01	
-1.2534570e-01	
-1.2222796e-01	
-1.1910901e-01	
-1.1598889e-01	
-1.1286762e-01	
-1.0974524e-01	
-1.0662178e-01	
-1.0349726e-01	
-1.0037172e-01	
-9.7245188e-02	
-9.4117697e-02	
-9.0989278e-02	
-8.7859960e-02	
-8.4729775e-02	
-8.1598753e-02	
-7.8466926e-02	
-7.5334325e-02	
-7.2200979e-02	
-6.9066921e-02	
-6.5932182e-02	
-6.2796791e-02	
-5.9660780e-02	
-5.6524181e-02	
-5.3387023e-02	
-5.0249339e-02	
-4.7111158e-02	
-4.3972513e-02	
-4.0833433e-02	
-3.7693950e-02	
-3.4554095e-02	
-3.1413899e-02	
-2.8273393e-02	
-2.5132608e-02	
-2.1991575e-02	
-1.8850325e-02	
-1.5708888e-02	
-1.2567297e-02	
-9.4255810e-03	
-6.2837723e-03	
-3.1419017e-03	
-1.2246468e-15	
